reg,hex,operator,operator_legal,category,permit_no,permit_valid_until,model,type_icao,type_manufacturer,type_name,wing,seats,seats_raw,role,source_file,source_as_on,first_seen,registered_on,msn,year_of_manufacture,owner,lessor
VT-AAT,8001C5,Reliance Transport & Travels,Reliance Transport & Travels Pvt. Ltd.,non-scheduled,#03/2000,2028-09-27,FALCON2000,F2TH,Dassault,Dassault Falcon 2000,FW,10,10,passenger,ns-oper.pdf,2026-08-31,2019-03-31,2010-09-13,,,M/S ORANGE LEASING LIMITED,M/S INVESTEC IRELAND LIMITED
VT-AAZ,801530,Quikjet Cargo,Quikjet Cargo Airlines Pvt. Ltd.,scheduled,S-34,2027-12-11,B737-800 (Freighter),B738,Boeing,Boeing 737-800,FW,,Cargo,cargo,sch-oper.pdf,2026-08-31,2023-01-31,2022-11-02,30643,2002,MAM Aircraft Leasing 30643 Ireland Designated Activity Company,ASL Aviation Holdings DAC
VT-ACD,8003C9,Target Air Services,Target Air Services Pvt. Ltd.,non-scheduled,#14/2023,2028-12-20,BEECH SUPER KING AIR B-300 (350),B350,Beechcraft,Beechcraft King Air 350,FW,9,9,passenger,ns-oper.pdf,2026-08-31,2007-01-11,2018-08-03,FL-465,2005,M/S QUANTUM INVESTMENTS LTD,M/S QUANTUM INVESTMENTS LTD
VT-ACG,800578,Aurea Aviation,Aurea Aviation Private Limited,non-scheduled,#06/2026,2031-03-29,PC-12/45,PC12,Pilatus,Pilatus PC-12,FW,6,6,passenger,ns-oper.pdf,2026-08-31,2010-06-30,,,,,
VT-AEM,8015A5,Air India,Air India Ltd.,scheduled,S-9,2028-06-30,B777-300 ER,B77W,Boeing,Boeing 777-300ER,FW,342,342,passenger,sch-oper.pdf,2026-08-31,2024-06-10,2024-01-25,39686,2012,AI FLEET SERVICES IFSC LIMITED,SAME AS OWNER
VT-AEN,8015A8,Air India,Air India Ltd.,scheduled,S-9,2028-06-30,B777-300 ER,B77W,Boeing,Boeing 777-300ER,FW,342,342,passenger,sch-oper.pdf,2026-08-31,2024-06-10,2024-02-08,39687,2012,AI FLEET SERVICES IFSC LIMITED,SAME AS OWNER
VT-AEO,80159E,Air India,Air India Ltd.,scheduled,S-9,2028-06-30,B777-300 ER,B77W,Boeing,Boeing 777-300ER,FW,342,342,passenger,sch-oper.pdf,2026-08-31,2024-06-10,2024-02-28,39688,2013,AI FLEET SERVICES IFSC LIMITED,SAME AS OWNER
VT-AEP,80159F,Air India,Air India Ltd.,scheduled,S-9,2028-06-30,B777-300 ER,B77W,Boeing,Boeing 777-300ER,FW,342,342,passenger,sch-oper.pdf,2026-08-31,2024-06-10,2024-01-08,39689,2013,AI FLEET SERVICES IFSC LIMITED,SAME AS OWNER
VT-AEQ,8015A6,Air India,Air India Ltd.,scheduled,S-9,2028-06-30,B777-300 ER,B77W,Boeing,Boeing 777-300ER,FW,342,342,passenger,sch-oper.pdf,2026-08-31,2024-06-10,2023-11-10,39690,2013,Altitude Aircraft (777) III Limited,Altitude Aircraft (777) III Limited
VT-AER,8015A7,Air India,Air India Ltd.,scheduled,S-9,2028-06-30,B777-200 LR,B772,Boeing,Boeing 777-200LR,FW,238,238,passenger,sch-oper.pdf,2026-08-31,2024-06-10,,,,,
VT-AFJ,80188B,Afcom Holdings,Afcom Holdings Ltd.,non-scheduled,#12/2024,2029-12-11,B737-800 Freighter,B738,Boeing,Boeing 737-800,FW,,Cargo,cargo,ns-oper.pdf,2026-08-31,2026-08-31,,,,,
VT-AFL,801747,Karnavati Aviation,Karnavati Aviation Pvt. Ltd.,non-scheduled,#22/2008,2028-08-06,PC-24,PC24,Pilatus,Pilatus PC-24,FW,6,6,passenger,ns-oper.pdf,2026-08-31,2025-09-30,2024-12-31,545,2024,UDANVAT LEASING IFSC LIMITED,SAME AS OWNER
VT-AFN,80173B,Afcom Holdings,Afcom Holdings Ltd.,non-scheduled,#12/2024,2029-12-11,B737-800 Freighter,B738,Boeing,Boeing 737-800,FW,,Cargo,cargo,ns-oper.pdf,2026-08-31,2025-09-30,2025-01-06,30160,2000,FLIGHT LEASE 737 LIMITED,FLIGHT LEASE 737 LIMITED
VT-AFO,801694,Afcom Holdings,Afcom Holdings Ltd.,non-scheduled,#12/2024,2029-12-11,B737-800 Freighter,B738,Boeing,Boeing 737-800,FW,,Cargo,cargo,ns-oper.pdf,2026-08-31,2025-09-30,2024-05-22,28617,2000,FLIGHT LEASE 737 LTD,SAME AS OWNER
VT-AGH,,Pioneer Flying Academy,Pioneer Flying Academy Pvt. Ltd.,non-scheduled,#09/2015,2027-10-13,CESSNA 172S,C172,Cessna,Cessna 172,FW,3,3/Aerial Work,aerial-work,ns-oper.pdf,2026-08-31,2017-03-07,2015-10-09,172S9109,2002,M/S PIONEER FLYING ACADEMY PVT. LTD.,M/S PIONEER FLYING ACADEMY PVT. LTD.
VT-AGL,8014B9,Karnavati Aviation,Karnavati Aviation Pvt. Ltd.,non-scheduled,#22/2008,2028-08-06,Bombardier BD-700-1A10,GL5T,Bombardier,Bombardier Global 5000/5500/6000/6500,FW,13,13,passenger,ns-oper.pdf,2026-08-31,2025-09-30,2022-04-01,60053,2022,Astraeus Services IFSC Limited,Astraeus Services IFSC Limited
VT-AGP,8004C4,Deccan Charters,Deccan Charters Pvt. Ltd.,non-scheduled,#26/2008,2028-10-06,Hawker 850XP,H25B,Hawker Beechcraft,Hawker 800/850/900,FW,8,8,passenger,ns-oper.pdf,2026-08-31,2009-01-20,,,,,
VT-AHB,800184,Navdurga Aviation,Navdurga Aviation Pvt. Ltd.,non-scheduled,#15/2022,2027-12-27,CESSNA CARAVAN 208B,C208,Cessna,Cessna 208 Grand Caravan,FW,8,8,passenger,ns-oper.pdf,2026-08-31,2025-09-30,,,,,
VT-AHI,800B7E,Reliance Commercial Dealers,Reliance Commercial Dealers Ltd.,non-scheduled,#02/2008,2029-01-14,GLOBAL 6000 BD-700-1A10,GL5T,Bombardier,Bombardier Global 5000/5500/6000/6500,FW,14,14,passenger,ns-oper.pdf,2026-08-31,2015-09-01,,,,,
VT-AHM,801567,Karnavati Aviation,Karnavati Aviation Pvt. Ltd.,non-scheduled,#22/2008,2028-08-06,EMB-135BJ,E35L,Embraer,Embraer Legacy 600/650,FW,13,13,passenger,ns-oper.pdf,2026-08-31,2025-09-30,2023-05-22,14501143,2011,KARNAVATI AVIATION PRIVATE LIMITED,
VT-AII,800B52,Alliance Air,Alliance Air Aviation Ltd.,scheduled,S-8,2028-04-30,ATR72-600,AT76,ATR,ATR 72-600,FW,70,70,passenger,sch-oper.pdf,2026-08-31,2016-02-10,,,,,
VT-AIT,800B53,Alliance Air,Alliance Air Aviation Ltd.,scheduled,S-8,2028-04-30,ATR72-600,AT76,ATR,ATR 72-600,FW,70,70,passenger,sch-oper.pdf,2026-08-31,2016-02-10,,,,,
VT-AIU,800B54,Alliance Air,Alliance Air Aviation Ltd.,scheduled,S-8,2028-04-30,ATR72-600,AT76,ATR,ATR 72-600,FW,70,70,passenger,sch-oper.pdf,2026-08-31,2016-02-10,,,,,
VT-AIV,800B55,Alliance Air,Alliance Air Aviation Ltd.,scheduled,S-8,2028-04-30,ATR72-600,AT76,ATR,ATR 72-600,FW,70,70,passenger,sch-oper.pdf,2026-08-31,2016-02-10,,,,,
VT-AIW,800B56,Alliance Air,Alliance Air Aviation Ltd.,scheduled,S-8,2028-04-30,ATR72-600,AT76,ATR,ATR 72-600,FW,70,70,passenger,sch-oper.pdf,2026-08-31,2016-02-10,,,,,
VT-AIX,800B9F,Alliance Air,Alliance Air Aviation Ltd.,scheduled,S-8,2028-04-30,ATR72-600,AT76,ATR,ATR 72-600,FW,70,70,passenger,sch-oper.pdf,2026-08-31,2017-03-07,,,,,
VT-AIY,800BA0,Alliance Air,Alliance Air Aviation Ltd.,scheduled,S-8,2028-04-30,ATR72-600,AT76,ATR,ATR 72-600,FW,70,70,passenger,sch-oper.pdf,2026-08-31,2017-03-07,,,,,
VT-AIZ,800BA1,Alliance Air,Alliance Air Aviation Ltd.,scheduled,S-8,2028-04-30,ATR72-600,AT76,ATR,ATR 72-600,FW,70,70,passenger,sch-oper.pdf,2026-08-31,2017-03-07,2016-07-18,1279,2015,M/S ELIX ASSETS 7 LIMITED,M/S ELIX ASSETS 7 LIMITED
VT-AJM,80074C,Freedom Charter Services,Freedom Charter Services Pvt. Ltd.,non-scheduled,#01/2013,2029-01-28,HAWKER BEECHCRAFT 900XP,H25B,Hawker Beechcraft,Hawker 800/850/900,FW,9,9,passenger,ns-oper.pdf,2026-08-31,2013-05-02,2012-12-21,,,,
VT-AKI,801844,Reliance Commercial Dealers,Reliance Commercial Dealers Ltd.,non-scheduled,#02/2008,2029-01-14,H160-B,H160,Airbus Helicopters,Airbus H160,RW,6,6,passenger,ns-oper.pdf,2026-08-31,2026-05-31,2025-12-16,1077,2025,Reliance International Leasing IFSC private Limited,Reliance International Leasing IFSC private Limited
VT-AKU,800460,Reliance Commercial Dealers,Reliance Commercial Dealers Ltd.,non-scheduled,#02/2008,2029-01-14,FALCON 900EX,F900,Dassault,Dassault Falcon 900,FW,14,14,passenger,ns-oper.pdf,2026-08-31,2009-04-30,2011-01-13,,,M/S CORP AIRCRAFT LEASING COMPANY LTD,M/S INVESTEC INTERNATIONAL LIMITED
VT-AKV,80169F,Reliance Commercial Dealers,Reliance Commercial Dealers Ltd.,non-scheduled,#02/2008,2029-01-14,B737-9,B39M,Boeing,Boeing 737-9,FW,19,19,passenger,ns-oper.pdf,2026-08-31,2025-09-30,2024-09-05,65334,2022,RELIANCE INTERNATIONAL LEASING IFSC PRIVATE LIMITED,SAME AS OWNER
VT-ALJ,8003E2,Air India,Air India Ltd.,scheduled,S-9,2028-06-30,B777-300 ER,B77W,Boeing,Boeing 777-300ER,FW,342,342,passenger,sch-oper.pdf,2026-08-31,2007-11-13,2011-02-23,,,,M/S LEINSTAR AVIATION LEASING LTD
VT-ALK,8003E3,Air India,Air India Ltd.,scheduled,S-9,2028-06-30,B777-300 ER,B77W,Boeing,Boeing 777-300ER,FW,342,342,passenger,sch-oper.pdf,2026-08-31,2007-11-13,2011-02-23,,,M/S GOLDEN STATE AIRCRAFT LLC,M/S LEINSTAR AVIATION LEASING LTD
VT-ALL,8003E4,Air India,Air India Ltd.,scheduled,S-9,2028-06-30,B777-300 ER,B77W,Boeing,Boeing 777-300ER,FW,342,342,passenger,sch-oper.pdf,2026-08-31,2008-01-31,2011-02-23,,,M/S GOLDEN STATE AIRCRAFT LLC,M/S LEINSTAR AVIATION LEASING LTD
VT-ALM,800462,Air India,Air India Ltd.,scheduled,S-9,2028-06-30,B777-300 ER,B77W,Boeing,Boeing 777-300ER,FW,342,342,passenger,sch-oper.pdf,2026-08-31,2009-01-20,2011-02-23,,,M/S FOUR LIONS AIRCRAFT LLC,M/S ULSTRE AVIATION TH LEASING LTD
VT-ALN,800463,Air India,Air India Ltd.,scheduled,S-9,2028-06-30,B777-300 ER,B77W,Boeing,Boeing 777-300ER,FW,342,342,passenger,sch-oper.pdf,2026-08-31,2009-01-20,2011-02-23,,,M/S FOUR LIONS AIRCRAFT LLC,M/S ULSTRE AVIATION LEASING LTD
VT-ALO,8004DD,Air India,Air India Ltd.,scheduled,S-9,2028-06-30,B777-300 ER,B77W,Boeing,Boeing 777-300ER,FW,342,342,passenger,sch-oper.pdf,2026-08-31,2010-06-30,2011-02-23,,,M/S KAI TING AIRCRAFT LLC,M/S MUNSTER AVIATION TH LEASING LTD
VT-ALP,8004DE,Air India,Air India Ltd.,scheduled,S-9,2028-06-30,B777-300 ER,B77W,Boeing,Boeing 777-300ER,FW,342,342,passenger,sch-oper.pdf,2026-08-31,2010-06-30,2011-02-23,,,M/S KAI TING AIRCRAFT LLC,M/S MUNSTER AVIATION TH LEASING LTD
VT-ALQ,8004DF,Air India,Air India Ltd.,scheduled,S-9,2028-06-30,B777-300 ER,B77W,Boeing,Boeing 777-300ER,FW,342,342,passenger,sch-oper.pdf,2026-08-31,2010-06-30,2011-02-23,,,M/S KAI TING AIRCRAFT LLC,M/S MUNSTER AVIATION TH LEASING LTD
VT-ALR,8004E0,Air India,Air India Ltd.,scheduled,S-9,2028-06-30,B777-300 ER,B77W,Boeing,Boeing 777-300ER,FW,342,342,passenger,sch-oper.pdf,2026-08-31,2010-06-30,2011-02-23,,,M/S KAI TING AIRCRAFT LLC,M/S MUNSTER AVIATION TH LEASING LTD
VT-ALS,800582,Air India,Air India Ltd.,scheduled,S-9,2028-06-30,B777-300 ER,B77W,Boeing,Boeing 777-300ER,FW,342,342,passenger,sch-oper.pdf,2026-08-31,2010-06-30,2010-05-03,,,NATIONAL AVIATION COMPANY OF INDIA LIMITED,
VT-ALT,800583,Air India,Air India Ltd.,scheduled,S-9,2028-06-30,B777-300 ER,B77W,Boeing,Boeing 777-300ER,FW,342,342,passenger,sch-oper.pdf,2026-08-31,2010-06-30,2010-05-26,,,,
VT-ALU,800584,Air India,Air India Ltd.,scheduled,S-9,2028-06-30,B777-300 ER,B77W,Boeing,Boeing 777-300ER,FW,342,342,passenger,sch-oper.pdf,2026-08-31,2010-10-07,2016-08-10,36319,2010,JEN KIM AIRCRAFT LLC,BOYNE AVIATION LEASING LIMITED
VT-ALX,800C3E,Air India,Air India Ltd.,scheduled,S-9,2028-06-30,B777-300 ER,B77W,Boeing,Boeing 777-300ER,FW,342,342,passenger,sch-oper.pdf,2026-08-31,2018-05-01,2018-03-12,36322,2018,AIR INDIA LIMITED,-
VT-AMG,801727,Freedom Charter Services,Freedom Charter Services Pvt. Ltd.,non-scheduled,#01/2013,2029-01-28,EMB-135BJ (LEGACY 650),E35L,Embraer,Embraer Legacy 600/650,FW,13,13,passenger,ns-oper.pdf,2026-08-31,2025-09-30,2024-10-11,14501172,2013,NATSOFT CORPORATION,SAME AS OWNER
VT-AML,8007B5,Karnavati Aviation,Karnavati Aviation Pvt. Ltd.,non-scheduled,#22/2008,2028-08-06,EMB-135BJ LEGACY 650,E35L,Embraer,Embraer Legacy 600/650,FW,13,13,passenger,ns-oper.pdf,2026-08-31,2013-05-02,2013-02-07,,,,
VT-ANA,8005EB,Air India,Air India Ltd.,scheduled,S-9,2028-06-30,B787-8,B788,Boeing,Boeing 787-8,FW,256,256,passenger,sch-oper.pdf,2026-08-31,2014-06-12,2017-04-18,36273,2014,PINNACLE STREAM LEASING COMPANY LIMITED,PINNACLE STREAM LEASING COMPANY LIMITED
VT-ANC,8005ED,Air India,Air India Ltd.,scheduled,S-9,2028-06-30,B787-8,B788,Boeing,Boeing 787-8,FW,256,256,passenger,sch-oper.pdf,2026-08-31,2016-02-10,2017-04-19,36274,2014,PINNACLE STREAM LEASING COMPANY LIMITED,PINNACLE STREAM LEASING COMPANY LIMITED
VT-AND,8005EE,Air India,Air India Ltd.,scheduled,S-9,2028-06-30,B787-8,B788,Boeing,Boeing 787-8,FW,256,256,passenger,sch-oper.pdf,2026-08-31,2006-01-20,2016-11-30,36278,2012,SUMMIT MERIDIAN AIRCRAFT LLC,SUMMIT MERIDIAN LEASING COMPANY LIMITED
VT-ANE,8005EF,Air India,Air India Ltd.,scheduled,S-9,2028-06-30,B787-8,B788,Boeing,Boeing 787-8,FW,256,256,passenger,sch-oper.pdf,2026-08-31,2014-06-12,2016-07-22,36280,2013,CELISA AIRCRAFT LC,CELISA LEASING COMPANY LIMITED
VT-ANF,8001DC,LCL Aviation,LCL Aviation Pvt. Ltd.,non-scheduled,#09/2022,2027-09-27,Beechcraft Premier 1A,PRM1,Hawker Beechcraft,Beechcraft Premier I,FW,6,6,passenger,ns-oper.pdf,2026-08-31,2013-12-05,2018-08-24,RB 128,2005,M/S VRL LOGISTICS LIMITED,-
VT-ANG,8005F0,Air India,Air India Ltd.,scheduled,S-9,2028-06-30,B787-8,B788,Boeing,Boeing 787-8,FW,256,256,passenger,sch-oper.pdf,2026-08-31,2013-12-05,2016-08-01,36275,2013,NATPAT AIRCRAFT R C,NATPAT LIMITED LEASING COMPANY
VT-ANH,8005F1,Air India,Air India Ltd.,scheduled,S-9,2028-06-30,B787-8,B788,Boeing,Boeing 787-8,FW,256,256,passenger,sch-oper.pdf,2026-08-31,2013-05-02,2016-11-30,36276,2012,SUMMIT MERIDIAN AIRCRAFT LLC,SUMMIT MERIDIAN LEASING COMPANY LIMITED
VT-ANI,8005F2,Air India,Air India Ltd.,scheduled,S-9,2028-06-30,B787-8,B788,Boeing,Boeing 787-8,FW,256,256,passenger,sch-oper.pdf,2026-08-31,2013-05-02,2016-11-30,36277,2012,SUMMIT MERIDIAN AIRCRAFT LLC,SUMMIT MERIDIAN LEASING COMPANY LIMITED
VT-ANJ,8005F3,Air India,Air India Ltd.,scheduled,S-9,2028-06-30,B787-8,B788,Boeing,Boeing 787-8,FW,256,256,passenger,sch-oper.pdf,2026-08-31,2013-05-02,2016-08-09,36281,2012,INV B87 AIRCRAFT LLC,INV B87 LEASING COMPANY LIMITED
VT-ANK,8005F4,Air India,Air India Ltd.,scheduled,S-9,2028-06-30,B787-8,B788,Boeing,Boeing 787-8,FW,256,256,passenger,sch-oper.pdf,2026-08-31,2013-05-02,2016-08-09,36282,2012,INV B87 AIRCRAFT LLC,INV B87 LEASING COMPANY LIMITED
VT-ANL,800732,Air India,Air India Ltd.,scheduled,S-9,2028-06-30,B787-8,B788,Boeing,Boeing 787-8,FW,256,256,passenger,sch-oper.pdf,2026-08-31,2013-05-02,2016-08-09,36283,2012,INV B87 AIRCRAFT LLC,INV B87 LEASING COMPANY LIMITED
VT-ANM,800733,Air India,Air India Ltd.,scheduled,S-9,2028-06-30,B787-8,B788,Boeing,Boeing 787-8,FW,256,256,passenger,sch-oper.pdf,2026-08-31,2013-09-04,2016-08-09,36284,2013,INV B87 AIRCRAFT LLC,INV B87 LEASING COMPANY LIMITED
VT-ANN,800734,Air India,Air India Ltd.,scheduled,S-9,2028-06-30,B787-8,B788,Boeing,Boeing 787-8,FW,256,256,passenger,sch-oper.pdf,2026-08-31,2013-12-05,2016-07-25,36285,2013,NATPAT AIRCRAFT LLC,NATPAT LIMITED LEASING COMPANY
VT-ANO,800735,Air India,Air India Ltd.,scheduled,S-9,2028-06-30,B787-8,B788,Boeing,Boeing 787-8,FW,256,256,passenger,sch-oper.pdf,2026-08-31,2013-12-05,2016-07-22,36286,2013,NATPAT AIRCRAFT LLC,NATPAT LEASING COMPANY LIMITED
VT-ANP,800736,Air India,Air India Ltd.,scheduled,S-9,2028-06-30,B787-8,B788,Boeing,Boeing 787-8,FW,256,256,passenger,sch-oper.pdf,2026-08-31,2014-06-12,2017-04-19,36287,2014,PINNACLE STREAM LEASING COMPANY LIMITED,PINNACLE STREAM LEASING COMPANY LIMITED
VT-ANQ,800737,Air India,Air India Ltd.,scheduled,S-9,2028-06-30,B787-8,B788,Boeing,Boeing 787-8,FW,256,256,passenger,sch-oper.pdf,2026-08-31,2016-02-10,2017-04-18,36288,2014,WILMINGTON TRUST SP SERVICES DUBLIN LIMITED,WILMINGTON TRUST SP SERVICES DUBLIN LIMITED
VT-ANR,800738,Air India,Air India Ltd.,scheduled,S-9,2028-06-30,B787-8,B788,Boeing,Boeing 787-8,FW,256,256,passenger,sch-oper.pdf,2026-08-31,2016-02-10,2017-04-19,36289,2014,WILMINGTON TRUST SP SERVICES DUBLIN LIMITED,WILMINGTON TRUST SP SERVICES DUBLIN LIMITED
VT-ANS,800739,Air India,Air India Ltd.,scheduled,S-9,2028-06-30,B787-8,B788,Boeing,Boeing 787-8,FW,256,256,passenger,sch-oper.pdf,2026-08-31,2016-02-10,2017-04-18,36290,2014,AIR INDIA LIMITED,-
VT-ANT,80073A,Air India,Air India Ltd.,scheduled,S-9,2028-06-30,B787-8,B788,Boeing,Boeing 787-8,FW,256,256,passenger,sch-oper.pdf,2026-08-31,2016-02-10,2017-04-18,36291,2015,WILMINGTON TRUST SP SERVICES DUBLIN LIMITED,WILMINGTON TRUST SP SERVICES DUBLIN LIMITED
VT-ANU,80073B,Air India,Air India Ltd.,scheduled,S-9,2028-06-30,B787-8,B788,Boeing,Boeing 787-8,FW,256,256,passenger,sch-oper.pdf,2026-08-31,2016-02-10,2017-04-19,36292,2015,M/S WILMINGTON TRUST SP SERVICES DUBLIN LIMITED,M/S WILMINGTON TRUST SP SERVICES DUBLIN LIMITED
VT-ANV,80073C,Air India,Air India Ltd.,scheduled,S-9,2028-06-30,B787-8,B788,Boeing,Boeing 787-8,FW,256,256,passenger,sch-oper.pdf,2026-08-31,2016-02-10,2017-04-19,36293,2015,WILMINGTON TRUST SP SERVICES DUBLIN LIMITED,WILMINGTON TRUST SP SERVICES DUBLIN LIMITED
VT-ANW,80073D,Air India,Air India Ltd.,scheduled,S-9,2028-06-30,B787-8,B788,Boeing,Boeing 787-8,FW,256,256,passenger,sch-oper.pdf,2026-08-31,2017-03-07,2018-02-13,36294,2016,AIR INDIA LIMITED,-
VT-ANX,80073E,Air India,Air India Ltd.,scheduled,S-9,2028-06-30,B787-8,B788,Boeing,Boeing 787-8,FW,256,256,passenger,sch-oper.pdf,2026-08-31,2017-03-07,2017-01-12,36295,2016,AIR INDIA LIMITED,-
VT-ANY,80073F,Air India,Air India Ltd.,scheduled,S-9,2028-06-30,B787-8,B788,Boeing,Boeing 787-8,FW,256,256,passenger,sch-oper.pdf,2026-08-31,2017-09-26,2017-07-18,36296,2017,AIR INDIA LIMITED,-
VT-ANZ,800740,Air India,Air India Ltd.,scheduled,S-9,2028-06-30,B787-8,B788,Boeing,Boeing 787-8,FW,256,256,passenger,sch-oper.pdf,2026-08-31,2017-09-26,2017-08-31,36297,2017,AIR INDIA LIMITED,-
VT-APL,800590,GSEC Aviation,GSEC Aviation Limited,non-scheduled,#15/2025,2030-09-21,Bombardier Challenger 605,CL60,Bombardier,Bombardier Challenger 600 series,FW,10,10,passenger,ns-oper.pdf,2026-08-31,2010-06-30,2009-11-11,,,,
VT-APV,8017A9,Karnavati Aviation,Karnavati Aviation Pvt. Ltd.,non-scheduled,#22/2008,2028-08-06,PC-24,PC24,Pilatus,Pilatus PC-24,FW,6,6,passenger,ns-oper.pdf,2026-08-31,2025-09-30,2025-06-06,564,2025,Udanvat Leasing IFSC Limited,Udanvat Leasing IFSC Limited
VT-AQL,801636,Karnavati Aviation,Karnavati Aviation Pvt. Ltd.,non-scheduled,#22/2008,2028-08-06,PC-24,PC24,Pilatus,Pilatus PC-24,FW,6,6,passenger,ns-oper.pdf,2026-08-31,2025-09-30,,,,,
VT-ARB,,Aryan Aviation,Aryan Aviation Pvt. Ltd.,non-scheduled,#13/2009,2029-04-07,BELL 407,B407,Bell,Bell 407,RW,6,6,passenger,ns-oper.pdf,2026-08-31,2025-09-30,,,,,
VT-ARC,800BBB,AR Airways,AR Airways Pvt. Ltd.,non-scheduled,#01/2005,2029-05-11,FALCON 2000,F2TH,Dassault,Dassault Falcon 2000,FW,9,9,passenger,ns-oper.pdf,2026-08-31,2016-10-10,2018-05-18,226,2005,AR AIRWAYS PVT LTD,-
VT-ARF,800B16,AR Airways,AR Airways Pvt. Ltd.,non-scheduled,#01/2005,2029-05-11,FALCON 2000,F2TH,Dassault,Dassault Falcon 2000,FW,8,8,passenger,ns-oper.pdf,2026-08-31,2015-03-26,2018-09-14,143,2001,M/S AR AIRWAYS PVT LTD,-
VT-ARL,8015DC,Karnavati Aviation,Karnavati Aviation Pvt. Ltd.,non-scheduled,#22/2008,2028-08-06,EMB-135BJ,E35L,Embraer,Embraer Legacy 600/650,FW,13,13,passenger,ns-oper.pdf,2026-08-31,2025-09-30,2023-10-08,14501168,2013,Karnavati Aviation Pvt Ltd,
VT-ARM,800CF1,AR Airways,AR Airways Pvt. Ltd.,non-scheduled,#01/2005,2029-05-11,FALCON 2000,F2TH,Dassault,Dassault Falcon 2000,FW,8,8,passenger,ns-oper.pdf,2026-08-31,2019-03-31,2018-10-26,207,2003,AR AIRWAYS PVT LTD,-
VT-ARO,800C9C,AR Airways,AR Airways Pvt. Ltd.,non-scheduled,#01/2005,2029-05-11,FALCON 2000,F2TH,Dassault,Dassault Falcon 2000,FW,12,12,passenger,ns-oper.pdf,2026-08-31,2018-05-01,,,,,
VT-ASC,,Arrow Aircrafts Sales & Charters,Arrow Aircrafts Sales & Charters Pvt. Ltd.,non-scheduled,#4/2014,2028-03-10,AS350B3,AS50,Airbus Helicopters,Airbus H125 (AS350),RW,6,6/Aerial Work,aerial-work,ns-oper.pdf,2026-08-31,2025-09-30,2019-12-31,8757,2019,"HELIWISS IBERICA SA HANGER NO-4 (LADO NORTE), AEROPUERTO DE SABADELL 08205 SAPADELL, BARCELONA, SPAIN",SAME AS OWNER
VT-ASD,801572,Arrow Aircrafts Sales & Charters,Arrow Aircrafts Sales & Charters Pvt. Ltd.,non-scheduled,#4/2014,2028-03-10,AS350B3,AS50,Airbus Helicopters,Airbus H125 (AS350),RW,6,6/Aerial Work,aerial-work,ns-oper.pdf,2026-08-31,2025-09-30,2022-12-30,9314,2022,HELISWISS IBERICA S.A,HELISWISS IBERICA S.A
VT-ASL,,Thumby Aviation,Thumby Aviation Pvt. Ltd.,non-scheduled,#02/2013,2029-03-24,BELL 412 EP,B412,Bell,Bell 412,RW,13,13,passenger,ns-oper.pdf,2026-08-31,2016-10-10,2016-01-12,36221,1998,AGNEET SKY LIMITED,AGNEET SKY LIMITED
VT-ASO,,Simm Samm Airways,Simm Samm Airways Pvt. Ltd.,non-scheduled,#14/2009,2029-04-08,SIKORSKY S-76C++,S76,Sikorsky,Sikorsky S-76,RW,12,12,passenger,ns-oper.pdf,2026-08-31,2026-05-31,,,,,
VT-ASR,801533,Reliance Commercial Dealers,Reliance Commercial Dealers Ltd.,non-scheduled,#02/2008,2029-01-14,Global 7500 BD700-2A-12,GL7T,Bombardier,Bombardier Global 7500,FW,14,14,passenger,ns-oper.pdf,2026-08-31,2025-09-30,2022-11-29,70129,2022,Reliance Commercial Dealers Limited,
VT-AST,801668,Kairamya Aviation,Kairamya Aviation Pvt. Ltd.,non-scheduled,#19/2025,2029-11-24,G-150,G150,Gulfstream,Gulfstream G150,FW,8,8,passenger,ns-oper.pdf,2026-08-31,2025-09-30,2024-04-04,295,2011,TRAVIAN FLIGHT SERVICES PVT LTD,
VT-ASU,800B7F,IIC Technologies,IIC Technologies Limited,non-scheduled,#06/2015,2029-07-09,CESSNA CARAVAN 208B,C208,Cessna,Cessna 208 Grand Caravan,FW,9,9,passenger,ns-oper.pdf,2026-08-31,2016-02-10,,,,,
VT-ATD,801403,Air India Express,Air India Express Ltd.,scheduled,S-14,2028-04-21,A320-251N,A20N,Airbus,Airbus A320neo,FW,186,186,passenger,sch-oper.pdf,2026-08-31,2023-01-31,2020-10-20,10037,2020,CELESTIAL AVIATION TRADING 36 LIMITED,CELESTIAL AVIATION TRADING 36 LIMITED
VT-ATE,801407,Air India Express,Air India Express Ltd.,scheduled,S-14,2028-04-21,A320-251N,A20N,Airbus,Airbus A320neo,FW,186,186,passenger,sch-oper.pdf,2026-08-31,2023-01-31,2020-11-26,9525,2020,M/S CELESTIAL AVIATION TRADING 36 LIMITED,M/S CELESTIAL AVIATION TRADING 36 LIMITED
VT-ATG,80140E,Air India Express,Air India Express Ltd.,scheduled,S-14,2028-04-21,A320-251N,A20N,Airbus,Airbus A320neo,FW,186,186,passenger,sch-oper.pdf,2026-08-31,2023-01-31,2020-12-09,10156,2020,M/S CELESTIAL AVIATION TRADING 36 LIMITED,M/S CELESTIAL AVIATION TRADING 36 LIMITED
VT-ATH,801435,Air India Express,Air India Express Ltd.,scheduled,S-14,2028-04-21,A320-251N,A20N,Airbus,Airbus A320neo,FW,186,186,passenger,sch-oper.pdf,2026-08-31,2023-01-31,2021-04-30,10415,2021,CELESTIAL AVIATION TRADING 14 LIMITED,CELESTIAL AVIATION TRADING 14 LIMITED
VT-ATJ,801444,Air India Express,Air India Express Ltd.,scheduled,S-14,2028-04-21,A320-251N,A20N,Airbus,Airbus A320neo,FW,186,186,passenger,sch-oper.pdf,2026-08-31,2023-01-31,,,,,
VT-ATV,800CE8,Air India,Air India Ltd.,scheduled,S-9,2028-06-30,A320-251N,A20N,Airbus,Airbus A320neo,FW,162,162,passenger,sch-oper.pdf,2026-08-31,2018-10-31,2018-08-31,8326,2018,WILMINGTON TRUST SP SERVICES DUBLIN LIMITED,WILMINGTON TRUST SP SERVICES DUBLIN LIMITED
VT-AUS,80152B,Kyathi Climate Modification Consultants,Kyathi Climate Modification Consultants LLP,non-scheduled,#04/2020,2030-12-27,Agusta A109E,A109,Leonardo,Leonardo AW109,RW,5,5,passenger,ns-oper.pdf,2026-08-31,2025-09-30,2022-09-29,11658,2006,KYATHI CLIMATE MODIFICATION CONSULTANTS LLP,
VT-AUV,800B57,SkyJets International,SkyJets International Pvt. Ltd.,non-scheduled,#05/2015,2029-07-02,BOMBARDIER CL-600-2B16 (604 VARIANT),CL60,Bombardier,Bombardier Challenger 600 series,FW,9,9,passenger,ns-oper.pdf,2026-08-31,2015-09-01,2018-06-29,5706,2006,M/S FLY BY WIRE INTERNATIONAL PVT LTD,-
VT-AVL,,Aryan Aviation,Aryan Aviation Pvt. Ltd.,non-scheduled,#13/2009,2029-04-07,STEMME S6RT,S6,Stemme,Stemme S6,FW,2,2,passenger,ns-oper.pdf,2026-08-31,2017-03-07,,,,,
VT-AVM,,Aryan Aviation,Aryan Aviation Pvt. Ltd.,non-scheduled,#13/2009,2029-04-07,STEMME S6RT,S6,Stemme,Stemme S6,FW,2,2,passenger,ns-oper.pdf,2026-08-31,2017-03-07,,,,,
VT-AVS,8005E7,Kelachandra Logistics,Kelachandra Logistics Pvt. Ltd.,non-scheduled,#04/2019,2029-06-13,EMBRAER EMB-500 (Phenom100),E50P,Embraer,Embraer Phenom 100,FW,4,4,passenger,ns-oper.pdf,2026-08-31,2011-09-30,2011-07-26,,,M/S INNOVALE INVESTMENTS Pte LTD,M/S INNOVALE INVESTMENTS Pte LTD
VT-AWA,8017F7,Air India,Air India Ltd.,scheduled,S-9,2028-06-30,B787-9,B789,Boeing,Boeing 787-9,FW,299,299,passenger,sch-oper.pdf,2026-08-31,2026-05-31,,,,,
VT-AWB,801859,Air India,Air India Ltd.,scheduled,S-9,2028-06-30,B787-9,B789,Boeing,Boeing 787-9,FW,299,299,passenger,sch-oper.pdf,2026-08-31,2026-05-31,,,,,
VT-AWC,80189D,Air India,Air India Ltd.,scheduled,S-9,2028-06-30,B787-9,B789,Boeing,Boeing 787-9,FW,299,299,passenger,sch-oper.pdf,2026-08-31,2026-08-31,,,,,
VT-AXI,800396,Air India Express,Air India Express Ltd.,scheduled,S-14,2028-04-21,B737-800,B738,Boeing,Boeing 737-800,FW,186,186,passenger,sch-oper.pdf,2026-08-31,2007-05-10,2018-12-11,36324,2006,M/S AIR INDIA EXPRESS LIMITED,-
VT-AXJ,8003B0,Air India Express,Air India Express Ltd.,scheduled,S-14,2028-04-21,B737-800,B738,Boeing,Boeing 737-800,FW,186,186,passenger,sch-oper.pdf,2026-08-31,2007-05-10,2018-11-14,36325,2006,M/S AIR INDIA EXPRESS LIMITED,-
VT-AXM,8003B1,Air India Express,Air India Express Ltd.,scheduled,S-14,2028-04-21,B737-800,B738,Boeing,Boeing 737-800,FW,186,186,passenger,sch-oper.pdf,2026-08-31,2007-05-10,,,,,
VT-AXN,8003B2,Air India Express,Air India Express Ltd.,scheduled,S-14,2028-04-21,B737-800,B738,Boeing,Boeing 737-800,FW,186,186,passenger,sch-oper.pdf,2026-08-31,2007-05-10,2018-12-12,36327,2007,M/S AIR INDIA EXPRESS LIMITED,-
VT-AXP,8003B3,Air India Express,Air India Express Ltd.,scheduled,S-14,2028-04-21,B737-800,B738,Boeing,Boeing 737-800,FW,186,186,passenger,sch-oper.pdf,2026-08-31,2007-05-10,,,,,
VT-AXQ,8003F0,Air India Express,Air India Express Ltd.,scheduled,S-14,2028-04-21,B737-800,B738,Boeing,Boeing 737-800,FW,186,186,passenger,sch-oper.pdf,2026-08-31,2007-09-26,,,,,
VT-AXR,8003F1,Air India Express,Air India Express Ltd.,scheduled,S-14,2028-04-21,B737-800,B738,Boeing,Boeing 737-800,FW,186,186,passenger,sch-oper.pdf,2026-08-31,2007-09-26,,,,,
VT-AXT,8003F2,Air India Express,Air India Express Ltd.,scheduled,S-14,2028-04-21,B737-800,B738,Boeing,Boeing 737-800,FW,186,186,passenger,sch-oper.pdf,2026-08-31,2007-09-26,,,,,
VT-AXU,8003F3,Air India Express,Air India Express Ltd.,scheduled,S-14,2028-04-21,B737-800,B738,Boeing,Boeing 737-800,FW,186,186,passenger,sch-oper.pdf,2026-08-31,2007-11-13,,,,,
VT-AXW,800448,Air India Express,Air India Express Ltd.,scheduled,S-14,2028-04-21,B737-800,B738,Boeing,Boeing 737-800,FW,186,186,passenger,sch-oper.pdf,2026-08-31,2009-01-20,2017-10-27,36334,2008,FOUR LIONS AIRCRAFT LLC,ULSTER AVIATION LEASING LTD
VT-AXX,800449,Air India Express,Air India Express Ltd.,scheduled,S-14,2028-04-21,B737-800,B738,Boeing,Boeing 737-800,FW,186,186,passenger,sch-oper.pdf,2026-08-31,2009-01-20,2017-10-26,36335,2008,FOUR LIONS AIRCRAFT LLC,ULSTER AVIATION LEASING LTD
VT-AXZ,80044A,Air India Express,Air India Express Ltd.,scheduled,S-14,2028-04-21,B737-800,B738,Boeing,Boeing 737-800,FW,186,186,passenger,sch-oper.pdf,2026-08-31,2009-04-30,2017-10-26,36336,2009,Four Lions Aircraft LLC,ULSTER AVIATION LEASING LTD
VT-AYA,80044B,Air India Express,Air India Express Ltd.,scheduled,S-14,2028-04-21,B737-800,B738,Boeing,Boeing 737-800,FW,186,186,passenger,sch-oper.pdf,2026-08-31,2009-04-30,2017-10-26,36337,2009,M/S Four Lions Aircraft LLC,M/S ULSTER AVIATION LEASING LTD
VT-AYB,80044C,Air India Express,Air India Express Ltd.,scheduled,S-14,2028-04-21,B737-800,B738,Boeing,Boeing 737-800,FW,186,186,passenger,sch-oper.pdf,2026-08-31,2010-06-30,2017-10-26,36338,2009,M/S KAI TING AIRCRAFT LLC,M/S MUNSER AVIATION LEASING LTD
VT-AYC,80044D,Air India Express,Air India Express Ltd.,scheduled,S-14,2028-04-21,B737-800,B738,Boeing,Boeing 737-800,FW,186,186,passenger,sch-oper.pdf,2026-08-31,2010-06-30,2017-10-27,36339,2009,M/S KAI TING AIRCRAFT LLC,M/S MUNSTER AVIATION LEASING LTD
VT-AYD,80044E,Air India Express,Air India Express Ltd.,scheduled,S-14,2028-04-21,B737-800,B738,Boeing,Boeing 737-800,FW,186,186,passenger,sch-oper.pdf,2026-08-31,2010-06-30,2017-10-26,36340,2009,M/S KAI TING AIRCRAFT LLC,M/S MUNSTER AVIATION LEASING LTD
VT-AYV,8005CF,Bajaj Aviation,Bajaj Aviation Pvt. Ltd.,non-scheduled,#14/2012,2028-12-10,FALCON 2000LX,F2TH,Dassault,Dassault Falcon 2000,FW,10,10,passenger,ns-oper.pdf,2026-08-31,2010-06-30,2015-10-07,153,2008,BAJAJ HINDUSTHAN SUGAR LIMITED,BAJAJ HINDUSTHAN SUGAR LIMITED
VT-AZS,,Global Vectra Helicorp,Global Vectra Helicorp Limited,non-scheduled,#08/1998,2028-04-28,BELL 412 EP,B412,Bell,Bell 412,RW,13,13,passenger,ns-oper.pdf,2026-08-31,2007-05-14,2017-12-27,36416,2006,GLOBAL VECTRA HELICORP LTD,GLOBAL VECTRA HELICORP LTD
VT-BAF,800542,VSR Ventures,VSR Ventures Pvt. Ltd.,non-scheduled,#07/2014,2028-04-20,BEECHCRAFT KING AIR B200,BE20,Beechcraft,Beechcraft King Air 200,FW,8,8,passenger,ns-oper.pdf,2026-08-31,2010-06-30,2016-04-05,BB 1939,2006,BALAJI STUDIES CONSULTANTS PVT LTD,BALAJI STUDIES CONSULTANTS PVT LTD
VT-BAS,800612,VSR Ventures,VSR Ventures Pvt. Ltd.,non-scheduled,#07/2014,2028-04-20,SKA B200,BE20,Beechcraft,Beechcraft King Air 200,FW,8,8,passenger,ns-oper.pdf,2026-08-31,2013-05-02,2010-10-27,,,,
VT-BAZ,80154E,Quikjet Cargo,Quikjet Cargo Airlines Pvt. Ltd.,scheduled,S-34,2027-12-11,B737-800 (Freighter),B738,Boeing,Boeing 737-800,FW,,Cargo,cargo,sch-oper.pdf,2026-08-31,2023-01-31,2022-12-12,28382,1999,Bryant Park Aviation 1 Limited,ASL AVIATION HOLDINGS DAC
VT-BBD,,Forum I Aviation,Forum I Aviation Pvt. Ltd.,non-scheduled,#01/2006,2029-03-20,CHALLENGER 650 CL-600-2B16,CL60,Bombardier,Bombardier Challenger 600 series,FW,10,10,passenger,ns-oper.pdf,2026-08-31,2026-08-31,,,,,
VT-BBN,80185B,Avocet Aviation,Avocet Aviation Pvt. Ltd.,non-scheduled,#10/2023,2028-11-01,Beechcraft Premier1A-390,PRM1,Hawker Beechcraft,Beechcraft Premier I,FW,6,6,passenger,ns-oper.pdf,2026-08-31,2026-05-31,2025-11-26,RB-238,2008,AVOCET AVIATION PRIVATE LIMITED,-
VT-BDA,800B45,Blue Dart Aviation,Blue Dart Aviation Ltd.,scheduled,S-13,2027-12-30,B757-200F,B752,Boeing,Boeing 757,FW,,Cargo,cargo,sch-oper.pdf,2026-08-31,2016-02-10,2014-10-20,28718,1997,DHL AVIATION NETHERLANDS BV,DHL AVIATION NETHERLANDS BV
VT-BDB,800BA9,Blue Dart Aviation,Blue Dart Aviation Ltd.,scheduled,S-13,2027-12-30,B757-200F,B752,Boeing,Boeing 757,FW,,Cargo,cargo,sch-oper.pdf,2026-08-31,2017-03-07,2016-03-21,27974,1996,DHL AVIATION NETHERLANDS BV,DHL AVIATION NETHERLANDS BV
VT-BDC,80156E,Blue Dart Aviation,Blue Dart Aviation Ltd.,scheduled,S-13,2027-12-30,B737-800 Freighter,B738,Boeing,Boeing 737-800,FW,,Cargo,cargo,sch-oper.pdf,2026-08-31,2023-06-15,2023-03-31,30474,2000,BLUE DART AVIATION LIMITED,
VT-BDD,801570,Blue Dart Aviation,Blue Dart Aviation Ltd.,scheduled,S-13,2027-12-30,B737-800 Freighter,B738,Boeing,Boeing 737-800,FW,,Cargo,cargo,sch-oper.pdf,2026-08-31,2023-06-15,2023-03-29,30475,2000,BLUe DART AVIATION LIMITED,
VT-BDM,800446,Blue Dart Aviation,Blue Dart Aviation Ltd.,scheduled,S-13,2027-12-30,B757-200F,B752,Boeing,Boeing 757,FW,,Cargo,cargo,sch-oper.pdf,2026-08-31,2007-11-13,2010-10-26,,,M/s DHL AVIATION ( NETHERLANDS) BV,M/s DHL AVIATION ( NETHERLANDS) BV
VT-BDN,8004FB,Blue Dart Aviation,Blue Dart Aviation Ltd.,scheduled,S-13,2027-12-30,B757-200F,B752,Boeing,Boeing 757,FW,,Cargo,cargo,sch-oper.pdf,2026-08-31,2009-01-20,2015-07-08,25898,1992,M/S DHL AVIATION NETHERLANDS BV,M/S DHL AVIATION NETHERLANDS BV
VT-BDO,800728,Blue Dart Aviation,Blue Dart Aviation Ltd.,scheduled,S-13,2027-12-30,B757-200F,B752,Boeing,Boeing 757,FW,,Cargo,cargo,sch-oper.pdf,2026-08-31,2013-05-02,2012-07-12,,,M/S DHL AVIATION (NETHERLANDS) BV,M/S DHL AVIATION (NETHERLANDS) BV
VT-BDQ,800B05,Blue Dart Aviation,Blue Dart Aviation Ltd.,scheduled,S-13,2027-12-30,B757-200F,B752,Boeing,Boeing 757,FW,,Cargo,cargo,sch-oper.pdf,2026-08-31,2014-06-12,2014-01-30,26276,1996,DHL AVIATION NETHERLANDS BV,DHL AVIATION NETHERLANDS BV
VT-BGM,,Shivan Aadithya Air Services,Shivan Aadithya Air Services Pvt. Ltd.,non-scheduled,#05/2022,2027-07-20,A109S,A109,Leonardo,Leonardo AW109,RW,7,7,passenger,ns-oper.pdf,2026-08-31,2026-05-31,2025-09-08,22079,2008,SHIVAN AADITHYA AIR SERVICES PRIVATE LIMITED,-
VT-BHH,8014D4,Hyderabad Airlines,Hyderabad Airlines Pvt. Ltd.,non-scheduled,#14/2022,2027-12-12,EC 135P3H,EC35,Airbus Helicopters,Airbus H135,RW,6,6,passenger,ns-oper.pdf,2026-08-31,2025-09-30,2022-09-09,2174,2022,HYDERABAD AIRLINES PRIVATE LIMITED,
VT-BIG,,E-Factor Adventure Tourism (P),E-Factor Adventure Tourism (P) Ltd.,non-scheduled,#1/2008,2029-01-01,T210 ULTRAMAGIC (HOT AIR BALLOON),BALL,Hot air balloon,Hot air balloon,B,9,9,passenger,ns-oper.pdf,2026-08-31,2009-04-30,,,,,
VT-BIP,800664,Kairamya Aviation,Kairamya Aviation Pvt. Ltd.,non-scheduled,#19/2025,2029-11-24,CITATION 525A,C25B,Cessna,Cessna Citation CJ series,FW,7,7,passenger,ns-oper.pdf,2026-08-31,2013-05-02,2012-03-19,,,,
VT-BKA,,Aryan Aviation,Aryan Aviation Pvt. Ltd.,non-scheduled,#13/2009,2029-04-07,BELL 407,B407,Bell,Bell 407,RW,6,6,passenger,ns-oper.pdf,2026-08-31,2009-04-30,2012-11-29,,,,
VT-BKJ,,Himalayan Heli Services,Himalayan Heli Services Ltd.,non-scheduled,#01/2002,2029-01-17,AS 350 B3,AS50,Airbus Helicopters,Airbus H125 (AS350),RW,6,6,passenger,ns-oper.pdf,2026-08-31,2017-03-07,2016-10-05,8287,2016,HIMALAYAN HELI SERVICES PRIVATE LIMITED,-
VT-BKK,800D8B,Air India Express,Air India Express Ltd.,scheduled,S-14,2028-04-21,A320-214,A320,Airbus,Airbus A320,FW,180,180,passenger,sch-oper.pdf,2026-08-31,2019-07-15,2019-05-14,4314,2010,"Celestial Aviation Trading 8 Limited Shannon, County Clair, Ireland",Same As Owner
VT-BMS,80175D,Indo Pacific Aviation,Indo Pacific Aviation Pvt. Ltd.,non-scheduled,#03/1997,2028-10-14,CESSNA T206H,C206,Cessna,Cessna 206 Stationair,FW,,Aerial Work,aerial-work,ns-oper.pdf,2026-08-31,2026-05-31,2025-01-24,T2060846 2,2004,JETSETFLEET MANAGEMENT SERVICES IFSC PRIVATE LIMITED,JETSETFLEET MANAGEMENT SERVICES IFSC PRIVATE LIMITED
VT-BNB,8015D0,Avocet Aviation,Avocet Aviation Pvt. Ltd.,non-scheduled,#10/2023,2028-11-01,Beechcraft Premier1A-390,PRM1,Hawker Beechcraft,Beechcraft Premier I,FW,6,6,passenger,ns-oper.pdf,2026-08-31,2025-09-30,2023-08-29,RB-256,2008,CORELLA AIR AVIATION PRIVATE LIMITED,
VT-BOB,801873,Shivan Aadithya Air Services,Shivan Aadithya Air Services Pvt. Ltd.,non-scheduled,#05/2022,2027-07-20,H160-B,H160,Airbus Helicopters,Airbus H160,RW,6,6,passenger,ns-oper.pdf,2026-08-31,2026-05-31,,,,,
VT-BOM,80138D,Air India Express,Air India Express Ltd.,scheduled,S-14,2028-04-21,A320-214,A320,Airbus,Airbus A320,FW,180,180,passenger,sch-oper.pdf,2026-08-31,2023-01-31,2019-10-04,5007,2012,"AWAS 5007 IRELAND LIMITED 70 SIR JOHN ROGERSON'S QUAY, DUBLIN 2, IRELAND",SAME AS OWNER
VT-BOS,,Aone Helicopters,Aone Helicopters Private Limited,non-scheduled,#07/2026,2031-04-15,Robinson R44 RAVEN II,R44,Robinson,Robinson R44,RW,3,3,passenger,ns-oper.pdf,2026-08-31,2026-05-31,2025-12-29,14913,2025,M/S AONE HELICOPTERS PVT LTD,M/S AONE HELICOPTERS PVT LTD
VT-BRK,8004FA,GMR Aviation,GMR Aviation Pvt. Ltd.,non-scheduled,#06/2007,2028-08-06,FALCON 2000EX,F2TH,Dassault,Dassault Falcon 2000,FW,9,9,passenger,ns-oper.pdf,2026-08-31,2010-06-30,2017-12-26,169,2008,M/S GMR AVIATION PVT LTD,-
VT-BSG,,Himalayan Heli Services,Himalayan Heli Services Ltd.,non-scheduled,#01/2002,2029-01-17,AS 350 B3 ECUREUIL,AS50,Airbus Helicopters,Airbus H125 (AS350),RW,6,6/Aerial Work,aerial-work,ns-oper.pdf,2026-08-31,2013-12-05,2013-10-04,7673,2013,HIMALAYAN HELI SERVICES PVT LTD,-
VT-BSL,800522,Redbird Airways,Redbird Airways Pvt. Ltd.,non-scheduled,#01/2020,2030-08-12,CESSNA CITATION 560XL,C56X,Cessna,Cessna Citation XLS,FW,8,8,passenger,ns-oper.pdf,2026-08-31,2010-06-30,2010-06-07,,,,
VT-BST,,Shivan Aadithya Air Services,Shivan Aadithya Air Services Pvt. Ltd.,non-scheduled,#05/2022,2027-07-20,A109S,A109,Leonardo,Leonardo AW109,RW,6,6,passenger,ns-oper.pdf,2026-08-31,2025-09-30,2024-02-19,22142,2009,SMBC AVIATION CAPITAL LIMITED,SAME AS OWNER
VT-BVV,800C52,Air Charters Services,Air Charters Services Pvt. Ltd.,non-scheduled,#15/2008,2029-05-14,FALCON2000LX,F2TH,Dassault,Dassault Falcon 2000,FW,10,10,passenger,ns-oper.pdf,2026-08-31,2017-09-26,2017-09-08,193,2009,M/s IVY AVIATIONS LIMITED,-
VT-BWA,801686,Air India Express,Air India Express Ltd.,scheduled,S-14,2028-04-21,B737-8,B38M,Boeing,Boeing 737-8,FW,176,176,passenger,sch-oper.pdf,2026-08-31,2024-11-15,2024-08-21,42961,2024,HANS CAPITAL LLC,SAME AS OWNER
VT-BWB,801685,Air India Express,Air India Express Ltd.,scheduled,S-14,2028-04-21,B737-8,B38M,Boeing,Boeing 737-8,FW,176,176,passenger,sch-oper.pdf,2026-08-31,2024-11-15,2024-06-11,43832,2024,JACKSON SQUARE AVIATION IRELAND LIMITED,SAME AS OWNER
VT-BWC,801699,Air India Express,Air India Express Ltd.,scheduled,S-14,2028-04-21,B737-8,B38M,Boeing,Boeing 737-8,FW,176,176,passenger,sch-oper.pdf,2026-08-31,2024-11-15,2024-07-19,61144,2024,INISHOO LEASING LIMITED,SAME AS OWNER
VT-BWD,801689,Air India Express,Air India Express Ltd.,scheduled,S-14,2028-04-21,B737-8,B38M,Boeing,Boeing 737-8,FW,176,176,passenger,sch-oper.pdf,2026-08-31,2025-04-30,2025-01-03,61143,2024,SMBC AVIATION CAPITAL LIMITED,SMBC AVIATION CAPITAL LIMITED
VT-BWE,801697,Air India Express,Air India Express Ltd.,scheduled,S-14,2028-04-21,B737-8,B38M,Boeing,Boeing 737-8,FW,176,176,passenger,sch-oper.pdf,2026-08-31,2024-11-15,2024-07-16,43835,2024,JACKSON SQUARE AVIATION IRELAND LIMITED,SAME AS OWNER
VT-BWF,8016AF,Air India Express,Air India Express Ltd.,scheduled,S-14,2028-04-21,B737-8,B38M,Boeing,Boeing 737-8,FW,176,176,passenger,sch-oper.pdf,2026-08-31,2024-11-15,2024-08-06,61156,2024,JACKSON SQUARE AVIATION IRELAND LIMITED,SAME AS OWNER
VT-BWG,8016AE,Air India Express,Air India Express Ltd.,scheduled,S-14,2028-04-21,B737-8,B38M,Boeing,Boeing 737-8,FW,176,176,passenger,sch-oper.pdf,2026-08-31,2025-04-30,2024-09-11,61142,2024,JACKSON SQUARE AVIATION IRELAND LIMITED,SAME AS OWNER
VT-BWH,8016AD,Air India Express,Air India Express Ltd.,scheduled,S-14,2028-04-21,B737-8,B38M,Boeing,Boeing 737-8,FW,176,176,passenger,sch-oper.pdf,2026-08-31,2024-11-15,2024-09-10,43837,2024,JACKSON SQUARE AVIATION IRELAND LIMITED,SAME AS OWNER
VT-BWI,8016C7,Air India Express,Air India Express Ltd.,scheduled,S-14,2028-04-21,B737-8,B38M,Boeing,Boeing 737-8,FW,176,176,passenger,sch-oper.pdf,2026-08-31,2025-04-30,2025-02-19,61652,2025,ACG AIRCRAFT LEASING IRELAND LIMITED,ACG AIRCRAFT LEASING IRELAND LIMITED
VT-BWJ,8016CA,Air India Express,Air India Express Ltd.,scheduled,S-14,2028-04-21,B737-8,B38M,Boeing,Boeing 737-8,FW,176,176,passenger,sch-oper.pdf,2026-08-31,2025-06-30,2025-02-24,61147,2025,ACG AIRCRAFT LEASING IRELAND LIMITED,ACG AIRCRAFT LEASING IRELAND LIMITED
VT-BWK,8016CC,Air India Express,Air India Express Ltd.,scheduled,S-14,2028-04-21,B737-8,B38M,Boeing,Boeing 737-8,FW,176,176,passenger,sch-oper.pdf,2026-08-31,2025-04-30,2025-01-23,63289,2025,ACG AIRCRAFT LEASING IRELAND LIMITED,ACG AIRCRAFT LEASING IRELAND LIMITED
VT-BWL,8016C9,Air India Express,Air India Express Ltd.,scheduled,S-14,2028-04-21,B737-8,B38M,Boeing,Boeing 737-8,FW,176,176,passenger,sch-oper.pdf,2026-08-31,2025-06-30,2025-03-07,63278,2025,ACG AIRCRAFT LEASING IRELAND LIMITED,ACG AIRCRAFT LEASING IRELAND LIMITED
VT-BWM,8016C8,Air India Express,Air India Express Ltd.,scheduled,S-14,2028-04-21,B737-8,B38M,Boeing,Boeing 737-8,FW,176,176,passenger,sch-oper.pdf,2026-08-31,2025-04-30,2025-02-21,61448,2025,ACG AIRCRAFT LEASING IRELAND LIMITED,ACG AIRCRAFT LEASING IRELAND LIMITED
VT-BWN,8016CB,Air India Express,Air India Express Ltd.,scheduled,S-14,2028-04-21,B737-8,B38M,Boeing,Boeing 737-8,FW,176,176,passenger,sch-oper.pdf,2026-08-31,2025-04-30,2025-03-25,61449,2025,ACG AIRCRAFT LEASING IRELAND LIMITED,ACG AIRCRAFT LEASING IRELAND LIMITED
VT-BWO,801784,Air India Express,Air India Express Ltd.,scheduled,S-14,2028-04-21,B737-8,B38M,Boeing,Boeing 737-8,FW,176,176,passenger,sch-oper.pdf,2026-08-31,2025-06-30,2025-04-16,63281,2025,SFVI AIRCRAFT HOLDINGS IRE 8 DESIGNATED ACTIVITY COMPANY,SFVI AIRCRAFT HOLDINGS IRE 8 DESIGNATED ACTIVITY COMPANY
VT-BWP,80177B,Air India Express,Air India Express Ltd.,scheduled,S-14,2028-04-21,B737-8,B38M,Boeing,Boeing 737-8,FW,176,176,passenger,sch-oper.pdf,2026-08-31,2025-06-30,2025-04-17,63290,2025,SFVI AIRCRAFT HOLDINGS IRE 8 DESIGNATED ACTIVITY COMPANY,SFVI AIRCRAFT HOLDINGS IRE 8 DESIGNATED ACTIVITY COMPANY
VT-BWQ,8017A2,Air India Express,Air India Express Ltd.,scheduled,S-14,2028-04-21,B737-8,B38M,Boeing,Boeing 737-8,FW,176,176,passenger,sch-oper.pdf,2026-08-31,2025-06-30,2025-05-28,43836,2025,DUNE AVIATION 16 LIMITED,DUNE AVIATION 16 LIMITED
VT-BWR,801698,Air India Express,Air India Express Ltd.,scheduled,S-14,2028-04-21,B737-8,B38M,Boeing,Boeing 737-8,FW,176,176,passenger,sch-oper.pdf,2026-08-31,2024-11-15,2024-08-06,43834,2024,JACKSON SQUARE AVIATION IRELAND LIMITED,SAME AS OWNER
VT-BWS,80179A,Air India Express,Air India Express Ltd.,scheduled,S-14,2028-04-21,B737-8,B38M,Boeing,Boeing 737-8,FW,176,176,passenger,sch-oper.pdf,2026-08-31,2025-06-30,2025-06-05,63276,2025,MAPLE AIRCRAFT COMPANY LEASING IRELAND (2) LIMITED,MAPLE AIRCRAFT COMPANY LEASING IRELAND (2) LIMITED
VT-BWT,80177C,Air India Express,Air India Express Ltd.,scheduled,S-14,2028-04-21,B737-8,B38M,Boeing,Boeing 737-8,FW,176,176,passenger,sch-oper.pdf,2026-08-31,2025-06-30,2025-04-16,63287,2025,SFVI AIRCRAFT HOLDINGS IRE 8 DESIGNATED ACTIVITY COMPANY,SFVI AIRCRAFT HOLDINGS IRE 8 DESIGNATED ACTIVITY COMPANY
VT-BWU,8016C6,Air India Express,Air India Express Ltd.,scheduled,S-14,2028-04-21,B737-8,B38M,Boeing,Boeing 737-8,FW,176,176,passenger,sch-oper.pdf,2026-08-31,2024-11-15,2024-08-20,43833,2024,JACKSON SQUARE AVIATION IRELAND LIMITED,SAME AS OWNER
VT-BWV,8017A1,Air India Express,Air India Express Ltd.,scheduled,S-14,2028-04-21,B737-8,B38M,Boeing,Boeing 737-8,FW,176,176,passenger,sch-oper.pdf,2026-08-31,2026-05-31,2025-07-15,61712,2025,DUNE AVIATION 16 LIMITED,DUNE AVIATION 16 LIMITED
VT-BWW,801783,Air India Express,Air India Express Ltd.,scheduled,S-14,2028-04-21,B737-8,B38M,Boeing,Boeing 737-8,FW,176,176,passenger,sch-oper.pdf,2026-08-31,2025-06-30,2025-04-11,63277,2025,SMBC AVIATION CAPITAL LIMITED,SMBC AVIATION CAPITAL LIMITED
VT-BWX,801799,Air India Express,Air India Express Ltd.,scheduled,S-14,2028-04-21,B737-8,B38M,Boeing,Boeing 737-8,FW,176,176,passenger,sch-oper.pdf,2026-08-31,2026-05-31,2025-06-02,63284,2025,MAPLE AIRCRAFT COMPANY LEASING IRELAND (2) LIMITED,MAPLE AIRCRAFT COMPANY LEASING IRELAND (2) LIMITED
VT-BXA,8015F0,Air India Express,Air India Express Ltd.,scheduled,S-14,2028-04-21,B737-8,B38M,Boeing,Boeing 737-8,FW,176,176,passenger,sch-oper.pdf,2026-08-31,2024-06-10,2023-09-22,61639,2023,SFV AIRCRAFT HOLDING IRE 14 DESIGNATED ACTIVITY COMPANY,SFV AIRCRAFT HOLDING IRE 14 DESIGNATED ACTIVITY COMPANY
VT-BXB,8015EF,Air India Express,Air India Express Ltd.,scheduled,S-14,2028-04-21,B737-8,B38M,Boeing,Boeing 737-8,FW,176,176,passenger,sch-oper.pdf,2026-08-31,2024-06-10,2023-11-30,61647,2023,GARA ISSUER DESIGNATED ACTIVITY COMPANY,GARA ISSUER DESIGNATED ACTIVITY COMPANY
VT-BXC,8015EE,Air India Express,Air India Express Ltd.,scheduled,S-14,2028-04-21,B737-8,B38M,Boeing,Boeing 737-8,FW,176,176,passenger,sch-oper.pdf,2026-08-31,2024-06-10,2023-12-28,61636,2023,GARA ISSUER DESIGNATED ACTIVITY COMPANY,GARA ISSUER DESIGNATED ACTIVITY COMPANY
VT-BXD,801607,Air India Express,Air India Express Ltd.,scheduled,S-14,2028-04-21,B737-8,B38M,Boeing,Boeing 737-8,FW,176,176,passenger,sch-oper.pdf,2026-08-31,2024-06-10,2023-09-27,61658,2023,SFV AIRCRAFT HOLDINGS IRE 14 DESIGNATED ACTIVITY COMPANY,SFV AIRCRAFT HOLDINGS IRE 14 DESIGNATED ACTIVITY COMPANY
VT-BXE,801604,Air India Express,Air India Express Ltd.,scheduled,S-14,2028-04-21,B737-8,B38M,Boeing,Boeing 737-8,FW,176,176,passenger,sch-oper.pdf,2026-08-31,2024-06-10,2023-12-13,61650,2023,GARA ISSUER DESIGNATED ACTIVITY COMPANY,GARA ISSUER DESIGNATED ACTIVITY COMPANY
VT-BXF,801605,Air India Express,Air India Express Ltd.,scheduled,S-14,2028-04-21,B737-8,B38M,Boeing,Boeing 737-8,FW,176,176,passenger,sch-oper.pdf,2026-08-31,2024-06-10,2024-02-08,61660,2024,GARA ISSUER DESIGNATED ACTIVITY COMPANY,SAME AS OWNER
VT-BXG,801606,Air India Express,Air India Express Ltd.,scheduled,S-14,2028-04-21,B737-8,B38M,Boeing,Boeing 737-8,FW,176,176,passenger,sch-oper.pdf,2026-08-31,2024-06-10,2023-10-20,61655,2023,SFV Aircraft Holdings Ire 14 Designated Activity company,SFV Aircraft Holdings Ire 14 Designated Activity company
VT-BXH,801623,Air India Express,Air India Express Ltd.,scheduled,S-14,2028-04-21,B737-8,B38M,Boeing,Boeing 737-8,FW,176,176,passenger,sch-oper.pdf,2026-08-31,2024-06-10,2023-08-12,60914,2023,GARA ISSUER DESIGNATED ACTIVITY COMPANY,GARA ISSUER DESIGNATED ACTIVITY COMPANY
VT-BXI,80162C,Air India Express,Air India Express Ltd.,scheduled,S-14,2028-04-21,B737-8,B38M,Boeing,Boeing 737-8,FW,176,176,passenger,sch-oper.pdf,2026-08-31,2024-06-10,2023-12-20,61409,2023,SFV Aircraft Holdings Ire 14 Designated Activity Company,SFV Aircraft Holdings Ire 14 Designated Activity Company
VT-BXJ,80162D,Air India Express,Air India Express Ltd.,scheduled,S-14,2028-04-21,B737-8,B38M,Boeing,Boeing 737-8,FW,176,176,passenger,sch-oper.pdf,2026-08-31,2024-06-10,2023-12-21,61411,2023,SFVI AIRCRAFT HOLDINGS IRE 1 DESIGNATED ACTIVITY COMPANY,SFVI AIRCRAFT HOLDINGS IRE 1 DESIGNATED ACTIVITY COMPANY
VT-BXK,801643,Air India Express,Air India Express Ltd.,scheduled,S-14,2028-04-21,B737-8,B38M,Boeing,Boeing 737-8,FW,176,176,passenger,sch-oper.pdf,2026-08-31,2024-06-10,2024-03-21,60915,2024,GARA ISSUER DESIGNATED ACTIVITY COMPANY,SAME AS OWNER
VT-BXL,80165E,Air India Express,Air India Express Ltd.,scheduled,S-14,2028-04-21,B737-8,B38M,Boeing,Boeing 737-8,FW,176,176,passenger,sch-oper.pdf,2026-08-31,2024-06-10,2024-03-01,61662,2024,GARA ISSUER DESIGNATED ACTIVITY COMPANY,SAME AS OWNER
VT-BXM,801670,Air India Express,Air India Express Ltd.,scheduled,S-14,2028-04-21,B737-8,B38M,Boeing,Boeing 737-8,FW,176,176,passenger,sch-oper.pdf,2026-08-31,2024-06-10,2024-04-23,60916,2024,SMBC AVIATION CAPITAL LIMITED,SAME AS OWNER
VT-BXN,80165C,Air India Express,Air India Express Ltd.,scheduled,S-14,2028-04-21,B737-8,B38M,Boeing,Boeing 737-8,FW,176,176,passenger,sch-oper.pdf,2026-08-31,2024-06-10,2024-03-08,60917,2024,DUNE AVIATION 16 LIMITED,SAME AS OWNER
VT-BXO,80165D,Air India Express,Air India Express Ltd.,scheduled,S-14,2028-04-21,B737-8,B38M,Boeing,Boeing 737-8,FW,176,176,passenger,sch-oper.pdf,2026-08-31,2024-06-10,2024-03-19,60918,2024,SFVI AIRCRAFT HOLDINGS IRE 1 DESIGNATED ACTIVITY COMPANY,SAME AS OWNER
VT-BXP,80166D,Air India Express,Air India Express Ltd.,scheduled,S-14,2028-04-21,B737-8,B38M,Boeing,Boeing 737-8,FW,176,176,passenger,sch-oper.pdf,2026-08-31,2024-06-10,2024-04-04,60920,2024,DUNE AVIATION 16 LIMITED,SAME AS OWNER
VT-BXQ,801641,Air India Express,Air India Express Ltd.,scheduled,S-14,2028-04-21,B737-8,B38M,Boeing,Boeing 737-8,FW,176,176,passenger,sch-oper.pdf,2026-08-31,2024-06-10,2024-01-24,61145,2024,GARA ISSUER DESIGNATED ACTIVITY COMPANY,SAME AS OWNER
VT-BXR,801642,Air India Express,Air India Express Ltd.,scheduled,S-14,2028-04-21,B737-8,B38M,Boeing,Boeing 737-8,FW,176,176,passenger,sch-oper.pdf,2026-08-31,2024-06-10,2024-02-02,61146,2024,GARA ISSUER DESIGNATED ACTIVITY COMPANY,SAME AS OWNER
VT-BXS,801650,Air India Express,Air India Express Ltd.,scheduled,S-14,2028-04-21,B737-8,B38M,Boeing,Boeing 737-8,FW,176,176,passenger,sch-oper.pdf,2026-08-31,2024-06-10,2024-01-30,61148,2024,GARA ISSUER DESIGNATED ACTIVITY COMPANY,SAME AS OWNER
VT-BXT,80167C,Air India Express,Air India Express Ltd.,scheduled,S-14,2028-04-21,B737-8,B38M,Boeing,Boeing 737-8,FW,176,176,passenger,sch-oper.pdf,2026-08-31,2024-11-15,2024-07-09,61450,2024,JACKSON SQUARE AVIATION IRELAND LIMITED,SAME AS OWNER
VT-BXU,80167D,Air India Express,Air India Express Ltd.,scheduled,S-14,2028-04-21,B737-8,B38M,Boeing,Boeing 737-8,FW,176,176,passenger,sch-oper.pdf,2026-08-31,2024-11-15,2024-05-24,61451,2024,SMBC AVIATION CAPITAL LIMITED,SAME AS OWNER
VT-BXV,801680,Air India Express,Air India Express Ltd.,scheduled,S-14,2028-04-21,B737-8,B38M,Boeing,Boeing 737-8,FW,176,176,passenger,sch-oper.pdf,2026-08-31,2024-11-15,2024-05-31,61453,2024,SMBC AVIATION CAPITAL LIMITED,SAME AS OWNER
VT-BXW,801683,Air India Express,Air India Express Ltd.,scheduled,S-14,2028-04-21,B737-8,B38M,Boeing,Boeing 737-8,FW,176,176,passenger,sch-oper.pdf,2026-08-31,2024-11-15,2024-06-18,61452,2024,SMBC AVIATION CAPITAL LIMITED,SAME AS OWNER
VT-BXX,80168A,Air India Express,Air India Express Ltd.,scheduled,S-14,2028-04-21,B737-8,B38M,Boeing,Boeing 737-8,FW,176,176,passenger,sch-oper.pdf,2026-08-31,2024-11-15,2024-06-19,61454,2024,INISHOO LEASING LIMITED,SAME AS OWNER
VT-BXY,801681,Air India Express,Air India Express Ltd.,scheduled,S-14,2028-04-21,B737-8,B38M,Boeing,Boeing 737-8,FW,176,176,passenger,sch-oper.pdf,2026-08-31,2024-11-15,2024-07-03,60910,2024,INISHOO LEASING LIMITED,SAME AS OWNER
VT-BXZ,801673,Air India Express,Air India Express Ltd.,scheduled,S-14,2028-04-21,B737-8,B38M,Boeing,Boeing 737-8,FW,176,176,passenger,sch-oper.pdf,2026-08-31,2024-06-10,2024-04-26,60913,2024,SMBC AVIATION CAPITAL LIMITED,SAME AS OWNER
VT-CCA,80188A,Poonawalla Aviation,Poonawalla Aviation Pvt. Ltd.,non-scheduled,#03/2006,2029-06-25,Bombardier Global 6500,GL5T,Bombardier,Bombardier Global 5000/5500/6000/6500,FW,13,13,passenger,ns-oper.pdf,2026-08-31,2026-05-31,,,,,
VT-CDC,801730,Poonawalla Aviation,Poonawalla Aviation Pvt. Ltd.,non-scheduled,#03/2006,2029-06-25,Bombardier Global 6500,GL5T,Bombardier,Bombardier Global 5000/5500/6000/6500,FW,13,13,passenger,ns-oper.pdf,2026-08-31,2025-09-30,2025-04-02,60144,2024,POONAWALLA AVIATION PVT. LTD.,-
VT-CDP,800D68,Poonawalla Aviation,Poonawalla Aviation Pvt. Ltd.,non-scheduled,#03/2006,2029-06-25,Bombardier Global 6000,GLEX,Bombardier,Bombardier Global Express,FW,13,13,passenger,ns-oper.pdf,2026-08-31,2019-09-30,,,,,
VT-CID,800BE5,Air India,Air India Ltd.,scheduled,S-9,2028-06-30,A320-251N,A20N,Airbus,Airbus A320neo,FW,162,162,passenger,sch-oper.pdf,2026-08-31,2017-07-20,2017-03-01,7475,2017,CIT AEROSPACE INTERNATIONAL,CIT AEROSPACE INTERNATIONAL
VT-CIE,800BE6,Air India,Air India Ltd.,scheduled,S-9,2028-06-30,A320-251N,A20N,Airbus,Airbus A320neo,FW,162,162,passenger,sch-oper.pdf,2026-08-31,2017-07-20,,,,,
VT-CIF,800BFB,Air India,Air India Ltd.,scheduled,S-9,2028-06-30,A320-251N,A20N,Airbus,Airbus A320neo,FW,162,162,passenger,sch-oper.pdf,2026-08-31,2017-07-20,2018-05-29,7638,2017,AVOLON AEROSPACE IRELAND AOE 143 LIMITED,AVOLON AEROSPACE IRELAND AOE 143 LIMITED
VT-CIG,800C42,Air India,Air India Ltd.,scheduled,S-9,2028-06-30,A320-251N,A20N,Airbus,Airbus A320neo,FW,162,162,passenger,sch-oper.pdf,2026-08-31,2018-02-01,2017-10-13,7800,2017,CIT AEROSPACE INTERNATIONAL,CIT AEROSPACE INTERNATIONAL
VT-CIH,800C4A,Air India,Air India Ltd.,scheduled,S-9,2028-06-30,A320-251N,A20N,Airbus,Airbus A320neo,FW,162,162,passenger,sch-oper.pdf,2026-08-31,2018-05-01,2018-02-05,8030,2018,AVOLON AEROSPACE IRELAND AOE 138 LIMITED,AVOLON AEROSPACE IRELAND AOE 138 LIMITED
VT-CIM,800C85,Air India,Air India Ltd.,scheduled,S-9,2028-06-30,A320-251N,A20N,Airbus,Airbus A320neo,FW,162,162,passenger,sch-oper.pdf,2026-08-31,2018-10-31,2018-06-28,8167,2018,CIT AEROSPACE INTERNATIONAL,CIT AEROSPACE INTERNATIONAL
VT-CIN,800C86,Air India,Air India Ltd.,scheduled,S-9,2028-06-30,A320-251N,A20N,Airbus,Airbus A320neo,FW,162,162,passenger,sch-oper.pdf,2026-08-31,2018-10-31,2018-05-03,8202,2018,AVOLON AEROSPACE IRELAND AOE 140 LIMITED,AVOLON AEROSPACE IRELAND AOE 140 LIMITED
VT-CIO,800C87,Air India,Air India Ltd.,scheduled,S-9,2028-06-30,A320-251N,A20N,Airbus,Airbus A320neo,FW,162,162,passenger,sch-oper.pdf,2026-08-31,2018-10-31,2018-05-04,8226,2018,AVOLON AEROSPACE IRELAND AOE 141 LIMITED,AVOLON AEROSPACE IRELAND AOE 141 LIMITED
VT-CIP,800C88,Air India,Air India Ltd.,scheduled,S-9,2028-06-30,A320-251N,A20N,Airbus,Airbus A320neo,FW,162,162,passenger,sch-oper.pdf,2026-08-31,2018-10-31,2018-07-25,8225,2018,CIT AEROSPACE INTERNATIONAL,CIT AEROSPACE INTERNATIONAL
VT-CIQ,800C89,Air India,Air India Ltd.,scheduled,S-9,2028-06-30,A320-251N,A20N,Airbus,Airbus A320neo,FW,162,162,passenger,sch-oper.pdf,2026-08-31,2018-10-31,2018-07-11,8267,2018,CIT AEROSPACE INTERNATIONAL,CIT AEROSPACE INTERNATIONAL
VT-CLA,800194,AR Airways,AR Airways Pvt. Ltd.,non-scheduled,#01/2005,2029-05-11,CESSNA CITATION 560 XL,C56X,Cessna,Cessna Citation XLS,FW,8,8,passenger,ns-oper.pdf,2026-08-31,2006-01-20,2018-09-14,560 5010,1998,AR AIRWAYS PVT LTD,-
VT-CLB,8001A4,AR Airways,AR Airways Pvt. Ltd.,non-scheduled,#01/2005,2029-05-11,CESSNA CITATION II,C550,Cessna,Cessna Citation,FW,7,7,passenger,ns-oper.pdf,2026-08-31,2006-01-20,,,,,
VT-CLF,800B79,AR Airways,AR Airways Pvt. Ltd.,non-scheduled,#01/2005,2029-05-11,FALCON 2000,F2TH,Dassault,Dassault Falcon 2000,FW,10,10,passenger,ns-oper.pdf,2026-08-31,2015-09-01,2015-06-30,216,2004,M/s AR AIRWAYS (P) LTD,-
VT-CLN,,Kestrel Aviation,Kestrel Aviation Pvt. Ltd.,non-scheduled,#14/2008,2029-05-08,AGUSTA A119 KOALA,A119,Leonardo,Leonardo AW119 Koala,RW,7,7,passenger,ns-oper.pdf,2026-08-31,2006-08-04,,,,,
VT-CMR,801425,VSR Ventures,VSR Ventures Pvt. Ltd.,non-scheduled,#07/2014,2028-04-20,EMB 135BJ (Legacy600),E35L,Embraer,Embraer Legacy 600/650,FW,13,13,passenger,ns-oper.pdf,2026-08-31,2025-09-30,2021-03-05,14501094,2009,VSR VENTURES PVT LTD,NA
VT-CND,80176B,Poonawalla Aviation,Poonawalla Aviation Pvt. Ltd.,non-scheduled,#03/2006,2029-06-25,H160-B,H160,Airbus Helicopters,Airbus H160,RW,8,8,passenger,ns-oper.pdf,2026-08-31,2026-05-31,2025-11-26,1010,2023,POONAWALLA AVIATION PVT. LTD,-
VT-CNJ,,Aman Aviation & Aerospace Solutions,Aman Aviation & Aerospace Solutions Pvt. Ltd.,non-scheduled,#10/2012,2028-09-13,ROBINSON R44,R44,Robinson,Robinson R44,RW,3,3,passenger,ns-oper.pdf,2026-08-31,2011-07-15,2016-05-09,13038,2010,M/S AMAN AVIATION & AEROSPACE SOLUTIONS PVT LTD,-
VT-CNS,801535,AAI Flight Inspection Unit,Airports Authority of India,non-scheduled,#03/2019,2029-05-14,Super King Air B300,B350,Beechcraft,Beechcraft King Air 350,FW,7,7/Aerial Work,aerial-work,ns-oper.pdf,2026-08-31,2025-09-30,2023-01-09,FL-1296,2022,Airports Authority of India,
VT-CRA,8004D4,VSR Ventures,VSR Ventures Pvt. Ltd.,non-scheduled,#07/2014,2028-04-20,LEARJET-45,LJ45,Bombardier,Learjet 40/45,FW,9,9,passenger,ns-oper.pdf,2026-08-31,2009-01-20,2016-11-23,19,1999,VSR VENTURES PVT LIMITED,-
VT-CSL,80066B,Deccan Charters,Deccan Charters Pvt. Ltd.,non-scheduled,#26/2008,2028-10-06,Bell 429,B429,Bell,Bell 429,RW,6,6,passenger,ns-oper.pdf,2026-08-31,2025-09-30,2017-04-25,57045,2011,SANMAR SHIPPING LIMITED,-
VT-CSP,800159,Navdurga Aviation,Navdurga Aviation Pvt. Ltd.,non-scheduled,#15/2022,2027-12-27,CESSNA CITATION 560XL,C56X,Cessna,Cessna Citation XLS,FW,8,8,passenger,ns-oper.pdf,2026-08-31,2006-01-20,,,,,
VT-CVA,801696,Charlie Foxtrot Aviation Service,Charlie Foxtrot Aviation Service Pvt. Ltd.,non-scheduled,#03/2020,2030-12-27,CHALLENGER 605 CL-600-2B16,CL60,Bombardier,Bombardier Challenger 600 series,FW,9,9,passenger,ns-oper.pdf,2026-08-31,2025-09-30,2024-05-24,5758,2008,TVPX AIRCRAFT SOLUATIONS INC,VISTAJET LEASING IFSC PRIVATE LIMITED
VT-CVB,8016BB,Charlie Foxtrot Aviation Service,Charlie Foxtrot Aviation Service Pvt. Ltd.,non-scheduled,#03/2020,2030-12-27,CHALLENGER 605 CL-600-2B16,CL60,Bombardier,Bombardier Challenger 600 series,FW,9,9,passenger,ns-oper.pdf,2026-08-31,2025-09-30,2024-08-01,5704,2006,TVPX AIRCRAFT SOLUATIONS INC,SAME AS OWNER
VT-CVC,80179E,Charlie Foxtrot Aviation Service,Charlie Foxtrot Aviation Service Pvt. Ltd.,non-scheduled,#03/2020,2030-12-27,CL-600-2B16 CL 604 VARIANT (CL605),CL60,Bombardier,Bombardier Challenger 600 series,FW,9,9,passenger,ns-oper.pdf,2026-08-31,2025-09-30,2025-05-20,5965,2014,VISTAJET MALTA AIRCRAFT ONE MAPCC LIMITED,Vistajet Leasing IFSC Private Limited
VT-CVD,,Charlie Foxtrot Aviation Service,Charlie Foxtrot Aviation Service Pvt. Ltd.,non-scheduled,#03/2020,2030-12-27,CL-600-2B16 CL 604 VARIANT (CL605),CL60,Bombardier,Bombardier Challenger 600 series,FW,12,12,passenger,ns-oper.pdf,2026-08-31,2026-08-31,,,,,
VT-CVE,,Charlie Foxtrot Aviation Service,Charlie Foxtrot Aviation Service Pvt. Ltd.,non-scheduled,#03/2020,2030-12-27,CL-600-2B16 CL 604 VARIANT (CL605),CL60,Bombardier,Bombardier Challenger 600 series,FW,12,12,passenger,ns-oper.pdf,2026-08-31,2026-08-31,,,,,
VT-CVV,800C50,Air Charters Services,Air Charters Services Pvt. Ltd.,non-scheduled,#15/2008,2029-05-14,CESSNA CITATION 560XL EXCEL,C56X,Cessna,Cessna Citation XLS,FW,7,7,passenger,ns-oper.pdf,2026-08-31,2017-09-26,2017-09-01,560-5315,2003,AIR CHARTER SERVICES PVT LTD,-
VT-DAX,,Deccan Charters,Deccan Charters Pvt. Ltd.,non-scheduled,#26/2008,2028-10-06,ECUREUIL AS-355 F1,AS55,Airbus Helicopters,Airbus AS355 Ecureuil 2,RW,5,5,passenger,ns-oper.pdf,2026-08-31,2006-01-20,,,,,
VT-DBH,,Suhan Aviation,Suhan Aviation Pvt. Ltd.,non-scheduled,#01/2016,2028-03-14,S-76C++,S76,Sikorsky,Sikorsky S-76,RW,6,6,passenger,ns-oper.pdf,2026-08-31,2009-04-30,2016-12-30,760701,2008,M/S SUHAN AVIATION PRIVATE LIMITED,-
VT-DBJ,,Falcon Aviation Services,Falcon Aviation Services Pvt. Ltd.,non-scheduled,#06/2024,2029-06-24,AW169,A169,Leonardo,Leonardo AW169,RW,6,6,passenger,ns-oper.pdf,2026-08-31,2026-05-31,2025-12-30,69205,2025,"SONAK ELITE AIR CHARTER L.L.C.,","SONAK ELITE AIR CHARTER L.L.C.,"
VT-DBL,80142D,VSR Ventures,VSR Ventures Pvt. Ltd.,non-scheduled,#07/2014,2028-04-20,LEARJET-45 XR,LJ45,Bombardier,Learjet 40/45,FW,9,9,passenger,ns-oper.pdf,2026-08-31,2025-09-30,2021-05-07,404,2009,VSR VENTURES PRIVATE LIMITED,NA
VT-DCB,,Deccan Charters,Deccan Charters Pvt. Ltd.,non-scheduled,#26/2008,2028-10-06,AS 350 B3,AS50,Airbus Helicopters,Airbus H125 (AS350),RW,6,6,passenger,ns-oper.pdf,2026-08-31,2010-06-30,2015-04-01,3857,2004,M/S DECCAN CHARTERS PRIVATE LIMITED,-
VT-DCV,,Deccan Charters,Deccan Charters Pvt. Ltd.,non-scheduled,#26/2008,2028-10-06,EC-130 B4,EC30,Airbus Helicopters,Airbus H130,RW,6,6,passenger,ns-oper.pdf,2026-08-31,2026-05-31,2025-09-26,4716,2009,CHARTERONE AIRLINES PTE. LTD,CHARTERONE AIRLINES PTE. LTD
VT-DEJ,,Jet Serve Aviation,Jet Serve Aviation Pvt. Ltd.,non-scheduled,#02/2017,2029-02-09,King Air C90A,BE9L,Beechcraft,Beechcraft King Air C90,FW,6,6,passenger,ns-oper.pdf,2026-08-31,2009-01-20,2013-02-14,,,,
VT-DEV,8015B3,Ventura Airconnect,Ventura Airconnect Ltd.,non-scheduled,#08/2011,2028-06-08,CESSNA CARAVAN 208B,C208,Cessna,Cessna 208 Grand Caravan,FW,9,9,passenger,ns-oper.pdf,2026-08-31,2025-09-30,2023-02-05,5522,2019,VENTURA AIRCONNECT LIMITED,
VT-DHA,80012D,Reliance Commercial Dealers,Reliance Commercial Dealers Ltd.,non-scheduled,#02/2008,2029-01-14,GLOBAL EXPRESS BD-700,GLEX,Bombardier,Bombardier Global Express,FW,16,16,passenger,ns-oper.pdf,2026-08-31,2010-06-30,2013-05-21,,,M/S AIRCRAFT LEASING COMPANY LIMITED,
VT-DIA,801817,EHA Aviation,EHA Aviation Pvt. Ltd.,non-scheduled,#01/2022,2027-03-31,BD-700-1A11(GLOBAL 5500),GL5T,Bombardier,Bombardier Global 5000/5500/6000/6500,FW,13,13,passenger,ns-oper.pdf,2026-08-31,2026-05-31,2025-10-07,600172,2025,EHA AVIATION PRIVATE LIMITED,-
VT-DJB,801610,RAJHANS INFRACON,RAJHANS INFRACON,non-scheduled,#03/2024,2029-02-08,Beech SKA B200GT,BE20,Beechcraft,Beechcraft King Air 200,FW,7,7,passenger,ns-oper.pdf,2026-08-31,2025-09-30,2023-07-11,BY-397,2021,RAJHANS INFRACON (INDIA) PRIVATE LIMITED,
VT-DOV,800405,Bluecraft Aviation,Bluecraft Aviation Pvt Ltd,non-scheduled,#09/2026,2031-07-15,CESSNA CITATION CJ2,C25B,Cessna,Cessna Citation CJ series,FW,7,7,passenger,ns-oper.pdf,2026-08-31,2009-01-20,2012-11-19,,,,
VT-DVG,8006F6,Davangere Sugar Company,Davangere Sugar Company Ltd.,non-scheduled,#4/2012,2028-04-29,AS 350 B3,AS50,Airbus Helicopters,Airbus H125 (AS350),RW,6,6,passenger,ns-oper.pdf,2026-08-31,2013-05-02,2012-03-06,,,,
VT-DVV,800CDA,Air Charters Services,Air Charters Services Pvt. Ltd.,non-scheduled,#15/2008,2029-05-14,CESSNA CITATION 560XL EXCEL,C56X,Cessna,Cessna Citation XLS,FW,9,9,passenger,ns-oper.pdf,2026-08-31,2018-10-31,2018-09-11,560 5271,2002,AIR CHARTER SERVICES PVT LTD,-
VT-ECG,8014F9,EMSOS Aviation,EMSOS Aviation Private Limited,non-scheduled,#11/2022,2027-10-11,Citation 525A CJ2+,C25B,Cessna,Cessna Citation CJ series,FW,7,7,passenger,ns-oper.pdf,2026-08-31,2025-09-30,2022-08-18,525-0378,2007,EMSOS AVIATION PVT LTD,
VT-EDC,80057D,Air India,Air India Ltd.,scheduled,S-9,2028-06-30,A320-214,A320,Airbus,Airbus A320,FW,150,150,passenger,sch-oper.pdf,2026-08-31,2010-06-30,2010-03-08,,,,
VT-EDD,80057C,Air India,Air India Ltd.,scheduled,S-9,2028-06-30,A320-214,A320,Airbus,Airbus A320,FW,150,150,passenger,sch-oper.pdf,2026-08-31,2010-10-07,2014-08-05,4212,2010,M/S AIR INDIA LIMITED,-
VT-EDE,800588,Air India,Air India Ltd.,scheduled,S-9,2028-06-30,A320-214,A320,Airbus,Airbus A320,FW,150,150,passenger,sch-oper.pdf,2026-08-31,2010-10-07,2014-08-05,4236,2010,M/S AIR INDIA LIMITED,-
VT-EDF,800589,Air India,Air India Ltd.,scheduled,S-9,2028-06-30,A320-214,A320,Airbus,Airbus A320,FW,150,150,passenger,sch-oper.pdf,2026-08-31,2010-10-07,2018-12-06,4237,2010,M/S AIR INDIA LIMITED,-
VT-EHB,800BD6,Redbird Airways,Redbird Airways Pvt. Ltd.,non-scheduled,#01/2020,2030-08-12,SKA B200,BE20,Beechcraft,Beechcraft King Air 200,FW,8,8,passenger,ns-oper.pdf,2026-08-31,2009-01-20,2013-02-18,,,,
VT-EJZ,80059D,Redbird Airways,Redbird Airways Pvt. Ltd.,non-scheduled,#01/2020,2030-08-12,King Air C90A,BE9L,Beechcraft,Beechcraft King Air C90,FW,6,6,passenger,ns-oper.pdf,2026-08-31,2006-01-20,2017-10-30,LJ-1100,1986,M/S SARAYA AVIATION PRIVATE LIMITED,-
VT-ELD,,Pawan Hans,Pawan Hans Ltd.,non-scheduled,#02/1998,2029-03-14,SA 365N,AS65,Airbus Helicopters,Airbus Dauphin (AS365),RW,11,11,passenger,ns-oper.pdf,2026-08-31,2006-01-20,,,,,
VT-ELE,,Pawan Hans,Pawan Hans Ltd.,non-scheduled,#02/1998,2029-03-14,DAUPHIN 2,AS65,Airbus Helicopters,Airbus Dauphin (AS365),RW,13,13,passenger,ns-oper.pdf,2026-08-31,2006-01-20,,,,,
VT-ELG,,Pawan Hans,Pawan Hans Ltd.,non-scheduled,#02/1998,2029-03-14,SA 365N,AS65,Airbus Helicopters,Airbus Dauphin (AS365),RW,11,11,passenger,ns-oper.pdf,2026-08-31,2006-01-20,,,,,
VT-ELI,,Pawan Hans,Pawan Hans Ltd.,non-scheduled,#02/1998,2029-03-14,DAUPHIN 2,AS65,Airbus Helicopters,Airbus Dauphin (AS365),RW,13,13,passenger,ns-oper.pdf,2026-08-31,2006-01-20,,,,,
VT-ELL,,Pawan Hans,Pawan Hans Ltd.,non-scheduled,#02/1998,2029-03-14,DAUPHIN 2,AS65,Airbus Helicopters,Airbus Dauphin (AS365),RW,13,13,passenger,ns-oper.pdf,2026-08-31,2006-01-20,,,,,
VT-ELN,,Pawan Hans,Pawan Hans Ltd.,non-scheduled,#02/1998,2029-03-14,DAUPHIN 2,AS65,Airbus Helicopters,Airbus Dauphin (AS365),RW,13,13,passenger,ns-oper.pdf,2026-08-31,2006-01-20,,,,,
VT-ELS,,Pawan Hans,Pawan Hans Ltd.,non-scheduled,#02/1998,2029-03-14,SA 365N,AS65,Airbus Helicopters,Airbus Dauphin (AS365),RW,11,11,passenger,ns-oper.pdf,2026-08-31,2006-01-20,,,,,
VT-ELT,,Pawan Hans,Pawan Hans Ltd.,non-scheduled,#02/1998,2029-03-14,DAUPHIN 2,AS65,Airbus Helicopters,Airbus Dauphin (AS365),RW,13,13,passenger,ns-oper.pdf,2026-08-31,2006-01-20,,,,,
VT-ELX,8007B9,Saarthi Airways,Saarthi Airways Pvt. Ltd.,non-scheduled,#09/2010,2028-12-13,Twin Otter DHC-6-300,DHC6,De Havilland Canada,DHC-6 Twin Otter,FW,4,4/Aerial Work,aerial-work,ns-oper.pdf,2026-08-31,2018-02-01,,,,,
VT-EMJ,,Jet Serve Aviation,Jet Serve Aviation Pvt. Ltd.,non-scheduled,#02/2017,2029-02-09,King Air C90A,BE9L,Beechcraft,Beechcraft King Air C90,FW,6,6,passenger,ns-oper.pdf,2026-08-31,2025-09-30,,,,,
VT-ENW,,Pawan Hans,Pawan Hans Ltd.,non-scheduled,#02/1998,2029-03-14,DAUPHIN 2,AS65,Airbus Helicopters,Airbus Dauphin (AS365),RW,11,11,passenger,ns-oper.pdf,2026-08-31,2006-01-20,,,,,
VT-ENZ,,Pawan Hans,Pawan Hans Ltd.,non-scheduled,#02/1998,2029-03-14,DAUPHIN 2,AS65,Airbus Helicopters,Airbus Dauphin (AS365),RW,8,8,passenger,ns-oper.pdf,2026-08-31,2006-01-20,,,,,
VT-EPU,8000D9,AAI Flight Inspection Unit,Airports Authority of India,non-scheduled,#03/2019,2029-05-14,Dornier DO-228-201,D228,Dornier / HAL,Dornier 228,FW,7,7,passenger,ns-oper.pdf,2026-08-31,2019-07-15,,,,,
VT-EQN,,Redbird Airways,Redbird Airways Pvt. Ltd.,non-scheduled,#01/2020,2030-08-12,King Air C90A,BE9L,Beechcraft,Beechcraft King Air C90,FW,5,5,passenger,ns-oper.pdf,2026-08-31,2007-05-14,,,,,
VT-EXA,800B30,Air India Express,Air India Express Ltd.,scheduled,S-14,2028-04-21,A320-214,A320,Airbus,Airbus A320,FW,180,180,passenger,sch-oper.pdf,2026-08-31,2016-02-10,2015-04-22,6446,2015,HONG KONG ECAFIN 1 LIMITED,CALC 10-AIRCRAFT LIMITED
VT-EXB,800B44,Air India Express,Air India Express Ltd.,scheduled,S-14,2028-04-21,A320-214,A320,Airbus,Airbus A320,FW,180,180,passenger,sch-oper.pdf,2026-08-31,2016-02-10,2015-07-13,6690,2015,HONG KONF ECAFIN 1 LIMITED,CALC 11 AIRCRAFT LIMITED
VT-EXC,800B61,Air India Express,Air India Express Ltd.,scheduled,S-14,2028-04-21,A320-214,A320,Airbus,Airbus A320,FW,180,180,passenger,sch-oper.pdf,2026-08-31,2016-02-10,2015-08-07,6715,2015,HONG KONG ECAFIN 1 LIMITED,CALC 12 AIRCRAFT LIMITED
VT-EXD,800B62,Air India Express,Air India Express Ltd.,scheduled,S-14,2028-04-21,A320-214,A320,Airbus,Airbus A320,FW,180,180,passenger,sch-oper.pdf,2026-08-31,2016-02-10,2016-04-06,6724,2015,CALC 19-AIRCRAFT LIMITED,CALC 19-AIRCRAFT LIMITED
VT-EXE,800B63,Air India Express,Air India Express Ltd.,scheduled,S-14,2028-04-21,A320-214,A320,Airbus,Airbus A320,FW,180,180,passenger,sch-oper.pdf,2026-08-31,2016-02-10,2016-04-28,6803,2015,CALC 20 AIRCRAFT LIMITED,CALC 20 AIRCRAFT LIMITED
VT-EXF,800BD4,Air India,Air India Ltd.,scheduled,S-9,2028-06-30,A320-251N,A20N,Airbus,Airbus A320neo,FW,162,162,passenger,sch-oper.pdf,2026-08-31,2017-03-07,2017-09-07,7459,2017,ALAFCO IRISH AIRCRAFT LEASING SEVENTEEN LIMITED,ALAFCO IRISH AIRCRAFT LEASING SIX LIMITED
VT-EXG,800BEF,Air India,Air India Ltd.,scheduled,S-9,2028-06-30,A320-251N,A20N,Airbus,Airbus A320neo,FW,162,162,passenger,sch-oper.pdf,2026-08-31,2017-07-20,2017-09-07,7568,2017,ALAFCIO IRISH AIRCRAFT LEASING SEVENTEEN LIMITED,ALAFCO IRISH AIRCRAFT LEASING SIX LIMITED
VT-EXH,800C07,Air India,Air India Ltd.,scheduled,S-9,2028-06-30,A320-251N,A20N,Airbus,Airbus A320neo,FW,162,162,passenger,sch-oper.pdf,2026-08-31,2018-02-01,2017-12-08,7764,2017,ALAFCO IRISH AIRCRAFT LEASING SEVENTEEN LIMITED,ALAFCO IRISH AIRCRAFT LEASING SIX LIMITED
VT-EXI,800C08,Air India,Air India Ltd.,scheduled,S-9,2028-06-30,A320-251N,A20N,Airbus,Airbus A320neo,FW,162,162,passenger,sch-oper.pdf,2026-08-31,2018-02-01,2017-09-29,7776,2017,ALAFCO IRISH AIRCRAFT LEASING SEVENTEEN LIMITED,ALAFCO IRISH AIRCRAFT LEASING SIX LIMITED
VT-EXJ,800C43,Air India,Air India Ltd.,scheduled,S-9,2028-06-30,A320-251N,A20N,Airbus,Airbus A320neo,FW,162,162,passenger,sch-oper.pdf,2026-08-31,2018-02-01,2017-12-20,7965,2017,ALAFCO IRISH AIRCRAFT LEASING EIGHTEEN LIMITED,ALAFCO IRISH AIRCRAFT LEASING SIX LIMITED
VT-EXK,800C44,Air India,Air India Ltd.,scheduled,S-9,2028-06-30,A320-251N,A20N,Airbus,Airbus A320neo,FW,162,162,passenger,sch-oper.pdf,2026-08-31,2018-02-01,2017-12-26,7930,2017,ALAFCO IRISH AIRCRAFT LEASING EIGHTEEN LIMITED,ALAFCO IRISH AIRCRAFT LEASING SIX LIMITED
VT-EXL,800C48,Air India,Air India Ltd.,scheduled,S-9,2028-06-30,A320-251N,A20N,Airbus,Airbus A320neo,FW,162,162,passenger,sch-oper.pdf,2026-08-31,2018-02-01,2017-12-22,7997,2017,ALAFCO IRISH AIRCRAFT LEASING EIGHTEEN LIMITED,ALAFCO IRISH AIRCRAFT LEASING SIX LIMITED
VT-EXM,800C4B,Air India,Air India Ltd.,scheduled,S-9,2028-06-30,A320-251N,A20N,Airbus,Airbus A320neo,FW,162,162,passenger,sch-oper.pdf,2026-08-31,2018-05-01,2018-02-15,8056,2018,ALAFCO IRISH AIRCRAFT LEASING EIGHT LIMITED,ALAFCO IRISH AIRCRAFT LEASING SIX LIMITED
VT-EXN,800CC7,Air India,Air India Ltd.,scheduled,S-9,2028-06-30,A320-251N,A20N,Airbus,Airbus A320neo,FW,162,162,passenger,sch-oper.pdf,2026-08-31,2019-07-15,2019-01-01,8486,2018,"HSBC Middle East Leasing Partnership, Dubai, United Arab Emirates","Alafco Irish Aircraft Leasing Six Limited Dublin2, Ireland"
VT-EXO,800CC8,Air India,Air India Ltd.,scheduled,S-9,2028-06-30,A320-251N,A20N,Airbus,Airbus A320neo,FW,162,162,passenger,sch-oper.pdf,2026-08-31,2019-07-15,2018-11-22,8470,2018,ALAFCO IRISH AIRCRAFT LEASING EIGHT LIMITED,ALAFCO IRISH AIRCRAFT LEASING SIX LIMITED
VT-EXP,800CFE,Air India,Air India Ltd.,scheduled,S-9,2028-06-30,A320-251N,A20N,Airbus,Airbus A320neo,FW,162,162,passenger,sch-oper.pdf,2026-08-31,2019-07-15,2018-12-31,8682,2018,HSBC MIDDLE EAST LEASING PARTNERSHIP,ALAFCO IRISH AIRCRAFT LEASING SIX LIMITED
VT-EXQ,800CFF,Air India,Air India Ltd.,scheduled,S-9,2028-06-30,A320-251N,A20N,Airbus,Airbus A320neo,FW,162,162,passenger,sch-oper.pdf,2026-08-31,2019-07-15,2019-02-26,8770,2019,"HSBC Middle East Leasing Partnership Dubai, United Arab Emirates","Alfaco Irish Aircraftleasin g Six Limited Dublin 2, Ireland"
VT-EXR,800D40,Air India,Air India Ltd.,scheduled,S-9,2028-06-30,A320-251N,A20N,Airbus,Airbus A320neo,FW,162,162,passenger,sch-oper.pdf,2026-08-31,2019-07-15,2019-04-30,8917,2019,"Msn 8917 Limited Grand Cayman, Ky-1102, Cayman Islands",Same As Owner
VT-EXS,800D41,Air India,Air India Ltd.,scheduled,S-9,2028-06-30,A320-251N,A20N,Airbus,Airbus A320neo,FW,162,162,passenger,sch-oper.pdf,2026-08-31,2019-07-15,2019-03-28,8862,2019,"Alfaco Irish Aircraft Leasing Six Limited Dublin 2, Ireland",Same As Owner
VT-EXT,800BE7,Air India,Air India Ltd.,scheduled,S-9,2028-06-30,A320-251N,A20N,Airbus,Airbus A320neo,FW,162,162,passenger,sch-oper.pdf,2026-08-31,2017-07-20,,,,,
VT-EXU,800BF9,Air India,Air India Ltd.,scheduled,S-9,2028-06-30,A320-251N,A20N,Airbus,Airbus A320neo,FW,162,162,passenger,sch-oper.pdf,2026-08-31,2017-07-20,,,,,
VT-EXV,800BFA,Air India,Air India Ltd.,scheduled,S-9,2028-06-30,A320-251N,A20N,Airbus,Airbus A320neo,FW,162,162,passenger,sch-oper.pdf,2026-08-31,2017-07-20,2017-07-17,7662,2017,CELESTIAL AVIATION TRADING 64 LIMITED,CELESTIAL AVIATION TRADING 64 LIMITED
VT-FAE,8001C3,Air Charters Services,Air Charters Services Pvt. Ltd.,non-scheduled,#15/2008,2029-05-14,SUPER KINGAIR B200,BE20,Beechcraft,Beechcraft King Air 200,FW,7,7,passenger,ns-oper.pdf,2026-08-31,2006-08-04,2014-09-01,BB-1918,2005,SEMOUN JOLLY,M/S AIR CHARTER SERVICES PVT LTD
VT-FAF,8001C2,Forum I Aviation,Forum I Aviation Pvt. Ltd.,non-scheduled,#01/2006,2029-03-20,HAWKER 800XP,H25B,Hawker Beechcraft,Hawker 800/850/900,FW,8,8,passenger,ns-oper.pdf,2026-08-31,2006-08-04,2015-12-28,258745,2005,FORUM I AVIATION PVT LTD,FORUM I AVIATION PVT LTD
VT-FAR,,E-Factor Adventure Tourism (P),E-Factor Adventure Tourism (P) Ltd.,non-scheduled,#1/2008,2029-01-01,T210 ULTRAMAGIC (HOT AIR BALLOON),BALL,Hot air balloon,Hot air balloon,B,9,9,passenger,ns-oper.pdf,2026-08-31,2009-04-30,,,,,
VT-FCA,801757,Aviation Connectivity & Infrastructure Developers,Aviation Connectivity & Infrastructure Developers Pvt. Ltd.,non-scheduled,#07/2023,2028-07-02,TECNAM P2010TDI,P06T,Tecnam,Tecnam P2006T,FW,3,3,passenger,ns-oper.pdf,2026-08-31,2025-09-30,2025-02-06,309,2024,LEELA GLOBAL HOLDINGS (IFSC) PRIVATE LIMITED,LEELA GLOBAL HOLDINGS (IFSC) PRIVATE LIMITED
VT-FIB,801653,Fly91,Just Udo Aviation Pvt. Ltd.,scheduled,SC-10,2027-03-05,ATR72-600,AT76,ATR,ATR 72-600,FW,72,72,passenger,sch-oper.pdf,2026-08-31,2024-06-10,2024-02-19,1385,2016,MSN 1385 LEASING LIMITED,SAME AS OWNER
VT-FIC,801684,Fly91,Just Udo Aviation Pvt. Ltd.,scheduled,SC-10,2027-03-05,ATR72-600,AT76,ATR,ATR 72-600,FW,72,72,passenger,sch-oper.pdf,2026-08-31,2024-06-10,2024-04-01,1364,2016,MSN 1364 LEASING LIMITED,VMAN AVIATION SERVICES IFSC PRIVATE LIMITED
VT-FID,801776,Fly91,Just Udo Aviation Pvt. Ltd.,scheduled,SC-10,2027-03-05,ATR72-600,AT76,ATR,ATR 72-600,FW,72,72,passenger,sch-oper.pdf,2026-08-31,2025-04-30,2025-03-19,1233,2015,JUST UDO AVIATION PRIVATE LIMITED,-
VT-FIE,80189B,Fly91,Just Udo Aviation Pvt. Ltd.,scheduled,SC-10,2027-03-05,ATR72-600,AT76,ATR,ATR 72-600,FW,72,72,passenger,sch-oper.pdf,2026-08-31,2026-05-31,,,,,
VT-FIF,8018AD,Fly91,Just Udo Aviation Pvt. Ltd.,scheduled,SC-10,2027-03-05,ATR72-600,AT76,ATR,ATR 72-600,FW,72,72,passenger,sch-oper.pdf,2026-08-31,2026-05-31,,,,,
VT-FIG,8018B5,Fly91,Just Udo Aviation Pvt. Ltd.,scheduled,SC-10,2027-03-05,ATR72-600,AT76,ATR,ATR 72-600,FW,72,72,passenger,sch-oper.pdf,2026-08-31,2026-05-31,,,,,
VT-FIS,801537,AAI Flight Inspection Unit,Airports Authority of India,non-scheduled,#03/2019,2029-05-14,Super King Air B300,B350,Beechcraft,Beechcraft King Air 350,FW,7,7/Aerial Work,aerial-work,ns-oper.pdf,2026-08-31,2025-09-30,2023-06-21,FL-1287,2022,Airports Authority of India,
VT-FIU,800398,AAI Flight Inspection Unit,Airports Authority of India,non-scheduled,#03/2019,2029-05-14,Super King Air B300,B350,Beechcraft,Beechcraft King Air 350,FW,4,4,passenger,ns-oper.pdf,2026-08-31,2019-07-15,,,,,
VT-FLO,,E-Factor Adventure Tourism (P),E-Factor Adventure Tourism (P) Ltd.,non-scheduled,#1/2008,2029-01-01,ULTRAMAGIC N-425 (HOT AIR BALLOON),BALL,Hot air balloon,Hot air balloon,B,24,24,passenger,ns-oper.pdf,2026-08-31,2017-07-20,2017-01-12,425/109,2016,M/s E - FACTOR ADVENTURE TOURISM (P) LTD.,-
VT-FLX,8016B4,Empire Aircraft Management Services,Empire Aircraft Management Services Pvt. Ltd.,non-scheduled,#08/2017,2027-03-31,Falcon2000LX,F2TH,Dassault,Dassault Falcon 2000,FW,8,8,passenger,ns-oper.pdf,2026-08-31,2025-09-30,2024-07-15,188,2008,KAYAN JET LEASING DESIGNATED ACTIVITY COMPANY,SAME AS OWNER
VT-FOR,,Indo Pacific Aviation,Indo Pacific Aviation Pvt. Ltd.,non-scheduled,#03/1997,2028-10-14,AGUSTA A109E,A109,Leonardo,Leonardo AW109,RW,8,8,passenger,ns-oper.pdf,2026-08-31,2009-01-20,2013-05-21,,,,
VT-FUN,,E-Factor Adventure Tourism (P),E-Factor Adventure Tourism (P) Ltd.,non-scheduled,#1/2008,2029-01-01,CAMERON A-120 (HOT AIR BALLOON),BALL,Hot air balloon,Hot air balloon,B,4,4,passenger,ns-oper.pdf,2026-08-31,2009-01-20,,,,,
VT-GDC,,Golden Crane Aviation,Golden Crane Aviation Pvt. Ltd.,non-scheduled,#03/2023,2028-03-08,SIKORSKY S-76D,S76,Sikorsky,Sikorsky S-76,RW,6,6,passenger,ns-oper.pdf,2026-08-31,2026-08-31,2025-07-25,761030,2013,GOLDEN CRANE AVIATION PRIVATE LIMITED,-
VT-GEM,,Bativala M Bhagvati Flying Charters,Bativala M Bhagvati Flying Charters LLP,non-scheduled,#05/2023,2028-05-31,CESSNA172S,C172,Cessna,Cessna 172,FW,3,3,passenger,ns-oper.pdf,2026-08-31,2025-09-30,2017-10-31,172S9654,2004,M/S THE BOMBAY FLYING CLUB,-
VT-GHA,800B99,Air India Express,Air India Express Ltd.,scheduled,S-14,2028-04-21,B737-800,B738,Boeing,Boeing 737-800,FW,186,186,passenger,sch-oper.pdf,2026-08-31,2017-03-07,,,,,
VT-GHB,800B9A,Air India Express,Air India Express Ltd.,scheduled,S-14,2028-04-21,B737-800,B738,Boeing,Boeing 737-800,FW,186,186,passenger,sch-oper.pdf,2026-08-31,2017-03-07,,,,,
VT-GHC,800B9B,Air India Express,Air India Express Ltd.,scheduled,S-14,2028-04-21,B737-800,B738,Boeing,Boeing 737-800,FW,186,186,passenger,sch-oper.pdf,2026-08-31,2017-03-07,2017-10-26,60696,2016,M/s Celestial Aviation Trading 68 Ltd.,M/s Celestial Aviation Trading 68 Ltd.
VT-GHD,800B9C,Air India Express,Air India Express Ltd.,scheduled,S-14,2028-04-21,B737-800,B738,Boeing,Boeing 737-800,FW,186,186,passenger,sch-oper.pdf,2026-08-31,2017-03-07,2017-10-26,60697,2016,M/s Celestial Aviation Trading 64 Ltd.,M/s Celestial Aviation Trading 64 Ltd.
VT-GHE,800B9D,Air India Express,Air India Express Ltd.,scheduled,S-14,2028-04-21,B737-800,B738,Boeing,Boeing 737-800,FW,186,186,passenger,sch-oper.pdf,2026-08-31,2017-03-07,2017-10-26,60698,2016,M/s Celestial Aviation Trading 64 Ltd.,M/s Celestial Aviation Trading 64 Ltd.
VT-GHF,800B9E,Air India Express,Air India Express Ltd.,scheduled,S-14,2028-04-21,B737-800,B738,Boeing,Boeing 737-800,FW,186,186,passenger,sch-oper.pdf,2026-08-31,2017-03-07,2017-10-26,60699,2016,M/s Celestial Aviation Trading 64 Ltd.,M/s Celestial Aviation Trading 64 Ltd.
VT-GHI,800CD5,Air India Express,Air India Express Ltd.,scheduled,S-14,2028-04-21,B737-800,B738,Boeing,Boeing 737-800,FW,186,186,passenger,sch-oper.pdf,2026-08-31,2019-07-15,2018-10-30,43898,2018,M/s Sky High LXXIX Leasing Company Ltd.,M/s Sky High LXXIX Leasing Company Ltd.
VT-GHK,800CD6,Air India Express,Air India Express Ltd.,scheduled,S-14,2028-04-21,B737-800,B738,Boeing,Boeing 737-800,FW,186,186,passenger,sch-oper.pdf,2026-08-31,2018-10-31,2018-09-20,43902,2018,M/s Sky High LXXIX Leasing Company Ltd.,M/s Sky High LXXIX Leasing Company Ltd.
VT-GHS,800B6B,Aviation Division,Raymond Ltd.,non-scheduled,#05/1996,2029-01-28,AGUSTA A109S,A109,Leonardo,Leonardo AW109,RW,6,6,passenger,ns-oper.pdf,2026-08-31,2015-09-01,2015-06-04,22110,2009,RAYMOND LIMITED,-
VT-GIC,,Fairwinds Aviation,Fairwinds Aviation Pvt. Ltd.,non-scheduled,#01/2019,2029-01-10,CESSNA T206H,C206,Cessna,Cessna 206 Stationair,FW,,Aerial Work,aerial-work,ns-oper.pdf,2026-08-31,2025-09-30,2023-03-08,T2060805 7,1999,FAIRWINDS AVIATION PRIVATE LIMITED,
VT-GIM,,Carewell Aviation India,Carewell Aviation India Pvt. Ltd.,non-scheduled,#11/2023,2028-11-09,AW109SP,A109,Leonardo,Leonardo AW109,RW,7,7,passenger,ns-oper.pdf,2026-08-31,2026-05-31,2025-08-22,22347,2015,CAREWELL FLYJET IFSC PVT. LTD.,CAREWELL FLYJET IFSC PVT. LTD.
VT-GKA,,Karnavati Aviation,Karnavati Aviation Pvt. Ltd.,non-scheduled,#22/2008,2028-08-06,AW169,A169,Leonardo,Leonardo AW169,RW,7,7,passenger,ns-oper.pdf,2026-08-31,2026-05-31,2025-10-23,69197,2025,KARNAVATI AVIATION PRIVATE LIMITED,-
VT-GKB,800B2E,HN Safal Aviation,HN Safal Aviation Pvt. Ltd.,non-scheduled,#07/2019,2029-10-24,Gulfstream G-150,G150,Gulfstream,Gulfstream G150,FW,7,7,passenger,ns-oper.pdf,2026-08-31,2015-06-09,2017-10-18,280,2009,ORBIT AVIATION PVT LTD,-
VT-GOA,,E-Factor Adventure Tourism (P),E-Factor Adventure Tourism (P) Ltd.,non-scheduled,#1/2008,2029-01-01,CAMERON A-210 (HOT AIR BALLOON),BALL,Hot air balloon,Hot air balloon,B,9,9,passenger,ns-oper.pdf,2026-08-31,2009-04-30,,,,,
VT-GPS,8018AE,FLYSBS AVIATION,FLYSBS AVIATION LIMITED,non-scheduled,#13/2023,2028-12-18,EMB-135BJ (LEGACY 650),E35L,Embraer,Embraer Legacy 600/650,FW,13,13,passenger,ns-oper.pdf,2026-08-31,2026-08-31,,,,,
VT-GRA,8014C2,Thumby Aviation,Thumby Aviation Pvt. Ltd.,non-scheduled,#02/2013,2029-03-24,AS350B3E,AS50,Airbus Helicopters,Airbus H125 (AS350),RW,6,6/Aerial Work,aerial-work,ns-oper.pdf,2026-08-31,2025-09-30,2022-03-09,9174,2022,VMAN AVIATION SERVICES IFSC PRIVATE LIMITED,VMAN AVIATION SERVICES IFSC PRIVATE LIMITED
VT-GRB,80166E,Thumby Aviation,Thumby Aviation Pvt. Ltd.,non-scheduled,#02/2013,2029-03-24,BELL 407GXP,B407,Bell,Bell 407,RW,6,6,passenger,ns-oper.pdf,2026-08-31,2025-09-30,2024-04-12,54682,2016,AGRARFLUG HEELILIFT GMBH & CO.KG,AGRARFLUG HEELILIFT GMBH & CO.KG
VT-GRC,,Thumby Aviation,Thumby Aviation Pvt. Ltd.,non-scheduled,#02/2013,2029-03-24,AS350B3,AS50,Airbus Helicopters,Airbus H125 (AS350),RW,6,6,passenger,ns-oper.pdf,2026-08-31,2025-09-30,2024-05-09,8321,2016,LAO SKYWAY STATE ENTERPRISE,SAME AS OWNER
VT-GRD,,Thumby Aviation,Thumby Aviation Pvt. Ltd.,non-scheduled,#02/2013,2029-03-24,BELL412EP,B412,Bell,Bell 412,RW,13,13,passenger,ns-oper.pdf,2026-08-31,2025-09-30,2024-08-21,36559,2010,AGRARFLUG HELILIFT GMBH AND CO.KG,SAME AS OWNER
VT-GSD,800B06,Star Air,Ghodawat Enterprises Pvt. Ltd.,non-scheduled,#06/2014,2028-03-17,EC-135,EC35,Airbus Helicopters,Airbus H135,RW,5,5,passenger,ns-oper.pdf,2026-08-31,2014-06-12,,,,,
VT-GSE,800CC1,Star Air,Ghodawat Enterprises Pvt. Ltd.,scheduled,SC-04,2028-12-31,EMB-145LR,E145,Embraer,Embraer ERJ 145,FW,50,50,passenger,sch-oper.pdf,2026-08-31,2019-07-15,2019-01-18,145698,2003,"Enterprises Private Limited Bangalore- 560082, Karnataka",Same As Owner
VT-GSH,8015DD,Star Air,Ghodawat Enterprises Pvt. Ltd.,scheduled,SC-04,2028-12-31,EMB-170,E170,Embraer,Embraer E170,FW,76,76,passenger,sch-oper.pdf,2026-08-31,2024-06-10,2023-08-23,17000352,2012,NAC AVIATION 7 LIMITED,NAC AVIATION 7 LIMITED
VT-GSI,801580,Star Air,Ghodawat Enterprises Pvt. Ltd.,scheduled,SC-04,2028-12-31,EMB-170,E170,Embraer,Embraer E170,FW,76,76,passenger,sch-oper.pdf,2026-08-31,2023-06-15,2023-02-17,17000782,2019,NAC AVIATION 7 LIMITED,NAC AVIATION 7 LIMITED
VT-GSJ,80159B,Star Air,Ghodawat Enterprises Pvt. Ltd.,scheduled,SC-04,2028-12-31,EMB-170,E170,Embraer,Embraer E170,FW,76,76,passenger,sch-oper.pdf,2026-08-31,2024-06-10,2023-03-27,17000852,2020,NAC AVIATION 7 LIMITED,NAC AVIATION 7 LIMITED
VT-GSK,801750,Star Air,Ghodawat Enterprises Pvt. Ltd.,scheduled,SC-04,2028-12-31,EMB-170,E170,Embraer,Embraer E170,FW,76,76,passenger,sch-oper.pdf,2026-08-31,2025-06-30,2025-04-24,17000337,2012,Azorra Eagle 1 Designated Activity Company,Azorra Eagle 1 Designated Activity Company
VT-GSM,801771,Star Air,Ghodawat Enterprises Pvt. Ltd.,scheduled,SC-04,2028-12-31,EMB-170,E170,Embraer,Embraer E170,FW,76,76,passenger,sch-oper.pdf,2026-08-31,2026-05-31,2025-08-07,17000347,2012,Tiradentes Portfolio D Limited,Tiradentes Portfolio D Limited
VT-GSO,801826,Star Air,Ghodawat Enterprises Pvt. Ltd.,scheduled,SC-04,2028-12-31,EMB-170,E170,Embraer,Embraer E170,FW,76,76,passenger,sch-oper.pdf,2026-08-31,2026-05-31,2025-10-08,17000339,2012,AZORRA EAGLE 1 DESIGNATED ACTIVITY COMPANY,AZORRA EAGLE 1 DESIGNATED ACTIVITY COMPANY
VT-GSQ,801849,Star Air,Ghodawat Enterprises Pvt. Ltd.,scheduled,SC-04,2028-12-31,EMB-170,E170,Embraer,Embraer E170,FW,76,76,passenger,sch-oper.pdf,2026-08-31,2026-05-31,2025-11-06,17000338,2012,AZORRA EAGLE 1 DESIGNATED ACTIVITY COMPANY,AZORRA EAGLE 1 DESIGNATED ACTIVITY COMPANY
VT-GSR,,Star Air,Ghodawat Enterprises Pvt. Ltd.,non-scheduled,#06/2014,2028-03-17,EC-135T3H,EC35,Airbus Helicopters,Airbus H135,RW,5,5,passenger,ns-oper.pdf,2026-08-31,2026-05-31,2025-10-06,2198,2022,GHODAWAT ENTERPRISES PVT. LTD.,-
VT-GSU,801618,Star Air,Ghodawat Enterprises Pvt. Ltd.,scheduled,SC-04,2028-12-31,EMB-170,E170,Embraer,Embraer E170,FW,76,76,passenger,sch-oper.pdf,2026-08-31,2024-06-10,2024-03-22,17000350,2012,NAC AVIATION 7 LIMITED,SAME AS OWNER
VT-GVA,,Global Vectra Helicorp,Global Vectra Helicorp Limited,non-scheduled,#08/1998,2028-04-28,BELL 412 EP,B412,Bell,Bell 412,RW,13,13,passenger,ns-oper.pdf,2026-08-31,2009-01-20,,,,,
VT-GVF,,Global Vectra Helicorp,Global Vectra Helicorp Limited,non-scheduled,#08/1998,2028-04-28,AS 350 B3,AS50,Airbus Helicopters,Airbus H125 (AS350),RW,6,6/Aerial Work,aerial-work,ns-oper.pdf,2026-08-31,2010-06-30,,,,,
VT-GVK,,Global Vectra Helicorp,Global Vectra Helicorp Limited,non-scheduled,#08/1998,2028-04-28,BELL 412 EP,B412,Bell,Bell 412,RW,13,13,passenger,ns-oper.pdf,2026-08-31,2013-05-02,2012-03-14,,,,
VT-GVL,,Global Vectra Helicorp,Global Vectra Helicorp Limited,non-scheduled,#08/1998,2028-04-28,BELL 412 EP,B412,Bell,Bell 412,RW,13,13,passenger,ns-oper.pdf,2026-08-31,2013-05-02,2015-12-16,36394,2006,WILMINGTON TRUST SP SERVICES DUBLIN LTD,WILMINGTON TRUST SP SERVICES DUBLIN LTD
VT-GVM,,Global Vectra Helicorp,Global Vectra Helicorp Limited,non-scheduled,#08/1998,2028-04-28,BELL 412 EP,B412,Bell,Bell 412,RW,13,13,passenger,ns-oper.pdf,2026-08-31,2014-06-12,,,,,
VT-GVP,800B7D,Global Vectra Helicorp,Global Vectra Helicorp Limited,non-scheduled,#08/1998,2028-04-28,AW 139,A139,Leonardo,Leonardo AW139,RW,15,15,passenger,ns-oper.pdf,2026-08-31,2015-09-01,2015-08-03,41407,2015,COLIN GOLDEN,NO 1 LTD
VT-GVT,800BA2,Global Vectra Helicorp,Global Vectra Helicorp Limited,non-scheduled,#08/1998,2028-04-28,BELL 412 EP,B412,Bell,Bell 412,RW,13,13,passenger,ns-oper.pdf,2026-08-31,2016-10-10,2016-02-05,36694,2015,AAB ROTOR LTD,AAB ROTOR LTD
VT-GVW,,Global Vectra Helicorp,Global Vectra Helicorp Limited,non-scheduled,#08/1998,2028-04-28,BELL 412 EP,B412,Bell,Bell 412,RW,13,13,passenger,ns-oper.pdf,2026-08-31,2017-07-20,2017-01-20,36552,2010,ROBERT THOR DRANITZKE,VERTICAL AVIATION NO 1 LTD
VT-GVX,,Global Vectra Helicorp,Global Vectra Helicorp Limited,non-scheduled,#08/1998,2028-04-28,BELL 412 EP,B412,Bell,Bell 412,RW,13,13,passenger,ns-oper.pdf,2026-08-31,2017-07-20,2017-05-24,36595,2012,VERTICAL AVIATION NO.1 LIMITED,VERTICAL AVIATION NO.1 LIMITED
VT-GVY,,Global Vectra Helicorp,Global Vectra Helicorp Limited,non-scheduled,#08/1998,2028-04-28,BELL 412 EP,B412,Bell,Bell 412,RW,13,13,passenger,ns-oper.pdf,2026-08-31,2017-09-26,2017-05-26,36544,2010,ROBERT THOR DRANITZKE,VERTICAL AVIATION NO 1 LTD
VT-GVZ,800C46,Global Vectra Helicorp,Global Vectra Helicorp Limited,non-scheduled,#08/1998,2028-04-28,AW169,A169,Leonardo,Leonardo AW169,RW,8,8,passenger,ns-oper.pdf,2026-08-31,2018-02-01,2017-08-18,69050,2017,VERTICAL AVIATION NO 2 LTD,VERTICAL AVIATION NO 2 LTD
VT-GYN,,Fairwinds Aviation,Fairwinds Aviation Pvt. Ltd.,non-scheduled,#01/2019,2029-01-10,CESSNA T206H,C206,Cessna,Cessna 206 Stationair,FW,,Aerial Work,aerial-work,ns-oper.pdf,2026-08-31,2025-09-30,2022-09-05,T20608107,1999,FAIRWINDS AVIATION PRIVATE LIMITED,
VT-HAB,,Himanad Management Services,Himanad Management Services,non-scheduled,#16/2025,2030-09-22,AW169,A169,Leonardo,Leonardo AW169,RW,7,7,passenger,ns-oper.pdf,2026-08-31,2025-09-30,2025-04-22,69168,2024,HANS CAPITAL LLC,HANS CAPITAL LLC
VT-HAU,,Pawan Hans,Pawan Hans Ltd.,non-scheduled,#02/1998,2029-03-14,ALH (DHRUV),ALH,HAL,HAL Dhruv,RW,9,9,passenger,ns-oper.pdf,2026-08-31,2025-09-30,2010-02-04,,,,
VT-HAX,,Syandan Aviation,Syandan Aviation Pvt. Ltd.,non-scheduled,#11/2025,2030-09-10,A109E,A109,Leonardo,Leonardo AW109,RW,7,7,passenger,ns-oper.pdf,2026-08-31,2015-09-01,2017-11-23,11648,2005,QUANTUM INVESTMENTS LTD,QUANTUM INVESTMENTS LTD
VT-HBX,800B5D,Target Air Services,Target Air Services Pvt. Ltd.,non-scheduled,#14/2023,2028-12-20,HAWKER 400A XP,BE40,Beechcraft,HAWKER 400A XP,FW,8,8,passenger,ns-oper.pdf,2026-08-31,2017-07-20,,,,,
VT-HEX,,United Helicharters,United Helicharters Pvt. Ltd.,non-scheduled,#04/2026,2031-02-19,EC-130T2,EC30,Airbus Helicopters,Airbus H130,RW,7,7,passenger,ns-oper.pdf,2026-08-31,2017-07-20,2017-05-16,8275,2017,QUANTAM INVESTMENTS LTD,QUANTAM INVESTMENTS LTD
VT-HFX,800C30,Syandan Aviation,Syandan Aviation Pvt. Ltd.,non-scheduled,#11/2025,2030-09-10,EC-130T2,EC30,Airbus Helicopters,Airbus H130,RW,7,7,passenger,ns-oper.pdf,2026-08-31,2017-07-20,2018-01-05,8294,2017,QUANTUM INVESTMENTS LTD,QUANTUM INVESTMENTS LTD
VT-HGL,8003A8,Modifi Aviations,Modifi Aviations Pvt. Ltd.,non-scheduled,#02/2026,2031-02-10,FALCON 2000,F2TH,Dassault,Dassault Falcon 2000,FW,10,10,passenger,ns-oper.pdf,2026-08-31,2009-04-30,2012-07-17,,,M/S ASHOK LEYLAND,M/S ASHOK LEYLAND
VT-HGX,800C22,Syandan Aviation,Syandan Aviation Pvt. Ltd.,non-scheduled,#11/2025,2030-09-10,A109S,A109,Leonardo,Leonardo AW109,RW,7,7,passenger,ns-oper.pdf,2026-08-31,2017-07-20,2017-12-20,22093,2008,M/s QUANTUM INVESTMENTS LTD.,M/s QUANTUM INVESTMENTS LTD.
VT-HHB,,Himalayan Heli Services,Himalayan Heli Services Ltd.,non-scheduled,#01/2002,2029-01-17,AS 350 B3,AS50,Airbus Helicopters,Airbus H125 (AS350),RW,5,5,passenger,ns-oper.pdf,2026-08-31,2025-09-30,2024-03-15,8887,2020,HELITRANS INVEST AS,SAME AS OWNER
VT-HHC,,Himalayan Heli Services,Himalayan Heli Services Ltd.,non-scheduled,#01/2002,2029-01-17,AS 350 B3E,AS50,Airbus Helicopters,Airbus H125 (AS350),RW,6,6,passenger,ns-oper.pdf,2026-08-31,2025-09-30,2025-04-16,9729,2025,HIMALAYAN HELI SERVICES LIMITED,-
VT-HHD,,Himalayan Heli Services,Himalayan Heli Services Ltd.,non-scheduled,#01/2002,2029-01-17,AS 350 B3E,AS50,Airbus Helicopters,Airbus H125 (AS350),RW,6,6,passenger,ns-oper.pdf,2026-08-31,2026-05-31,,,,,
VT-HIX,,Heritage Aviation,Heritage Aviation Pvt. Ltd.,non-scheduled,#04/2015,2029-06-30,EC130T2,EC30,Airbus Helicopters,Airbus H130,RW,7,7,passenger,ns-oper.pdf,2026-08-31,2026-05-31,2025-12-16,9835,2025,Heritage Aviation Private Limited,-
VT-HJS,,IndiaOne Air,India One Air Private Limited,scheduled,SC-09,2027-06-23,Cessna Grand Caravan 208B,C208,Cessna,Cessna 208 Grand Caravan,FW,9,9,passenger,sch-oper.pdf,2026-08-31,2023-01-31,2022-05-11,208B5669,2022,Redound Aviation Limited,Redound Aviation Limited
VT-HJX,,Heritage Aviation,Heritage Aviation Pvt. Ltd.,non-scheduled,#04/2015,2029-06-30,AS350B3E,AS50,Airbus Helicopters,Airbus H125 (AS350),RW,6,6,passenger,ns-oper.pdf,2026-08-31,2025-09-30,2025-04-16,9444,2023,Heliswiss lberica SA,Heliswiss lberica SA
VT-HKB,8006F3,Kelachandra Logistics,Kelachandra Logistics Pvt. Ltd.,non-scheduled,#04/2019,2029-06-13,BELL429,B429,Bell,Bell 429,RW,5,5,passenger,ns-oper.pdf,2026-08-31,2013-05-02,2012-01-24,,,,M/S JAMSHEDPUR
VT-HKL,,Dhillon Aviation,Dhillon Aviation Pvt. Ltd.,non-scheduled,#5/2005,2028-09-07,BELL412,B412,Bell,Bell 412,RW,13,13,passenger,ns-oper.pdf,2026-08-31,2025-09-30,2024-12-26,36488,2008,MACQUARIE ROTORCRAFT LEASING IRELAND LIMITED,SAME AS OWNER
VT-HKX,,Heritage Aviation,Heritage Aviation Pvt. Ltd.,non-scheduled,#04/2015,2029-06-30,AS350B3E,AS50,Airbus Helicopters,Airbus H125 (AS350),RW,6,6,passenger,ns-oper.pdf,2026-08-31,2025-09-30,2025-04-16,9528,2023,Heliswiss lberica SA,Heliswiss lberica SA
VT-HLD,,Heligo Charters,Heligo Charters Pvt. Limited,non-scheduled,#01/2009,2029-02-10,AW139,A139,Leonardo,Leonardo AW139,RW,15,15,passenger,ns-oper.pdf,2026-08-31,2011-07-15,2014-04-07,31281,2010,M/S HELIGO CHARTERS PRIVATE LIMITED,-
VT-HLH,800B07,Heligo Charters,Heligo Charters Pvt. Limited,non-scheduled,#01/2009,2029-02-10,AW139,A139,Leonardo,Leonardo AW139,RW,15,15,passenger,ns-oper.pdf,2026-08-31,2015-06-09,2015-02-25,41365,2014,WILMINGTON TRUST SP SERVICES DUBLIN LIMITED,WILMINGTON TRUST SP SERVICES DUBLIN LIMITED
VT-HLI,,Heligo Charters,Heligo Charters Pvt. Limited,non-scheduled,#01/2009,2029-02-10,AS 365 N3,AS65,Airbus Helicopters,Airbus Dauphin (AS365),RW,11,11,passenger,ns-oper.pdf,2026-08-31,2014-08-07,2014-06-12,6773,2007,WILMINGTON TRUST SP SERVICES DUBLIN LIMITED,WILMINGTON TRUST SP SERVICES DUBLIN LIMITED
VT-HLJ,,Heligo Charters,Heligo Charters Pvt. Limited,non-scheduled,#01/2009,2029-02-10,AS 365 N3,AS65,Airbus Helicopters,Airbus Dauphin (AS365),RW,11,11,passenger,ns-oper.pdf,2026-08-31,2015-03-26,2014-05-28,6776,2007,WILMINGTON TRUST SP SERVICES (DUBLIN) LIMITED,WILMINGTON TRUST SP SERVICES (DUBLIN) LIMITED
VT-HLP,800D44,Heligo Charters,Heligo Charters Pvt. Limited,non-scheduled,#01/2009,2029-02-10,H145,EC45,Airbus Helicopters,Airbus H145,RW,8,8,passenger,ns-oper.pdf,2026-08-31,2019-03-31,2019-02-01,20204,2019,"Vertical Aviation No. 2 Limited Dublin 4, Ireland",Same As Owner
VT-HLQ,8013C0,Heligo Charters,Heligo Charters Pvt. Limited,non-scheduled,#01/2009,2029-02-10,H145,EC45,Airbus Helicopters,Airbus H145,RW,9,9,passenger,ns-oper.pdf,2026-08-31,2025-09-30,2020-02-18,20300,2020,"VERTICAL AVIATION NO.2 LIMITED DUBLIN 4, IRELAND",SAME AS OWNER
VT-HLR,801417,Heligo Charters,Heligo Charters Pvt. Limited,non-scheduled,#01/2009,2029-02-10,AW139,A139,Leonardo,Leonardo AW139,RW,15,15,passenger,ns-oper.pdf,2026-08-31,2025-09-30,2021-01-13,31545,2014,Portrane Aviation Limited,Portrane Aviation Limited
VT-HLS,801430,Heligo Charters,Heligo Charters Pvt. Limited,non-scheduled,#01/2009,2029-02-10,BELL 412EP,B412,Bell,Bell 412,RW,11,11,passenger,ns-oper.pdf,2026-08-31,2025-09-30,,,,,
VT-HLT,80142F,Heligo Charters,Heligo Charters Pvt. Limited,non-scheduled,#01/2009,2029-02-10,BELL 412EP,B412,Bell,Bell 412,RW,11,11,passenger,ns-oper.pdf,2026-08-31,2025-09-30,,,,,
VT-HLU,801467,Heligo Charters,Heligo Charters Pvt. Limited,non-scheduled,#01/2009,2029-02-10,AW139,A139,Leonardo,Leonardo AW139,RW,15,15,passenger,ns-oper.pdf,2026-08-31,2025-09-30,,,,,
VT-HLV,80156F,Heligo Charters,Heligo Charters Pvt. Limited,non-scheduled,#01/2009,2029-02-10,BELL 412 EPI,B412,Bell,Bell 412,RW,13,13,passenger,ns-oper.pdf,2026-08-31,2025-09-30,2023-02-17,37053,2022,Textron Financial Corporation,Textron Financial Corporation
VT-HLW,8015BD,Heligo Charters,Heligo Charters Pvt. Limited,non-scheduled,#01/2009,2029-02-10,H145,EC45,Airbus Helicopters,Airbus H145,RW,8,8,passenger,ns-oper.pdf,2026-08-31,2025-09-30,2023-07-21,21131,2022,Vertical Aviation No 2 Limited,Vertical Aviation No 2 Limited
VT-HLX,801675,Heligo Charters,Heligo Charters Pvt. Limited,non-scheduled,#01/2009,2029-02-10,H145,EC45,Airbus Helicopters,Airbus H145,RW,8,8,passenger,ns-oper.pdf,2026-08-31,2025-09-30,2024-04-02,21225,2023,VERTICAL AVIATION NO 2 LIMITED,SAME AS OWNER
VT-HLY,801676,Heligo Charters,Heligo Charters Pvt. Limited,non-scheduled,#01/2009,2029-02-10,H145,EC45,Airbus Helicopters,Airbus H145,RW,8,8,passenger,ns-oper.pdf,2026-08-31,2025-09-30,2024-05-16,21209,2024,VERTICAL AVIATION NO 2 LIMITED,SAME AS OWNER
VT-HLZ,801688,Heligo Charters,Heligo Charters Pvt. Limited,non-scheduled,#01/2009,2029-02-10,H145,EC45,Airbus Helicopters,Airbus H145,RW,8,8,passenger,ns-oper.pdf,2026-08-31,2025-09-30,2024-05-07,21235,2024,VERTICAL AVIATION NO 2 LIMITED,SAME AS OWNER
VT-HMA,8005AE,Reliance Commercial Dealers,Reliance Commercial Dealers Ltd.,non-scheduled,#02/2008,2029-01-14,GLOBAL EXPRESS BD-700,GLEX,Bombardier,Bombardier Global Express,FW,14,14,passenger,ns-oper.pdf,2026-08-31,2010-06-30,2010-04-23,,,M/S CORP AIRCRAFT LEASING COMPANY LTD,M/S INVESTEC INTERNATIONAL LIMITED
VT-HNA,8015BF,HN Safal Aviation,HN Safal Aviation Pvt. Ltd.,non-scheduled,#07/2019,2029-10-24,Gulfstream G-150,G150,Gulfstream,Gulfstream G150,FW,8,8,passenger,ns-oper.pdf,2026-08-31,2025-09-30,2023-05-18,284,2009,HN SAFAL AVIATION PVT LTD,
VT-HNB,,Heligo Charters,Heligo Charters Pvt. Limited,non-scheduled,#01/2009,2029-02-10,AW139,A139,Leonardo,Leonardo AW139,RW,15,15,passenger,ns-oper.pdf,2026-08-31,2026-05-31,2025-12-04,32106,2025,Vertical Aviation No 1 Limited,Vertical Aviation No 1 Limited
VT-HNC,,Jet Serve Aviation,Jet Serve Aviation Pvt. Ltd.,non-scheduled,#02/2017,2029-02-09,ROBINSON-44 RAVEN II,R44,Robinson,Robinson R44,RW,3,3,passenger,ns-oper.pdf,2026-08-31,2009-04-30,2017-11-30,11543,2006,M/S PINNOCLE AIR PVT LTD,M/S PINNOCLE AIR PVT LTD
VT-HOX,,Heritage Aviation,Heritage Aviation Pvt. Ltd.,non-scheduled,#04/2015,2029-06-30,EC130T2,EC30,Airbus Helicopters,Airbus H130,RW,7,7,passenger,ns-oper.pdf,2026-08-31,2026-05-31,,,,,
VT-HSR,,IIC Technologies,IIC Technologies Limited,non-scheduled,#06/2015,2029-07-09,CESSNA 206H,C206,Cessna,Cessna 206 Stationair,FW,,Aerial Work,aerial-work,ns-oper.pdf,2026-08-31,2025-09-30,2024-01-25,T20609172,2015,IIC TECHNOLOGIES PRIVATE LIMITED,
VT-HUH,8018BA,Indo Pacific Aviation,Indo Pacific Aviation Pvt. Ltd.,non-scheduled,#03/1997,2028-10-14,BD-700-1A10(G6000),GL5T,Bombardier,Bombardier Global 5000/5500/6000/6500,FW,13,13,passenger,ns-oper.pdf,2026-08-31,2026-05-31,,,,,
VT-HVV,80142E,Air Charters Services,Air Charters Services Pvt. Ltd.,non-scheduled,#15/2008,2029-05-14,FALCON 7X (M 1000),FA7X,Dassault,Dassault Falcon 7X,FW,14,14,passenger,ns-oper.pdf,2026-08-31,2025-09-30,2021-04-28,432,2017,MERRITT AVIATIONS LIMITED,MERRITT AVIATIONS LIMITED
VT-HYA,,SKB Infracons,SKB Infracons Pvt. Ltd.,non-scheduled,#05/2007,2029-06-20,KING AIR C 90A,BE9L,Beechcraft,Beechcraft King Air C90,FW,6,6,passenger,ns-oper.pdf,2026-08-31,2009-01-20,,,,,
VT-IAH,800429,Reliance Commercial Dealers,Reliance Commercial Dealers Ltd.,non-scheduled,#02/2008,2029-01-14,A319-115 CJ,A319,Airbus,Airbus A319,FW,19,19,passenger,ns-oper.pdf,2026-08-31,2009-01-20,2011-01-13,,,M/S AIRCRAFT RENTAL LEASING LIMITED,M/S INVESTEC INTERNATIONAL LIMITED
VT-IAN,800AF4,IndiGo,Interglobe Aviation Ltd.,scheduled,S-19,2027-08-02,A320-232,A320,Airbus,Airbus A320,FW,180,180,passenger,sch-oper.pdf,2026-08-31,2014-06-12,2014-03-07,6010,2014,GOOD FLY LEASING LIMITED,M/S GOOD FLY LEASING LIMITED
VT-IAO,800AF5,IndiGo,Interglobe Aviation Ltd.,scheduled,S-19,2027-08-02,A320-232,A320,Airbus,Airbus A320,FW,180,180,passenger,sch-oper.pdf,2026-08-31,2014-06-12,2014-04-02,6036,2014,GOOD FLY LEASING LIMITED,M/S GOOD FLY LEASING LIMITED
VT-IAQ,800B12,IndiGo,Interglobe Aviation Ltd.,scheduled,S-19,2027-08-02,A320-232,A320,Airbus,Airbus A320,FW,180,180,passenger,sch-oper.pdf,2026-08-31,2016-02-10,2014-08-29,6247,2014,GOOD FLY LEASING LIMITED,GOOD FLY LEASING LIMITED
VT-IAR,800B13,IndiGo,Interglobe Aviation Ltd.,scheduled,S-19,2027-08-02,A320-232,A320,Airbus,Airbus A320,FW,180,180,passenger,sch-oper.pdf,2026-08-31,2016-02-10,2014-09-23,6275,2014,GOOD FLY LEASING LIMITED,GOOD FLY LEASING LIMITED
VT-IAS,800B14,IndiGo,Interglobe Aviation Ltd.,scheduled,S-19,2027-08-02,A320-232,A320,Airbus,Airbus A320,FW,180,180,passenger,sch-oper.pdf,2026-08-31,2016-02-10,2014-09-30,6289,2014,GOOD FLY LEASING LIMITED,GOOD FLY LEASING LIMITED
VT-IAX,800B2B,IndiGo,Interglobe Aviation Ltd.,scheduled,S-19,2027-08-02,A320-232,A320,Airbus,Airbus A320,FW,180,180,passenger,sch-oper.pdf,2026-08-31,2016-02-10,2016-02-01,6287,2014,TC-CIT AVIATION IRELAND LIMITED,TC-CIT AVIATION IRELAND LIMITED
VT-IAZ,8016D4,IndiGo,Interglobe Aviation Ltd.,scheduled,S-19,2027-08-02,A321-252NX,A21N,Airbus,Airbus A321neo,FW,,,passenger,sch-oper.pdf,2026-08-31,2024-11-15,2024-08-23,12062,2024,INDICAN LEASING 1 DESIGNATED ACTIVITY COMPANY,INTERGLOBE AVIATION FINANCIAL SERVICES IFSC PRIVATE LIMITED
VT-IBA,80048B,Chipsan Aviation,Chipsan Aviation Pvt. Ltd.,non-scheduled,#04/2017,2029-05-22,EC135P2+,EC35,Airbus Helicopters,Airbus H135,RW,6,6,passenger,ns-oper.pdf,2026-08-31,2009-01-20,,,,,
VT-IBB,80153E,IndiGo,Interglobe Aviation Ltd.,scheduled,S-19,2027-08-02,A321-252NX,A21N,Airbus,Airbus A321neo,FW,,,passenger,sch-oper.pdf,2026-08-31,2023-01-31,2022-11-18,10900,2022,AVOLON LEASING IRELAND 1 LIMITED,AVOLON LEASING IRELAND 1 LIMITED
VT-IBC,80154B,IndiGo,Interglobe Aviation Ltd.,scheduled,S-19,2027-08-02,A321-252NX,A21N,Airbus,Airbus A321neo,FW,,,passenger,sch-oper.pdf,2026-08-31,2023-01-31,2022-11-11,11025,2022,CALF (A4) AVIATION IRELAND DAC,CALF (A4) AVIATION IRELAND DAC
VT-IBD,80154D,IndiGo,Interglobe Aviation Ltd.,scheduled,S-19,2027-08-02,A321-252NX,A21N,Airbus,Airbus A321neo,FW,,,passenger,sch-oper.pdf,2026-08-31,2023-01-31,2022-11-24,11065,2022,AVOLON LEASING IRELAND 1 LIMITED,AVOLON LEASING IRELAND 1 LIMITED
VT-IBE,801551,IndiGo,Interglobe Aviation Ltd.,scheduled,S-19,2027-08-02,A321-252NX,A21N,Airbus,Airbus A321neo,FW,,,passenger,sch-oper.pdf,2026-08-31,2023-01-31,2022-12-06,11010,2022,AVOLON LEASING IRELAND 1 LIMITED,AVOLON LEASING IRELAND 1 LIMITED
VT-IBF,80155B,IndiGo,Interglobe Aviation Ltd.,scheduled,S-19,2027-08-02,A321-252NX,A21N,Airbus,Airbus A321neo,FW,,,passenger,sch-oper.pdf,2026-08-31,2023-01-31,2022-12-08,10961,2022,AVOLON LEASING IRELAND 1 LIMITED,AVOLON LEASING IRELAND 1 LIMITED
VT-IBH,80155C,IndiGo,Interglobe Aviation Ltd.,scheduled,S-19,2027-08-02,A321-252NX,A21N,Airbus,Airbus A321neo,FW,,,passenger,sch-oper.pdf,2026-08-31,2023-01-31,2022-12-10,11038,2022,AVOLON LEASING IRELAND 1 LIMITED,AVOLON LEASING IRELAND 1 LIMITED
VT-IBI,80158A,IndiGo,Interglobe Aviation Ltd.,scheduled,S-19,2027-08-02,A321-252NX,A21N,Airbus,Airbus A321neo,FW,,,passenger,sch-oper.pdf,2026-08-31,2023-06-15,2023-02-21,11101,2023,AVOLON LEASING IRELAND 1 LIMITED,AVOLON LEASING IRELAND 1 LIMITED
VT-IBJ,80156A,IndiGo,Interglobe Aviation Ltd.,scheduled,S-19,2027-08-02,A321-252NX,A21N,Airbus,Airbus A321neo,FW,,,passenger,sch-oper.pdf,2026-08-31,2023-01-31,2023-02-01,11114,2022,AVOLON LEASING IRELAND 1 LIMITED,AVOLON LEASING IRELAND 1 LIMITED
VT-IBK,8015AD,IndiGo,Interglobe Aviation Ltd.,scheduled,S-19,2027-08-02,A321-252NX,A21N,Airbus,Airbus A321neo,FW,,,passenger,sch-oper.pdf,2026-08-31,2023-06-15,2023-04-17,11274,2023,"GY AVIATION LEASE 2203 CO., LIMITED","GY AVIATION LEASE 2203 CO., LIMITED"
VT-IBL,8015B2,IndiGo,Interglobe Aviation Ltd.,scheduled,S-19,2027-08-02,A321-252NX,A21N,Airbus,Airbus A321neo,FW,,,passenger,sch-oper.pdf,2026-08-31,2023-06-15,2023-04-20,11321,2023,"GY AVIATION LEASE 2204 CO., LIMITED","GY AVIATION LEASE 2204 CO., LIMITED"
VT-IBM,8015BC,IndiGo,Interglobe Aviation Ltd.,scheduled,S-19,2027-08-02,A321-252NX,A21N,Airbus,Airbus A321neo,FW,,,passenger,sch-oper.pdf,2026-08-31,2023-06-15,2023-12-05,11334,2023,"GY AVIATION LEASE 2205 CO., LIMITED","GY AVIATION LEASE 2205 CO., LIMITED"
VT-IBN,8015C7,IndiGo,Interglobe Aviation Ltd.,scheduled,S-19,2027-08-02,A321-252NX,A21N,Airbus,Airbus A321neo,FW,,,passenger,sch-oper.pdf,2026-08-31,2023-06-15,2023-01-06,11305,2023,NAC AVIATION 44 LIMITED,NAC AVIATION 44 LIMITED
VT-IBO,8015C2,IndiGo,Interglobe Aviation Ltd.,scheduled,S-19,2027-08-02,A321-252NX,A21N,Airbus,Airbus A321neo,FW,,,passenger,sch-oper.pdf,2026-08-31,2023-06-15,2023-05-19,11326,2023,NAC AVIATION 44 LIMITED,NAC AVIATION 44 LIMITED
VT-IBQ,8015CB,IndiGo,Interglobe Aviation Ltd.,scheduled,S-19,2027-08-02,A321-252NX,A21N,Airbus,Airbus A321neo,FW,,,passenger,sch-oper.pdf,2026-08-31,2024-06-10,2023-06-15,11385,2023,SATO AVIATION IRELAND LIMITED,SATO AVIATION IRELAND LIMITED
VT-IBT,8015C6,IndiGo,Interglobe Aviation Ltd.,scheduled,S-19,2027-08-02,A321-252NX,A21N,Airbus,Airbus A321neo,FW,,,passenger,sch-oper.pdf,2026-08-31,2023-06-15,2023-05-26,11364,2023,NAC AVIATION 44 LIMITED,NAC AVIATION 44 LIMITED
VT-IBU,8015C9,IndiGo,Interglobe Aviation Ltd.,scheduled,S-19,2027-08-02,A321-252NX,A21N,Airbus,Airbus A321neo,FW,,,passenger,sch-oper.pdf,2026-08-31,2024-06-10,2023-06-14,11430,2023,NAC AVIATION 50 LIMITED,NAC AVIATION 50 LIMITED
VT-IBV,8015D3,IndiGo,Interglobe Aviation Ltd.,scheduled,S-19,2027-08-02,A321-252NX,A21N,Airbus,Airbus A321neo,FW,,,passenger,sch-oper.pdf,2026-08-31,2024-06-10,,,,,
VT-IBW,8015E6,IndiGo,Interglobe Aviation Ltd.,scheduled,S-19,2027-08-02,A321-252NX,A21N,Airbus,Airbus A321neo,FW,,,passenger,sch-oper.pdf,2026-08-31,2024-06-10,2023-08-16,11404,2023,CAVIC 58 DESIGNATED ACTIVITY COMPANY,CAVIC 58 DESIGNATED ACTIVITY COMPANY
VT-IBX,8015DB,IndiGo,Interglobe Aviation Ltd.,scheduled,S-19,2027-08-02,A321-252NX,A21N,Airbus,Airbus A321neo,FW,,,passenger,sch-oper.pdf,2026-08-31,2024-06-10,2023-07-18,11447,2023,DYNAM AVIATION IRELAND SIX LIMITED,DYNAM AVIATION IRELAND SIX LIMITED
VT-IBY,8015E5,IndiGo,Interglobe Aviation Ltd.,scheduled,S-19,2027-08-02,A321-252NX,A21N,Airbus,Airbus A321neo,FW,,,passenger,sch-oper.pdf,2026-08-31,2024-06-10,2023-11-08,11456,2023,CAVIC 58 DESIGNATED ACTIVITY COMPANY,CAVIC 58 DESIGNATED ACTIVITY COMPANY
VT-IBZ,8015E7,IndiGo,Interglobe Aviation Ltd.,scheduled,S-19,2027-08-02,A321-252NX,A21N,Airbus,Airbus A321neo,FW,,,passenger,sch-oper.pdf,2026-08-31,2024-06-10,2023-08-21,11449,2023,CAVIC 58 DESIGNATED ACTIVITY COMPANY,CAVIC 58 DESIGNATED ACTIVITY COMPANY
VT-ICB,8016DB,IndiGo,Interglobe Aviation Ltd.,scheduled,S-19,2027-08-02,A321-252NX,A21N,Airbus,Airbus A321neo,FW,,,passenger,sch-oper.pdf,2026-08-31,2024-11-15,2024-09-06,11984,2024,INDICAN LEASING 1 DESIGNATED ACTIVITY COMPANY,INTERGLOBE AVIATION FINANCIAL SERVICES IFSC PRIVATE LIMITED
VT-ICC,8016DF,IndiGo,Interglobe Aviation Ltd.,scheduled,S-19,2027-08-02,A321-252NX,A21N,Airbus,Airbus A321neo,FW,,,passenger,sch-oper.pdf,2026-08-31,2024-11-15,2024-09-24,12107,2024,INDICAN LEASING 1 DESIGNATED ACTIVITY COMPANY,INTERGLOBE AVIATION FINANCIAL SERVICES IFSC PRIVATE LIMITED
VT-ICD,80171B,IndiGo,Interglobe Aviation Ltd.,scheduled,S-19,2027-08-02,A321-252NX,A21N,Airbus,Airbus A321neo,FW,,,passenger,sch-oper.pdf,2026-08-31,2024-11-15,2024-10-01,12118,2024,INDICAN LEASING X1879:AD18792 DESIGNATED ACTIVITY COMPANY,INTERGLOBE AVIATION FINANCIAL SERVICES IFSC PRIVATE LIMITED
VT-ICF,80172C,IndiGo,Interglobe Aviation Ltd.,scheduled,S-19,2027-08-02,A321-252NX,A21N,Airbus,Airbus A321neo,FW,,,passenger,sch-oper.pdf,2026-08-31,2024-11-15,2024-10-30,12081,2024,SFVI AIRCRAFT HOLDINGS IRE 3 DESIGN DESIGNATED ACTIVITY COMPANY,SAME AS OWNER
VT-ICG,801741,IndiGo,Interglobe Aviation Ltd.,scheduled,S-19,2027-08-02,A321-252NX,A21N,Airbus,Airbus A321neo,FW,,,passenger,sch-oper.pdf,2026-08-31,2025-04-30,2024-11-29,12091,2024,INDICAN LEASING 1 DESIGNATED ACTIVITY COMPANY,INTERGLOBE AVIATION FINANCIAL SERVICES IFSC PRIVATE LIMITED
VT-ICI,80172E,IndiGo,Interglobe Aviation Ltd.,scheduled,S-19,2027-08-02,A321-252NX,A21N,Airbus,Airbus A321neo,FW,,,passenger,sch-oper.pdf,2026-08-31,2025-04-30,2024-11-08,12327,2024,INDICAN LEASING 2 DESIGNATED ACTIVITY COMPANY,INTERGLOBE AVIATION FINACIAL SERVICES IFSC PRIVATE LIMITED
VT-ICK,80173C,IndiGo,Interglobe Aviation Ltd.,scheduled,S-19,2027-08-02,A321-252NX,A21N,Airbus,Airbus A321neo,FW,,,passenger,sch-oper.pdf,2026-08-31,2025-04-30,2024-11-22,12222,2024,INDICAN LEASING 2 DESIGNATED ACTIVITY COMPANY,INTERGLOBE AVIATION FINANCIAL SERVICES IFSC PRIVATE LIMITED
VT-ICL,801738,IndiGo,Interglobe Aviation Ltd.,scheduled,S-19,2027-08-02,A321-252NX,A21N,Airbus,Airbus A321neo,FW,,,passenger,sch-oper.pdf,2026-08-31,2025-04-30,2024-11-21,12129,2024,INDICAN LEASING 2 DESIGNATED ACTIVITY COMPANY,INTERGLOBE AVIATION FINANCIAL SERVICES IFSC PRIVATE LIMITED
VT-ICM,80173E,IndiGo,Interglobe Aviation Ltd.,scheduled,S-19,2027-08-02,A321-252NX,A21N,Airbus,Airbus A321neo,FW,,,passenger,sch-oper.pdf,2026-08-31,2025-04-30,2024-11-28,12191,2024,AIRCASTLE (IRELAND) DESIGNATED ACTIVITY COMPANY,INTERGLOBE AVIATION FINANCIAL SERVICES IFSC PRIVATE LIMITED
VT-ICN,801608,IndiGo,Interglobe Aviation Ltd.,scheduled,S-19,2027-08-02,A321-252NX,A21N,Airbus,Airbus A321neo,FW,,,passenger,sch-oper.pdf,2026-08-31,2024-06-10,2023-09-29,11463,2023,CAVIC 34 DESIGNATED ACTIVITY COMPANY,CAVIC 34 DESIGNATED ACTIVITY COMPANY
VT-ICO,80160F,IndiGo,Interglobe Aviation Ltd.,scheduled,S-19,2027-08-02,A321-252NX,A21N,Airbus,Airbus A321neo,FW,,,passenger,sch-oper.pdf,2026-08-31,2024-06-10,2023-11-10,11415,2023,CAVIC 34 DESIGNATED ACTIVITY COMPANY,CAVIC 34 DESIGNATED ACTIVITY COMPANY
VT-ICP,80169D,IndiGo,Interglobe Aviation Ltd.,scheduled,S-19,2027-08-02,A321-252NX,A21N,Airbus,Airbus A321neo,FW,,,passenger,sch-oper.pdf,2026-08-31,2024-06-10,2024-05-14,11845,2024,GAGANA AVIATION CAPITAL LIMITED,SAME AS OWNER
VT-ICQ,8016A4,IndiGo,Interglobe Aviation Ltd.,scheduled,S-19,2027-08-02,A321-252NX,A21N,Airbus,Airbus A321neo,FW,,,passenger,sch-oper.pdf,2026-08-31,2024-11-15,2024-06-06,11892,2024,SMBC AVIATION CAPITAL LIMITED,SAME AS OWNER
VT-ICR,8016A9,IndiGo,Interglobe Aviation Ltd.,scheduled,S-19,2027-08-02,A321-252NX,A21N,Airbus,Airbus A321neo,FW,,,passenger,sch-oper.pdf,2026-08-31,2024-11-15,2024-06-14,11957,2024,ORIX AVIATION SYSTEMS LIMITED,SAME AS OWNER
VT-ICS,8016B1,IndiGo,Interglobe Aviation Ltd.,scheduled,S-19,2027-08-02,A321-252NX,A21N,Airbus,Airbus A321neo,FW,,,passenger,sch-oper.pdf,2026-08-31,2024-11-15,2024-07-02,11981,2024,SMBC AVIATION CAPITAL LIMITED,SAME AS OWNER
VT-ICT,8016B7,IndiGo,Interglobe Aviation Ltd.,scheduled,S-19,2027-08-02,A321-252NX,A21N,Airbus,Airbus A321neo,FW,,,passenger,sch-oper.pdf,2026-08-31,2024-11-15,2024-07-09,11935,2024,SFVI AIRCRAFT HOLDINGS IRE 2 DESIGNATED ACTIVITY COMPANY,SAME AS OWNER
VT-ICV,8016B8,IndiGo,Interglobe Aviation Ltd.,scheduled,S-19,2027-08-02,A321-252NX,A21N,Airbus,Airbus A321neo,FW,,,passenger,sch-oper.pdf,2026-08-31,2024-11-15,2024-07-18,11958,2024,SFVI AIRCRAFT HOLDINGS IRE 1 DESIGNATED ACTIVITY COMPANY,SAME AS OWNER
VT-ICW,801736,IndiGo,Interglobe Aviation Ltd.,scheduled,S-19,2027-08-02,A321-252NX,A21N,Airbus,Airbus A321neo,FW,,,passenger,sch-oper.pdf,2026-08-31,2025-04-30,2024-11-22,11929,2024,INDICAN LEASING 2 DESIGNATED ACTIVITY COMPANY,INTERGLOBE AVIATION FINANCIAL SERVICES IFSC PRIVATE LIMITED
VT-ICX,8016BC,IndiGo,Interglobe Aviation Ltd.,scheduled,S-19,2027-08-02,A321-252NX,A21N,Airbus,Airbus A321neo,FW,,,passenger,sch-oper.pdf,2026-08-31,2024-11-15,2024-07-23,12036,2024,SMBC AVIATION CAPITAL LIMITED,SAME AS OWNER
VT-ICY,801749,IndiGo,Interglobe Aviation Ltd.,scheduled,S-19,2027-08-02,A321-252NX,A21N,Airbus,Airbus A321neo,FW,,,passenger,sch-oper.pdf,2026-08-31,2025-04-30,2025-01-03,12232,2024,INDICAN LEASING 4 DESIGNATED ACTIVITY COMPNAY,INTERGLOBE AVIATION FINANCIAL SERVICES IFSC PRIVATE LIMITED
VT-IFH,800756,IndiGo,Interglobe Aviation Ltd.,scheduled,S-19,2027-08-02,A320-232,A320,Airbus,Airbus A320,FW,180,180,passenger,sch-oper.pdf,2026-08-31,2013-05-02,2013-01-28,,,,
VT-IFI,8007B0,IndiGo,Interglobe Aviation Ltd.,scheduled,S-19,2027-08-02,A320-232,A320,Airbus,Airbus A320,FW,180,180,passenger,sch-oper.pdf,2026-08-31,2013-05-02,2013-02-01,,,"M/S UNICORN LEASING LTD. 3RD FLOOR, 19-20 CITY QUAY, DUBLIN 2, IRELAND",
VT-IFK,8007B2,IndiGo,Interglobe Aviation Ltd.,scheduled,S-19,2027-08-02,A320-232,A320,Airbus,Airbus A320,FW,180,180,passenger,sch-oper.pdf,2026-08-31,2013-05-02,2013-02-21,,,M/S UNICORN LEASING LTD,
VT-IFL,8007B3,IndiGo,Interglobe Aviation Ltd.,scheduled,S-19,2027-08-02,A320-232,A320,Airbus,Airbus A320,FW,180,180,passenger,sch-oper.pdf,2026-08-31,2013-05-02,2013-02-01,,,"M/S UNICORN LEASING LTD. 3RD FLOOR, 19-20 CITY QUAY, DUBLIN 2, IRELAND",
VT-IFM,8007C9,IndiGo,Interglobe Aviation Ltd.,scheduled,S-19,2027-08-02,A320-232,A320,Airbus,Airbus A320,FW,180,180,passenger,sch-oper.pdf,2026-08-31,2013-05-02,2013-04-10,,,M/S UNICORN LEASING LIMITED,
VT-IFN,8007CA,IndiGo,Interglobe Aviation Ltd.,scheduled,S-19,2027-08-02,A320-232,A320,Airbus,Airbus A320,FW,180,180,passenger,sch-oper.pdf,2026-08-31,2013-09-04,2013-05-14,,,M/S UNICORN LEASING LIMITED,
VT-IFP,8007CC,IndiGo,Interglobe Aviation Ltd.,scheduled,S-19,2027-08-02,A320-232,A320,Airbus,Airbus A320,FW,180,180,passenger,sch-oper.pdf,2026-08-31,2013-09-04,2013-07-01,,,M/S UNICORN LEASING LIMITED,
VT-IFQ,8007CD,IndiGo,Interglobe Aviation Ltd.,scheduled,S-19,2027-08-02,A320-232,A320,Airbus,Airbus A320,FW,180,180,passenger,sch-oper.pdf,2026-08-31,2013-09-04,2013-07-03,,,M/S UNICORN LEASING LIMITED,
VT-IFR,8007CE,IndiGo,Interglobe Aviation Ltd.,scheduled,S-19,2027-08-02,A320-232,A320,Airbus,Airbus A320,FW,180,180,passenger,sch-oper.pdf,2026-08-31,2013-09-04,2013-08-06,,,M/S UNICORN LEASING LIMITED,
VT-IFS,8007CF,IndiGo,Interglobe Aviation Ltd.,scheduled,S-19,2027-08-02,A320-232,A320,Airbus,Airbus A320,FW,180,180,passenger,sch-oper.pdf,2026-08-31,2013-09-04,2013-08-29,,,M/S UNICORN LEASING LIMITED,
VT-IFV,8007DF,IndiGo,Interglobe Aviation Ltd.,scheduled,S-19,2027-08-02,A320-232,A320,Airbus,Airbus A320,FW,180,180,passenger,sch-oper.pdf,2026-08-31,2013-12-05,2013-10-25,5829,2013,UNICORN LEASING LIMITED,UNICORN LEASING LIMITED
VT-IFZ,800AF1,IndiGo,Interglobe Aviation Ltd.,scheduled,S-19,2027-08-02,A320-232,A320,Airbus,Airbus A320,FW,180,180,passenger,sch-oper.pdf,2026-08-31,2014-06-12,2014-02-04,5952,2014,M/S GOOD FLY LEASING LIMITED,M/S GOOD FLY LEASING LIMITED
VT-IIA,801455,IndiGo,Interglobe Aviation Ltd.,scheduled,S-19,2027-08-02,A320-251N,A20N,Airbus,Airbus A320neo,FW,186,186,passenger,sch-oper.pdf,2026-08-31,2023-01-31,,,,,
VT-IIB,80145C,IndiGo,Interglobe Aviation Ltd.,scheduled,S-19,2027-08-02,A320-251N,A20N,Airbus,Airbus A320neo,FW,186,186,passenger,sch-oper.pdf,2026-08-31,2023-01-31,,,,,
VT-IIC,800B50,IIC Technologies,IIC Technologies Limited,non-scheduled,#06/2015,2029-07-09,CESSNA CARAVAN 208B,C208,Cessna,Cessna 208 Grand Caravan,FW,9,9,passenger,ns-oper.pdf,2026-08-31,2015-09-01,2014-12-22,208B2008,2008,IIC TECHNOLOGIES LIMITED,-
VT-IID,80145D,IndiGo,Interglobe Aviation Ltd.,scheduled,S-19,2027-08-02,A320-251N,A20N,Airbus,Airbus A320neo,FW,186,186,passenger,sch-oper.pdf,2026-08-31,2023-01-31,,,,,
VT-IIE,80145E,IndiGo,Interglobe Aviation Ltd.,scheduled,S-19,2027-08-02,A320-251N,A20N,Airbus,Airbus A320neo,FW,186,186,passenger,sch-oper.pdf,2026-08-31,2023-01-31,,,,,
VT-IIF,801470,IndiGo,Interglobe Aviation Ltd.,scheduled,S-19,2027-08-02,A320-251N,A20N,Airbus,Airbus A320neo,FW,186,186,passenger,sch-oper.pdf,2026-08-31,2023-01-31,,,,,
VT-IIG,80145F,IndiGo,Interglobe Aviation Ltd.,scheduled,S-19,2027-08-02,A320-251N,A20N,Airbus,Airbus A320neo,FW,186,186,passenger,sch-oper.pdf,2026-08-31,2023-01-31,,,,,
VT-IIH,80148F,IndiGo,Interglobe Aviation Ltd.,scheduled,S-19,2027-08-02,A320-251N,A20N,Airbus,Airbus A320neo,FW,186,186,passenger,sch-oper.pdf,2026-08-31,2023-01-31,,,,,
VT-IIJ,80148E,IndiGo,Interglobe Aviation Ltd.,scheduled,S-19,2027-08-02,A320-251N,A20N,Airbus,Airbus A320neo,FW,186,186,passenger,sch-oper.pdf,2026-08-31,2023-01-31,,,,,
VT-IIK,80149A,IndiGo,Interglobe Aviation Ltd.,scheduled,S-19,2027-08-02,A320-251N,A20N,Airbus,Airbus A320neo,FW,186,186,passenger,sch-oper.pdf,2026-08-31,2023-01-31,,,,,
VT-IIL,80149C,IndiGo,Interglobe Aviation Ltd.,scheduled,S-19,2027-08-02,A320-251N,A20N,Airbus,Airbus A320neo,FW,186,186,passenger,sch-oper.pdf,2026-08-31,2023-01-31,,,,,
VT-IIM,801499,IndiGo,Interglobe Aviation Ltd.,scheduled,S-19,2027-08-02,A320-251N,A20N,Airbus,Airbus A320neo,FW,186,186,passenger,sch-oper.pdf,2026-08-31,2023-01-31,,,,,
VT-IIN,8014B0,IndiGo,Interglobe Aviation Ltd.,scheduled,S-19,2027-08-02,A320-251N,A20N,Airbus,Airbus A320neo,FW,186,186,passenger,sch-oper.pdf,2026-08-31,2023-01-31,,,,,
VT-IIO,8014AF,IndiGo,Interglobe Aviation Ltd.,scheduled,S-19,2027-08-02,A320-251N,A20N,Airbus,Airbus A320neo,FW,186,186,passenger,sch-oper.pdf,2026-08-31,2023-01-31,,,,,
VT-IIP,8014B2,IndiGo,Interglobe Aviation Ltd.,scheduled,S-19,2027-08-02,A320-251N,A20N,Airbus,Airbus A320neo,FW,186,186,passenger,sch-oper.pdf,2026-08-31,2023-01-31,,,,,
VT-IIQ,8014BD,IndiGo,Interglobe Aviation Ltd.,scheduled,S-19,2027-08-02,A320-251N,A20N,Airbus,Airbus A320neo,FW,186,186,passenger,sch-oper.pdf,2026-08-31,2023-01-31,2022-01-20,10740,2022,CELESTIAL AVIATION TRADING 38 LIMITED,CELESTIAL AVIATION TRADING 38 LIMITED
VT-IIR,8014BC,IndiGo,Interglobe Aviation Ltd.,scheduled,S-19,2027-08-02,A320-251N,A20N,Airbus,Airbus A320neo,FW,186,186,passenger,sch-oper.pdf,2026-08-31,2023-01-31,2022-01-25,10746,2022,GILEAD AVIATION IRELAND 1 LIMITED,GILEAD AVIATION IRELAND 1 LIMITED
VT-IIS,8014C0,IndiGo,Interglobe Aviation Ltd.,scheduled,S-19,2027-08-02,A320-251N,A20N,Airbus,Airbus A320neo,FW,186,186,passenger,sch-oper.pdf,2026-08-31,2023-01-31,2022-02-17,10766,2022,EINN VOLANT AIRCRAFT LEASING IRELAND 1 LIMITED,EINN VOLANT AIRCRAFT LEASING IRELAND 1 LIMITED
VT-IIU,8014D3,IndiGo,Interglobe Aviation Ltd.,scheduled,S-19,2027-08-02,A320-251N,A20N,Airbus,Airbus A320neo,FW,186,186,passenger,sch-oper.pdf,2026-08-31,2023-01-31,2022-05-19,10823,2022,GILEAD AVIATION IRELAND 1 LIMITED,GILEAD AVIATION IRELAND 1 LIMITED
VT-IIV,8014D6,IndiGo,Interglobe Aviation Ltd.,scheduled,S-19,2027-08-02,A320-251N,A20N,Airbus,Airbus A320neo,FW,186,186,passenger,sch-oper.pdf,2026-08-31,2023-01-31,2022-05-10,10829,2022,CELESTIAL AVIATION TRADING 38 LIMITED,CELESTIAL AVIATION TRADING 38 LIMITED
VT-IIW,8014DC,IndiGo,Interglobe Aviation Ltd.,scheduled,S-19,2027-08-02,A320-251N,A20N,Airbus,Airbus A320neo,FW,186,186,passenger,sch-oper.pdf,2026-08-31,2023-01-31,2022-05-13,10719,2022,GILEAD AVIATION IRELAND 1 LIMITED,GILEAD AVIATION IRELAND 1 LIMITED
VT-IIX,801506,IndiGo,Interglobe Aviation Ltd.,scheduled,S-19,2027-08-02,A320-251N,A20N,Airbus,Airbus A320neo,FW,186,186,passenger,sch-oper.pdf,2026-08-31,2023-01-31,2022-09-30,10885,2022,CELESTIAL AVIATION TRADING 32 LIMITED,CELESTIAL AVIATION TRADING 32 LIMITED
VT-IIY,8014F7,IndiGo,Interglobe Aviation Ltd.,scheduled,S-19,2027-08-02,A320-251N,A20N,Airbus,Airbus A320neo,FW,186,186,passenger,sch-oper.pdf,2026-08-31,2023-01-31,2022-09-01,10957,2022,GILEAD AVIATION IRELAND 2 LIMITED,GILEAD AVIATION IRELAND 2 LIMITED
VT-IIZ,8014FA,IndiGo,Interglobe Aviation Ltd.,scheduled,S-19,2027-08-02,A320-251N,A20N,Airbus,Airbus A320neo,FW,186,186,passenger,sch-oper.pdf,2026-08-31,2023-01-31,2022-07-29,10986,2022,GILEAD AVIATION IRELAND 2 LIMITED,GILEAD AVIATION IRELAND 2 LIMITED
VT-IJI,800DAA,IndiGo,Interglobe Aviation Ltd.,scheduled,S-19,2027-08-02,A320-271N,A20N,Airbus,Airbus A320neo,FW,186,186,passenger,sch-oper.pdf,2026-08-31,2019-07-15,2019-07-01,9045,2019,"Sdh Wings Leasing 1 Limited Dublin 1, Ireland",Same As Owner
VT-IJN,8013D3,IndiGo,Interglobe Aviation Ltd.,scheduled,S-19,2027-08-02,A320-271N,A20N,Airbus,Airbus A320neo,FW,186,186,passenger,sch-oper.pdf,2026-08-31,2023-01-31,2020-05-05,9094,2020,"CAVIC 1 DESIGNATED ACTIVITY COMPANY DUBLIN 1, IRELAND.",SAME AS OWNER
VT-IJQ,8013DA,IndiGo,Interglobe Aviation Ltd.,scheduled,S-19,2027-08-02,A320-271N,A20N,Airbus,Airbus A320neo,FW,186,186,passenger,sch-oper.pdf,2026-08-31,2023-01-31,2020-05-29,9212,2020,"PEMBROKE AIRCRAFT LEASING 4 LIMITED DUBLIN 2, IRELAND,",SAME AS OWNER
VT-IJS,,Bativala M Bhagvati Flying Charters,Bativala M Bhagvati Flying Charters LLP,non-scheduled,#05/2023,2028-05-31,CESSNA R172K,C172,Cessna,Cessna 172,FW,3,3,passenger,ns-oper.pdf,2026-08-31,2025-09-30,,,,,
VT-IJT,80139D,IndiGo,Interglobe Aviation Ltd.,scheduled,S-19,2027-08-02,A320-271N,A20N,Airbus,Airbus A320neo,FW,186,186,passenger,sch-oper.pdf,2026-08-31,2023-01-31,2019-10-30,9283,2019,"CAVIC 17 DESIGNATED ACTIVITY COMPANY 2 GRAND CANAL SQUARE, GRAND CANAL HARBOUR, DUBLIN 2, IRELAND",SAME AS OWNER
VT-IJV,8013B5,IndiGo,Interglobe Aviation Ltd.,scheduled,S-19,2027-08-02,A320-271N,A20N,Airbus,Airbus A320neo,FW,186,186,passenger,sch-oper.pdf,2026-08-31,2023-01-31,2019-12-31,9391,2019,"BLUESKY 30 LEASING COMPANY LIMITED 2 GRAND CANAL SQUARE, GRAND CANAL HARBOUR, DUBLIN 2, IRELAND",SAME AS OWNER
VT-IJX,8013C8,IndiGo,Interglobe Aviation Ltd.,scheduled,S-19,2027-08-02,A320-271N,A20N,Airbus,Airbus A320neo,FW,186,186,passenger,sch-oper.pdf,2026-08-31,2023-01-31,2020-03-05,9559,2020,"BLUESKY 30 LEASING COMPANY LIMITED DUBLIN2, IRELAND",SAME AS OWNER
VT-IJY,8013C9,IndiGo,Interglobe Aviation Ltd.,scheduled,S-19,2027-08-02,A320-271N,A20N,Airbus,Airbus A320neo,FW,186,186,passenger,sch-oper.pdf,2026-08-31,2023-01-31,2020-03-06,9562,2020,"CAVIC 17 DESIGNATED ACTIVITY COMPANY DUBLIN 2, IRELAND",SAME AS OWNER
VT-IJZ,8013DC,IndiGo,Interglobe Aviation Ltd.,scheduled,S-19,2027-08-02,A320-271N,A20N,Airbus,Airbus A320neo,FW,186,186,passenger,sch-oper.pdf,2026-08-31,2023-01-31,,,,,
VT-IKK,8015B8,IndiGo,Interglobe Aviation Ltd.,scheduled,S-19,2027-08-02,A320-232,A320,Airbus,Airbus A320,FW,180,180,passenger,sch-oper.pdf,2026-08-31,2024-06-10,2023-06-26,2804,2006,MASL IRELAND (22) LIMITED,MASL IRELAND (22) LIMITED
VT-IKP,8016D3,IndiGo,Interglobe Aviation Ltd.,scheduled,S-19,2027-08-02,A320-214,A320,Airbus,Airbus A320,FW,180,180,passenger,sch-oper.pdf,2026-08-31,2024-11-15,2024-09-04,2968,2006,SAF LEASING II (AEO 2) LIMITED,SAME AS OWNER
VT-IKQ,801723,IndiGo,Interglobe Aviation Ltd.,scheduled,S-19,2027-08-02,A320-214,A320,Airbus,Airbus A320,FW,180,180,passenger,sch-oper.pdf,2026-08-31,2024-11-15,2024-09-30,4013,2009,AVOLON LEASING IRELAND 1 LIMITED,SAME AS OWNER
VT-IKR,,Air Charters Services,Air Charters Services Pvt. Ltd.,non-scheduled,#15/2008,2029-05-14,AGUSTA A109S,A109,Leonardo,Leonardo AW109,RW,6,6,passenger,ns-oper.pdf,2026-08-31,2009-01-20,2010-08-25,,,,
VT-IKS,801725,IndiGo,Interglobe Aviation Ltd.,scheduled,S-19,2027-08-02,A320-214,A320,Airbus,Airbus A320,FW,180,180,passenger,sch-oper.pdf,2026-08-31,2024-11-15,2024-11-01,4758,2011,AVOLON LEASING IRELAND 1 LIMITED,SAME AS OWNER
VT-IKT,801824,IndiGo,Interglobe Aviation Ltd.,scheduled,S-19,2027-08-02,A321-252NX,A21N,Airbus,Airbus A321neo,FW,,,passenger,sch-oper.pdf,2026-08-31,2026-05-31,2025-10-10,12770,2025,PEGASUS JET LEASING 14 LIMITED,INTERGLOBE AVIATION FINANCIAL SERVICES IFSC PRIVATE LIMITED
VT-IKU,80182A,IndiGo,Interglobe Aviation Ltd.,scheduled,S-19,2027-08-02,A321-252NX,A21N,Airbus,Airbus A321neo,FW,,,passenger,sch-oper.pdf,2026-08-31,2026-05-31,2025-10-29,12797,2025,AIRCASTLE (IRELAND) DAC,INTERGLOBE AVIATION FINANCIAL SERVICES IFSC PRIVATE LIMITED
VT-IKW,8014CF,IndiGo,Interglobe Aviation Ltd.,scheduled,S-19,2027-08-02,A321-211 (Freighter),A321,Airbus,Airbus A321,FW,,Cargo,cargo,sch-oper.pdf,2026-08-31,2023-01-31,2022-10-03,3267,2007,AS AIR LEASE 108 (IRELAND) LIMITED,AS AIR LEASE 108 (IRELAND) LIMITED
VT-IKX,8014F4,IndiGo,Interglobe Aviation Ltd.,scheduled,S-19,2027-08-02,A321-211 (Freighter),A321,Airbus,Airbus A321,FW,,Cargo,cargo,sch-oper.pdf,2026-08-31,2023-01-31,2022-12-19,3334,2007,AS AIR LEASE 108 (IRELAND) LIMITED,AS AIR LEASE 108 (IRELAND) LIMITED
VT-IKY,801611,IndiGo,Interglobe Aviation Ltd.,scheduled,S-19,2027-08-02,A321-211 (Freighter),A321,Airbus,Airbus A321,FW,,Cargo,cargo,sch-oper.pdf,2026-08-31,2024-06-10,2023-10-27,3930,2009,AERCAP IRELAND LIMITED,AERCAP IRELAND LIMITED
VT-ILB,801404,IndiGo,Interglobe Aviation Ltd.,scheduled,S-19,2027-08-02,A321-252NX,A21N,Airbus,Airbus A321neo,FW,,,passenger,sch-oper.pdf,2026-08-31,2023-01-31,2020-11-11,10190,2020,STEVEN MATTHEW TOWNEND,STEVEN MATTHEW TOWNEND
VT-ILC,801405,IndiGo,Interglobe Aviation Ltd.,scheduled,S-19,2027-08-02,A321-252NX,A21N,Airbus,Airbus A321neo,FW,,,passenger,sch-oper.pdf,2026-08-31,2023-01-31,2020-11-27,10109,2020,BOC AVIATION (IRELAND) LIMITED,BOC AVIATION (IRELAND) LIMITED
VT-ILD,80140B,IndiGo,Interglobe Aviation Ltd.,scheduled,S-19,2027-08-02,A321-252NX,A21N,Airbus,Airbus A321neo,FW,,,passenger,sch-oper.pdf,2026-08-31,2023-01-31,2021-02-18,10323,2021,SMBC AVIATION CAPITAL LIMITED,SMBC AVIATION CAPITAL LIMITED
VT-ILE,80142B,IndiGo,Interglobe Aviation Ltd.,scheduled,S-19,2027-08-02,A321-252NX,A21N,Airbus,Airbus A321neo,FW,,,passenger,sch-oper.pdf,2026-08-31,2023-01-31,2021-03-17,10585,2021,DAE 8 IRELAND LIMITED,DAE 8 IRELAND LIMITED
VT-ILF,80140C,IndiGo,Interglobe Aviation Ltd.,scheduled,S-19,2027-08-02,A321-252NX,A21N,Airbus,Airbus A321neo,FW,,,passenger,sch-oper.pdf,2026-08-31,2023-01-31,2021-03-10,10341,2021,SMBC AVIATION CAPITAL LIMITED,SMBC AVIATION CAPITAL LIMITED
VT-ILG,801422,IndiGo,Interglobe Aviation Ltd.,scheduled,S-19,2027-08-02,A321-252NX,A21N,Airbus,Airbus A321neo,FW,,,passenger,sch-oper.pdf,2026-08-31,2023-01-31,2021-03-03,10422,2021,SFV AIRCRAFT HOLDINGS IRE 3 DESIGNATED ACTIVITY COMPANY,SFV AIRCRAFT HOLDINGS IRE 3 DESIGNATED ACTIVITY COMPANY
VT-ILH,80141F,IndiGo,Interglobe Aviation Ltd.,scheduled,S-19,2027-08-02,A321-252NX,A21N,Airbus,Airbus A321neo,FW,,,passenger,sch-oper.pdf,2026-08-31,2023-01-31,2021-02-26,10354,2021,SMBC AVIATION CAPITAL LIMITED,SMBC AVIATION CAPITAL LIMITED
VT-ILI,801421,IndiGo,Interglobe Aviation Ltd.,scheduled,S-19,2027-08-02,A321-252NX,A21N,Airbus,Airbus A321neo,FW,,,passenger,sch-oper.pdf,2026-08-31,2023-01-31,2021-03-02,10296,2021,SFI AIRCRAFT HOLDINGS VI DESIGNATED ACTIVITY COMPANY,SFI AIRCRAFT HOLDINGS VI DESIGNATED ACTIVITY COMPANY
VT-ILJ,801411,IndiGo,Interglobe Aviation Ltd.,scheduled,S-19,2027-08-02,A321-252NX,A21N,Airbus,Airbus A321neo,FW,,,passenger,sch-oper.pdf,2026-08-31,2023-01-31,2020-12-29,10168,2020,BOC AVIATION (IRELAND) LIMITED,BOC AVIATION (IRELAND) LIMITED
VT-ILL,80142A,IndiGo,Interglobe Aviation Ltd.,scheduled,S-19,2027-08-02,A321-252NX,A21N,Airbus,Airbus A321neo,FW,,,passenger,sch-oper.pdf,2026-08-31,2023-01-31,2021-04-19,10438,2021,DAE 8 IRELAND LIMITED,DAE 8 IRELAND LIMITED
VT-ILM,801410,IndiGo,Interglobe Aviation Ltd.,scheduled,S-19,2027-08-02,A321-252NX,A21N,Airbus,Airbus A321neo,FW,,,passenger,sch-oper.pdf,2026-08-31,2023-01-31,2021-01-01,10240,2020,SMBC AVIATION CAPITAL LIMITED,SMBC AVIATION CAPITAL LIMITED
VT-ILN,80141C,IndiGo,Interglobe Aviation Ltd.,scheduled,S-19,2027-08-02,A321-252NX,A21N,Airbus,Airbus A321neo,FW,,,passenger,sch-oper.pdf,2026-08-31,2023-01-31,2021-02-23,10151,2021,SMBC AVIATION CAPITAL LIMITED,SMBC AVIATION CAPITAL LIMITED
VT-ILO,801427,IndiGo,Interglobe Aviation Ltd.,scheduled,S-19,2027-08-02,A321-252NX,A21N,Airbus,Airbus A321neo,FW,,,passenger,sch-oper.pdf,2026-08-31,2023-01-31,2021-04-01,10244,2021,DAE 9 IRELAND LIMITED,DAE 9 IRELAND LIMITED
VT-ILP,801442,IndiGo,Interglobe Aviation Ltd.,scheduled,S-19,2027-08-02,A321-252NX,A21N,Airbus,Airbus A321neo,FW,,,passenger,sch-oper.pdf,2026-08-31,2023-01-31,,,,,
VT-ILQ,801428,IndiGo,Interglobe Aviation Ltd.,scheduled,S-19,2027-08-02,A321-252NX,A21N,Airbus,Airbus A321neo,FW,,,passenger,sch-oper.pdf,2026-08-31,2023-01-31,2021-04-06,10381,2021,SFV AIRCRAFT HOLDINGS IRE 4 DESIGNATED ACTIVITY COMPANY,SFV AIRCRAFT HOLDINGS IRE 4 DESIGNATED ACTIVITY COMPANY
VT-ILR,801445,IndiGo,Interglobe Aviation Ltd.,scheduled,S-19,2027-08-02,A321-252NX,A21N,Airbus,Airbus A321neo,FW,,,passenger,sch-oper.pdf,2026-08-31,2023-01-31,,,,,
VT-ILS,80145B,IndiGo,Interglobe Aviation Ltd.,scheduled,S-19,2027-08-02,A321-252NX,A21N,Airbus,Airbus A321neo,FW,,,passenger,sch-oper.pdf,2026-08-31,2023-01-31,,,,,
VT-ILT,801461,IndiGo,Interglobe Aviation Ltd.,scheduled,S-19,2027-08-02,A321-252NX,A21N,Airbus,Airbus A321neo,FW,,,passenger,sch-oper.pdf,2026-08-31,2023-01-31,,,,,
VT-ILU,80146F,IndiGo,Interglobe Aviation Ltd.,scheduled,S-19,2027-08-02,A321-252NX,A21N,Airbus,Airbus A321neo,FW,,,passenger,sch-oper.pdf,2026-08-31,2023-01-31,,,,,
VT-ILV,801492,IndiGo,Interglobe Aviation Ltd.,scheduled,S-19,2027-08-02,A321-252NX,A21N,Airbus,Airbus A321neo,FW,,,passenger,sch-oper.pdf,2026-08-31,2023-01-31,2022-04-27,10707,2022,ALC BLARNEY AIRCRAFT LIMITED,ALC BLARNEY AIRCRAFT LIMITED
VT-ILW,80149B,IndiGo,Interglobe Aviation Ltd.,scheduled,S-19,2027-08-02,A321-252NX,A21N,Airbus,Airbus A321neo,FW,,,passenger,sch-oper.pdf,2026-08-31,2023-01-31,,,,,
VT-ILX,80149E,IndiGo,Interglobe Aviation Ltd.,scheduled,S-19,2027-08-02,A321-252NX,A21N,Airbus,Airbus A321neo,FW,,,passenger,sch-oper.pdf,2026-08-31,2023-01-31,,,,,
VT-ILY,80148D,IndiGo,Interglobe Aviation Ltd.,scheduled,S-19,2027-08-02,A321-252NX,A21N,Airbus,Airbus A321neo,FW,,,passenger,sch-oper.pdf,2026-08-31,2023-01-31,,,,,
VT-ILZ,8014A4,IndiGo,Interglobe Aviation Ltd.,scheduled,S-19,2027-08-02,A321-252NX,A21N,Airbus,Airbus A321neo,FW,,,passenger,sch-oper.pdf,2026-08-31,2023-01-31,,,,,
VT-IMB,8014A3,IndiGo,Interglobe Aviation Ltd.,scheduled,S-19,2027-08-02,A321-252NX,A21N,Airbus,Airbus A321neo,FW,,,passenger,sch-oper.pdf,2026-08-31,2023-01-31,2022-01-03,10541,2021,EINN VOLANT AIRCRAFT LEASING IRELAND 1 LIMITED,EINN VOLANT AIRCRAFT LEASING IRELAND 1 LIMITED
VT-IMC,8014AD,IndiGo,Interglobe Aviation Ltd.,scheduled,S-19,2027-08-02,A321-252NX,A21N,Airbus,Airbus A321neo,FW,,,passenger,sch-oper.pdf,2026-08-31,2023-01-31,,,,,
VT-IMD,8014B4,IndiGo,Interglobe Aviation Ltd.,scheduled,S-19,2027-08-02,A321-252NX,A21N,Airbus,Airbus A321neo,FW,,,passenger,sch-oper.pdf,2026-08-31,2023-01-31,2022-01-19,10718,2022,CELESTIAL AVIATION TRADING 38 LIMITED,CELESTIAL AVIATION TRADING 38 LIMITED
VT-IME,8014B3,IndiGo,Interglobe Aviation Ltd.,scheduled,S-19,2027-08-02,A321-252NX,A21N,Airbus,Airbus A321neo,FW,,,passenger,sch-oper.pdf,2026-08-31,2023-01-31,,,,,
VT-IMG,8014C1,IndiGo,Interglobe Aviation Ltd.,scheduled,S-19,2027-08-02,A321-252NX,A21N,Airbus,Airbus A321neo,FW,,,passenger,sch-oper.pdf,2026-08-31,2023-01-31,2022-02-11,10647,2022,BLACKBIRD CAPITAL II LEASING LIMITED,BLACKBIRD CAPITAL II LEASING LIMITED
VT-IMH,8014BB,IndiGo,Interglobe Aviation Ltd.,scheduled,S-19,2027-08-02,A321-252NX,A21N,Airbus,Airbus A321neo,FW,,,passenger,sch-oper.pdf,2026-08-31,2023-01-31,2022-04-01,10759,2022,CELESTIAL AVIATION TRADING 38 LIMITED,CELESTIAL AVIATION TRADING 38 LIMITED
VT-IMI,8014C8,IndiGo,Interglobe Aviation Ltd.,scheduled,S-19,2027-08-02,A321-252NX,A21N,Airbus,Airbus A321neo,FW,,,passenger,sch-oper.pdf,2026-08-31,2023-01-31,2022-03-22,10678,2022,CELESTIAL AVIATION TRADING 38 LIMITED,CELESTIAL AVIATION TRADING 38 LIMITED
VT-IMJ,8014D8,IndiGo,Interglobe Aviation Ltd.,scheduled,S-19,2027-08-02,A321-252NX,A21N,Airbus,Airbus A321neo,FW,,,passenger,sch-oper.pdf,2026-08-31,2023-01-31,2022-05-30,10870,2022,RADIOHEAD ISSUER DESIGNATED ACTIVITY COMPANY,RADIOHEAD ISSUER DESIGNATED ACTIVITY COMPANY
VT-IMK,8014D9,IndiGo,Interglobe Aviation Ltd.,scheduled,S-19,2027-08-02,A321-252NX,A21N,Airbus,Airbus A321neo,FW,,,passenger,sch-oper.pdf,2026-08-31,2023-01-31,2022-06-06,10681,2022,RADIOHEAD ISSUER DESIGNATED ACTIVITY,RADIOHEAD ISSUER DESIGNATED ACTIVITY COMPANY
VT-IML,8014CE,IndiGo,Interglobe Aviation Ltd.,scheduled,S-19,2027-08-02,A321-252NX,A21N,Airbus,Airbus A321neo,FW,,,passenger,sch-oper.pdf,2026-08-31,2023-01-31,2022-04-27,10687,2022,BLACKBIRD CAPITAL II LEASING LIMITED,BLACKBIRD CAPITAL II LEASING LIMITED
VT-IMM,8014DE,IndiGo,Interglobe Aviation Ltd.,scheduled,S-19,2027-08-02,A321-252NX,A21N,Airbus,Airbus A321neo,FW,,,passenger,sch-oper.pdf,2026-08-31,2023-01-31,2022-05-24,10733,2022,RADIOHEAD ISSUER DESIGNATED ACTIVITY,RADIOHEAD ISSUER DESIGNATED ACTIVITY COMPANY
VT-IMN,8014E4,IndiGo,Interglobe Aviation Ltd.,scheduled,S-19,2027-08-02,A321-252NX,A21N,Airbus,Airbus A321neo,FW,,,passenger,sch-oper.pdf,2026-08-31,2023-01-31,2022-06-16,10695,2022,RADIOHEAD ISSUER DESIGNATED ACTIVITY COMPANY,RADIOHEAD ISSUER DESIGNATED ACTIVITY COMPANY
VT-IMQ,8014E5,IndiGo,Interglobe Aviation Ltd.,scheduled,S-19,2027-08-02,A321-252NX,A21N,Airbus,Airbus A321neo,FW,,,passenger,sch-oper.pdf,2026-08-31,2023-01-31,2022-06-21,10865,2022,GOLDEN EAGLE LEASING 3 DAC,GOLDEN EAGLE LEASING 3 DAC
VT-IMR,8014DF,IndiGo,Interglobe Aviation Ltd.,scheduled,S-19,2027-08-02,A321-252NX,A21N,Airbus,Airbus A321neo,FW,,,passenger,sch-oper.pdf,2026-08-31,2023-01-31,2022-05-31,10945,2022,RADIOHEAD ISSUER DESIGNATED ACTIVITY,RADIOHEAD ISSUER DESIGNATED ACTIVITY COMPANY
VT-IMS,8014E8,IndiGo,Interglobe Aviation Ltd.,scheduled,S-19,2027-08-02,A321-252NX,A21N,Airbus,Airbus A321neo,FW,,,passenger,sch-oper.pdf,2026-08-31,2023-01-31,2022-06-24,10874,2022,SFI AIRCRAFT HOLDINGS X DESIGNATED ACTIVITY COMPANY,SFI AIRCRAFT HOLDINGS X DESIGNATED ACTIVITY COMPANY
VT-IMU,801502,IndiGo,Interglobe Aviation Ltd.,scheduled,S-19,2027-08-02,A321-252NX,A21N,Airbus,Airbus A321neo,FW,,,passenger,sch-oper.pdf,2026-08-31,2023-01-31,2022-09-01,10886,2022,SFV AIRCRAFT HOLDINGS IRE 10 DAC,SFV AIRCRAFT HOLDINGS IRE 10 DAC
VT-IMV,801523,IndiGo,Interglobe Aviation Ltd.,scheduled,S-19,2027-08-02,A321-252NX,A21N,Airbus,Airbus A321neo,FW,,,passenger,sch-oper.pdf,2026-08-31,2023-01-31,2022-09-16,10896,2022,CALF (A4) AVIATION IRELAND DAC,CALF (A4) AVIATION IRELAND DAC
VT-IMW,801531,IndiGo,Interglobe Aviation Ltd.,scheduled,S-19,2027-08-02,A321-252NX,A21N,Airbus,Airbus A321neo,FW,,,passenger,sch-oper.pdf,2026-08-31,2023-01-31,2022-10-28,10882,2022,CALF (A4) AVIATION IRELAND DAC,CALF (A4) AVIATION IRELAND DAC
VT-IMX,801554,IndiGo,Interglobe Aviation Ltd.,scheduled,S-19,2027-08-02,A321-252NX,A21N,Airbus,Airbus A321neo,FW,,,passenger,sch-oper.pdf,2026-08-31,2023-01-31,2022-12-01,10909,2022,AVOLON LEASING IRELAND 1 LIMITED,AVOLON LEASING IRELAND 1 LIMITED
VT-IMY,80152C,IndiGo,Interglobe Aviation Ltd.,scheduled,S-19,2027-08-02,A321-252NX,A21N,Airbus,Airbus A321neo,FW,,,passenger,sch-oper.pdf,2026-08-31,2023-01-31,2022-09-30,10890,2022,AVOLON LEASING IRELAND 1 LIMITED,AVOLON LEASING IRELAND 1 LIMITED
VT-IMZ,801532,IndiGo,Interglobe Aviation Ltd.,scheduled,S-19,2027-08-02,A321-252NX,A21N,Airbus,Airbus A321neo,FW,,,passenger,sch-oper.pdf,2026-08-31,2023-01-31,2022-10-21,11015,2022,CALF (A4) AVIATION IRELAND DAC,CALF (A4) AVIATION IRELAND DAC
VT-IOF,80182D,IndiGo,Interglobe Aviation Ltd.,scheduled,S-19,2027-08-02,A320-251N,A20N,Airbus,Airbus A320neo,FW,186,186,passenger,sch-oper.pdf,2026-08-31,2026-05-31,2025-10-24,12861,2025,SMBC AVIATION CAPITAL LIMITED,SMBC AVIATION CAPITAL LIMITED
VT-IOG,80189E,IndiGo,Interglobe Aviation Ltd.,scheduled,S-19,2027-08-02,A320-251N,A20N,Airbus,Airbus A320neo,FW,186,186,passenger,sch-oper.pdf,2026-08-31,2026-05-31,,,,,
VT-IOH,801839,IndiGo,Interglobe Aviation Ltd.,scheduled,S-19,2027-08-02,A320-251N,A20N,Airbus,Airbus A320neo,FW,186,186,passenger,sch-oper.pdf,2026-08-31,2026-05-31,2025-12-18,12869,2025,SMBC AVIATION CAPITAL LIMITED,SMBC AVIATION CAPITAL LIMITED
VT-IOI,801850,IndiGo,Interglobe Aviation Ltd.,scheduled,S-19,2027-08-02,A320-251N,A20N,Airbus,Airbus A320neo,FW,186,186,passenger,sch-oper.pdf,2026-08-31,2026-05-31,2025-12-05,12968,2025,SMBC AVIATION CAPITAL LIMITED,SMBC AVIATION CAPITAL LIMITED
VT-IOJ,80187C,IndiGo,Interglobe Aviation Ltd.,scheduled,S-19,2027-08-02,A320-251N,A20N,Airbus,Airbus A320neo,FW,186,186,passenger,sch-oper.pdf,2026-08-31,2026-05-31,2025-12-24,13008,2025,INVESTIMA 82 SAS,INTERGLOBE AVIATION FINANCIAL SERVICES IFSC PRIVATE LIMITED
VT-IOK,801862,IndiGo,Interglobe Aviation Ltd.,scheduled,S-19,2027-08-02,A320-251N,A20N,Airbus,Airbus A320neo,FW,186,186,passenger,sch-oper.pdf,2026-08-31,2026-05-31,2025-12-15,13004,2025,SMBC AVIATION CAPITAL LIMITED,SMBC AVIATION CAPITAL LIMITED
VT-IOL,801883,IndiGo,Interglobe Aviation Ltd.,scheduled,S-19,2027-08-02,A320-251N,A20N,Airbus,Airbus A320neo,FW,186,186,passenger,sch-oper.pdf,2026-08-31,2026-05-31,,,,,
VT-IOM,8018B2,IndiGo,Interglobe Aviation Ltd.,scheduled,S-19,2027-08-02,A320-251N,A20N,Airbus,Airbus A320neo,FW,186,186,passenger,sch-oper.pdf,2026-08-31,2026-05-31,,,,,
VT-ION,8018B7,IndiGo,Interglobe Aviation Ltd.,scheduled,S-19,2027-08-02,A320-251N,A20N,Airbus,Airbus A320neo,FW,186,186,passenger,sch-oper.pdf,2026-08-31,2026-05-31,,,,,
VT-IOO,8004C7,Ventura Airconnect,Ventura Airconnect Ltd.,non-scheduled,#08/2011,2028-06-08,PC-12/45,PC12,Pilatus,Pilatus PC-12,FW,8,8,passenger,ns-oper.pdf,2026-08-31,2026-05-31,,,,,
VT-IOQ,80190C,IndiGo,Interglobe Aviation Ltd.,scheduled,S-19,2027-08-02,A320-251N,A20N,Airbus,Airbus A320neo,FW,186,186,passenger,sch-oper.pdf,2026-08-31,2026-08-31,,,,,
VT-IOR,801907,IndiGo,Interglobe Aviation Ltd.,scheduled,S-19,2027-08-02,A320-251N,A20N,Airbus,Airbus A320neo,FW,186,186,passenger,sch-oper.pdf,2026-08-31,2026-08-31,,,,,
VT-IOT,80190B,IndiGo,Interglobe Aviation Ltd.,scheduled,S-19,2027-08-02,A320-251N,A20N,Airbus,Airbus A320neo,FW,186,186,passenger,sch-oper.pdf,2026-08-31,2026-08-31,,,,,
VT-IOU,801913,IndiGo,Interglobe Aviation Ltd.,scheduled,S-19,2027-08-02,A320-251N,A20N,Airbus,Airbus A320neo,FW,186,186,passenger,sch-oper.pdf,2026-08-31,2026-08-31,,,,,
VT-IPA,80036B,Redbird Airways,Redbird Airways Pvt. Ltd.,non-scheduled,#01/2020,2030-08-12,Cessna Citation III (650),C650,Cessna,Cessna Citation,FW,8,8,passenger,ns-oper.pdf,2026-08-31,2006-08-04,,,,,
VT-IPC,801503,IndiGo,Interglobe Aviation Ltd.,scheduled,S-19,2027-08-02,A320-251N,A20N,Airbus,Airbus A320neo,FW,186,186,passenger,sch-oper.pdf,2026-08-31,2023-01-31,2022-08-26,11008,2022,CELESTIAL AVIATION TRADING 32 LIMITED,CELESTIAL AVIATION TRADING 32 LIMITED
VT-IPD,801527,IndiGo,Interglobe Aviation Ltd.,scheduled,S-19,2027-08-02,A320-251N,A20N,Airbus,Airbus A320neo,FW,186,186,passenger,sch-oper.pdf,2026-08-31,2023-01-31,2022-10-10,11031,2022,AVOLON LEASING IRELAND 1 LIMITED,AVOLON LEASING IRELAND 1 LIMITED
VT-IPE,80152D,IndiGo,Interglobe Aviation Ltd.,scheduled,S-19,2027-08-02,A320-251N,A20N,Airbus,Airbus A320neo,FW,186,186,passenger,sch-oper.pdf,2026-08-31,2023-01-31,2022-10-04,11050,2022,CELESTIAL AVIATION TRADING 32 LIMITED,CELESTIAL AVIATION TRADING 32 LIMITED
VT-IPF,80152F,IndiGo,Interglobe Aviation Ltd.,scheduled,S-19,2027-08-02,A320-251N,A20N,Airbus,Airbus A320neo,FW,186,186,passenger,sch-oper.pdf,2026-08-31,2023-01-31,2022-11-03,11045,2022,AVOLON LEASING IRELAND 1 LIMITED,AVOLON LEASING IRELAND 1 LIMITED
VT-IPG,80152E,IndiGo,Interglobe Aviation Ltd.,scheduled,S-19,2027-08-02,A320-251N,A20N,Airbus,Airbus A320neo,FW,186,186,passenger,sch-oper.pdf,2026-08-31,2024-06-10,2022-10-12,11055,2022,AVOLON LEASING IRELAND 1 LIMITED,AVOLON LEASING IRELAND 1 LIMITED
VT-IPH,801536,IndiGo,Interglobe Aviation Ltd.,scheduled,S-19,2027-08-02,A320-251N,A20N,Airbus,Airbus A320neo,FW,186,186,passenger,sch-oper.pdf,2026-08-31,2023-01-31,2022-10-21,11099,2022,CELESTIAL AVIATION TRADING 32 LIMITED,CELESTIAL AVIATION TRADING 32 LIMITED
VT-IPI,801540,IndiGo,Interglobe Aviation Ltd.,scheduled,S-19,2027-08-02,A320-251N,A20N,Airbus,Airbus A320neo,FW,186,186,passenger,sch-oper.pdf,2026-08-31,2023-01-31,2022-11-11,11117,2022,AVOLON LEASING IRELAND 1 LIMITED,AVOLON LEASING IRELAND 1 LIMITED
VT-IPJ,801562,IndiGo,Interglobe Aviation Ltd.,scheduled,S-19,2027-08-02,A320-251N,A20N,Airbus,Airbus A320neo,FW,186,186,passenger,sch-oper.pdf,2026-08-31,2023-01-31,2022-12-09,11159,2022,AS AIR LEASE 177 (IRELAND) LIMITED,AS AIR LEASE 177 (IRELAND) LIMITED
VT-IPK,80155A,IndiGo,Interglobe Aviation Ltd.,scheduled,S-19,2027-08-02,A320-251N,A20N,Airbus,Airbus A320neo,FW,186,186,passenger,sch-oper.pdf,2026-08-31,2023-01-31,2022-12-01,11146,2022,AVOLON LEASING IRELAND 1 LIMITED,AVOLON LEASING IRELAND 1 LIMITED
VT-IPL,801569,IndiGo,Interglobe Aviation Ltd.,scheduled,S-19,2027-08-02,A320-251N,A20N,Airbus,Airbus A320neo,FW,186,186,passenger,sch-oper.pdf,2026-08-31,2023-01-31,2023-02-01,11083,2022,AVOLON LEASING IRELAND 1 LIMITED,AVOLON LEASING IRELAND 1 LIMITED
VT-IPM,801560,IndiGo,Interglobe Aviation Ltd.,scheduled,S-19,2027-08-02,A320-251N,A20N,Airbus,Airbus A320neo,FW,186,186,passenger,sch-oper.pdf,2026-08-31,2023-01-31,2022-12-09,11197,2022,AS AIR LEASE 177 (IRELAND) LIMITED,AS AIR LEASE 177 (IRELAND) LIMITED
VT-IPN,80156D,IndiGo,Interglobe Aviation Ltd.,scheduled,S-19,2027-08-02,A320-251N,A20N,Airbus,Airbus A320neo,FW,186,186,passenger,sch-oper.pdf,2026-08-31,2023-01-31,2022-12-29,11216,2022,AS AIR LEASE 178 (IRELAND) LIMITED,AS AIR LEASE 178 (IRELAND) LIMITED
VT-IPO,80156C,IndiGo,Interglobe Aviation Ltd.,scheduled,S-19,2027-08-02,A320-251N,A20N,Airbus,Airbus A320neo,FW,186,186,passenger,sch-oper.pdf,2026-08-31,2023-01-31,2022-12-28,11224,2022,AS AIR LEASE 178 (IRELAND) LIMITED,AS AIR LEASE 178 (IRELAND) LIMITED
VT-IPP,801581,IndiGo,Interglobe Aviation Ltd.,scheduled,S-19,2027-08-02,A320-251N,A20N,Airbus,Airbus A320neo,FW,186,186,passenger,sch-oper.pdf,2026-08-31,2023-01-31,2023-01-27,11287,2023,AS AIR LEASE 177 (IRELAND) LIMITED,AS AIR LEASE 177 (IRELAND) LIMITED
VT-IPQ,801596,IndiGo,Interglobe Aviation Ltd.,scheduled,S-19,2027-08-02,A320-251N,A20N,Airbus,Airbus A320neo,FW,186,186,passenger,sch-oper.pdf,2026-08-31,2023-06-15,2023-03-28,11350,2023,JACKSON SQUARE AVIATION IRELAND LIMITED,JACKSON SQUARE AVIATION IRELAND LIMITED
VT-IPR,80159A,IndiGo,Interglobe Aviation Ltd.,scheduled,S-19,2027-08-02,A320-251N,A20N,Airbus,Airbus A320neo,FW,186,186,passenger,sch-oper.pdf,2026-08-31,2023-06-15,2023-03-29,11375,2023,JACKSON SQUARE AVIATION IRELAND LIMITED,JACKSON SQUARE AVIATION IRELAND LIMITED
VT-IPS,8015A4,IndiGo,Interglobe Aviation Ltd.,scheduled,S-19,2027-08-02,A320-251N,A20N,Airbus,Airbus A320neo,FW,186,186,passenger,sch-oper.pdf,2026-08-31,2023-06-15,2023-04-18,11401,2023,JACKSON SQUARE AVIATION IRELAND LIMITED,JACKSON SQUARE AVIATION IRELAND LIMITED
VT-IPT,8015C0,IndiGo,Interglobe Aviation Ltd.,scheduled,S-19,2027-08-02,A320-251N,A20N,Airbus,Airbus A320neo,FW,186,186,passenger,sch-oper.pdf,2026-08-31,2023-06-15,2023-10-05,11488,2023,JACKSON SQUARE AVIATION IRELAND LIMITED,JACKSON SQUARE AVIATION IRELAND LIMITED
VT-IPU,8015FC,IndiGo,Interglobe Aviation Ltd.,scheduled,S-19,2027-08-02,A320-251N,A20N,Airbus,Airbus A320neo,FW,186,186,passenger,sch-oper.pdf,2026-08-31,2024-06-10,2023-09-14,11485,2023,BOC AVIATION (IRELAND) LIMITED,BOC AVIATION (IRELAND) LIMITED
VT-IPV,8015CA,IndiGo,Interglobe Aviation Ltd.,scheduled,S-19,2027-08-02,A320-251N,A20N,Airbus,Airbus A320neo,FW,186,186,passenger,sch-oper.pdf,2026-08-31,2023-06-15,2023-06-13,11498,2023,JACKSON SQUARE AVIATION IRELAND LIMITED,JACKSON SQUARE AVIATION IRELAND LIMITED
VT-IPW,8015CE,IndiGo,Interglobe Aviation Ltd.,scheduled,S-19,2027-08-02,A320-251N,A20N,Airbus,Airbus A320neo,FW,186,186,passenger,sch-oper.pdf,2026-08-31,2024-06-10,2023-12-07,11534,2023,JACKSON SQUARE AVIATION IRELAND LIMITED,JACKSON SQUARE AVIATION IRELAND LIMITED
VT-IPX,8015D8,IndiGo,Interglobe Aviation Ltd.,scheduled,S-19,2027-08-02,A320-251N,A20N,Airbus,Airbus A320neo,FW,186,186,passenger,sch-oper.pdf,2026-08-31,2024-06-10,2023-06-30,11566,2023,AS AIR LEASE 179 (IRELAND) LIMITED,AS AIR LEASE 179 (IRELAND) LIMITED
VT-IPY,8015DA,IndiGo,Interglobe Aviation Ltd.,scheduled,S-19,2027-08-02,A320-251N,A20N,Airbus,Airbus A320neo,FW,186,186,passenger,sch-oper.pdf,2026-08-31,2024-06-10,2023-07-31,11589,2023,AS AIR LEASE 179 (IRELAND) LIMITED,AS AIR LEASE 179 (IRELAND) LIMITED
VT-IPZ,8015D9,IndiGo,Interglobe Aviation Ltd.,scheduled,S-19,2027-08-02,A320-251N,A20N,Airbus,Airbus A320neo,FW,186,186,passenger,sch-oper.pdf,2026-08-31,2024-06-10,2023-07-24,11593,2023,AS AIR LEASE 179 (IRELAND) LIMITED,AS AIR LEASE 179 (IRELAND) LIMITED
VT-IQA,8015E4,IndiGo,Interglobe Aviation Ltd.,scheduled,S-19,2027-08-02,A320-251N,A20N,Airbus,Airbus A320neo,FW,186,186,passenger,sch-oper.pdf,2026-08-31,2024-06-10,2023-08-29,11602,2023,HIGH RIDGE AVIATION TRADING 2 LIMITED,HIGH RIDGE AVIATION TRADING 2 LIMITED
VT-IQB,,Dhillon Aviation,Dhillon Aviation Pvt. Ltd.,non-scheduled,#5/2005,2028-09-07,BELL206 L4,B06,Bell,Bell 206 JetRanger,RW,6,6/Aerial Work,aerial-work,ns-oper.pdf,2026-08-31,2018-02-01,,,,,
VT-IQC,8015E3,IndiGo,Interglobe Aviation Ltd.,scheduled,S-19,2027-08-02,A320-251N,A20N,Airbus,Airbus A320neo,FW,186,186,passenger,sch-oper.pdf,2026-08-31,2024-06-10,2023-07-08,11613,2023,HIGH RIDGE AVIATION TRADING 1 LIMITED,HIGH RIDGE AVIATION TRADING 1 LIMITED
VT-IQD,8015F3,IndiGo,Interglobe Aviation Ltd.,scheduled,S-19,2027-08-02,A320-251N,A20N,Airbus,Airbus A320neo,FW,186,186,passenger,sch-oper.pdf,2026-08-31,2024-06-10,2023-12-09,11628,2023,HIGH RIDGE AVIATION TRADING 2 LIMITED,HIGH RIDGE AVIATION TRADING 2 LIMITED
VT-IQE,8015E2,IndiGo,Interglobe Aviation Ltd.,scheduled,S-19,2027-08-02,A320-251N,A20N,Airbus,Airbus A320neo,FW,186,186,passenger,sch-oper.pdf,2026-08-31,2024-06-10,2023-09-08,11640,2023,HIGH RIDGE AVIATION TRADING 1 LIMITED,HIGH RIDGE AVIATION TRADING 1 LIMITED
VT-IQF,80160A,IndiGo,Interglobe Aviation Ltd.,scheduled,S-19,2027-08-02,A320-251N,A20N,Airbus,Airbus A320neo,FW,186,186,passenger,sch-oper.pdf,2026-08-31,2024-06-10,2023-09-27,11431,2023,BOC AVIATION (IRELAND) LIMITED,BOC AVIATION (IRELAND) LIMITED
VT-IQG,80160B,IndiGo,Interglobe Aviation Ltd.,scheduled,S-19,2027-08-02,A320-251N,A20N,Airbus,Airbus A320neo,FW,186,186,passenger,sch-oper.pdf,2026-08-31,2024-06-10,2023-09-29,11703,2023,HIGH RIDGE AVIATION TRADING 2 LIMITED,HIGH RIDGE AVIATION TRADING 2 LIMITED
VT-IQH,80160E,IndiGo,Interglobe Aviation Ltd.,scheduled,S-19,2027-08-02,A320-251N,A20N,Airbus,Airbus A320neo,FW,186,186,passenger,sch-oper.pdf,2026-08-31,2024-06-10,2023-10-13,11697,2023,BOC AVIATION (IRELAND) LIMITED,BOC AVIATION (IRELAND) LIMITED
VT-IQI,801616,IndiGo,Interglobe Aviation Ltd.,scheduled,S-19,2027-08-02,A320-251N,A20N,Airbus,Airbus A320neo,FW,186,186,passenger,sch-oper.pdf,2026-08-31,2024-06-10,2023-10-30,11501,2023,BOC AVIATION (IRELAND) LIMITED,BOC AVIATION (IRELAND) LIMITED
VT-IQJ,801619,IndiGo,Interglobe Aviation Ltd.,scheduled,S-19,2027-08-02,A320-251N,A20N,Airbus,Airbus A320neo,FW,186,186,passenger,sch-oper.pdf,2026-08-31,2024-06-10,2023-11-28,11471,2023,BOC AVIATION (IRELAND) LIMITED,BOC AVIATION (IRELAND) LIMITED
VT-IQK,80161A,IndiGo,Interglobe Aviation Ltd.,scheduled,S-19,2027-08-02,A320-251N,A20N,Airbus,Airbus A320neo,FW,186,186,passenger,sch-oper.pdf,2026-08-31,2024-06-10,2023-11-21,11793,2023,BOC AVIATION (IRELAND) LIMITED,BOC AVIATION (IRELAND) LIMITED
VT-IQL,80163C,IndiGo,Interglobe Aviation Ltd.,scheduled,S-19,2027-08-02,A320-251N,A20N,Airbus,Airbus A320neo,FW,186,186,passenger,sch-oper.pdf,2026-08-31,2024-06-10,2023-12-28,11571,2023,BOC AVIATION (IRELAND) LIMITED,BOC AVIATION (IRELAND) LIMITED
VT-IQM,801621,IndiGo,Interglobe Aviation Ltd.,scheduled,S-19,2027-08-02,A320-251N,A20N,Airbus,Airbus A320neo,FW,186,186,passenger,sch-oper.pdf,2026-08-31,2024-06-10,2023-08-12,11625,2023,BOC AVIATION (IRELAND) LIMITED,BOC AVIATION (IRELAND) LIMITED
VT-IQN,80163D,IndiGo,Interglobe Aviation Ltd.,scheduled,S-19,2027-08-02,A320-251N,A20N,Airbus,Airbus A320neo,FW,186,186,passenger,sch-oper.pdf,2026-08-31,2024-06-10,2023-12-28,11592,2023,BOC AVIATION (IRELAND) LIMITED,BOC AVIATION (IRELAND) LIMITED
VT-IQO,801622,IndiGo,Interglobe Aviation Ltd.,scheduled,S-19,2027-08-02,A320-251N,A20N,Airbus,Airbus A320neo,FW,186,186,passenger,sch-oper.pdf,2026-08-31,2024-06-10,2023-07-12,11826,2023,BOC AVIATION (IRELAND) LIMITED,BOC AVIATION (IRELAND) LIMITED
VT-IQP,801647,IndiGo,Interglobe Aviation Ltd.,scheduled,S-19,2027-08-02,A320-251N,A20N,Airbus,Airbus A320neo,FW,186,186,passenger,sch-oper.pdf,2026-08-31,2024-06-10,,,,,
VT-IQS,80164C,IndiGo,Interglobe Aviation Ltd.,scheduled,S-19,2027-08-02,A320-251N,A20N,Airbus,Airbus A320neo,FW,186,186,passenger,sch-oper.pdf,2026-08-31,2024-06-10,,,,,
VT-IQT,801669,IndiGo,Interglobe Aviation Ltd.,scheduled,S-19,2027-08-02,A320-251N,A20N,Airbus,Airbus A320neo,FW,186,186,passenger,sch-oper.pdf,2026-08-31,2024-06-10,,,,,
VT-IQU,801663,IndiGo,Interglobe Aviation Ltd.,scheduled,S-19,2027-08-02,A320-251N,A20N,Airbus,Airbus A320neo,FW,186,186,passenger,sch-oper.pdf,2026-08-31,2024-06-10,,,,,
VT-IQV,801661,IndiGo,Interglobe Aviation Ltd.,scheduled,S-19,2027-08-02,A320-251N,A20N,Airbus,Airbus A320neo,FW,186,186,passenger,sch-oper.pdf,2026-08-31,2024-06-10,,,,,
VT-IQX,80164B,IndiGo,Interglobe Aviation Ltd.,scheduled,S-19,2027-08-02,A320-251N,A20N,Airbus,Airbus A320neo,FW,186,186,passenger,sch-oper.pdf,2026-08-31,2024-06-10,,,,,
VT-IQY,801662,IndiGo,Interglobe Aviation Ltd.,scheduled,S-19,2027-08-02,A320-251N,A20N,Airbus,Airbus A320neo,FW,186,186,passenger,sch-oper.pdf,2026-08-31,2024-06-10,,,,,
VT-IQZ,8016B9,IndiGo,Interglobe Aviation Ltd.,scheduled,S-19,2027-08-02,A320-251N,A20N,Airbus,Airbus A320neo,FW,186,186,passenger,sch-oper.pdf,2026-08-31,2024-11-15,,,,,
VT-IRA,80146E,IndiGo,Interglobe Aviation Ltd.,scheduled,S-19,2027-08-02,ATR72-600,AT76,ATR,ATR 72-600,FW,74,74,passenger,sch-oper.pdf,2026-08-31,2023-01-31,,,,,
VT-IRB,80149F,IndiGo,Interglobe Aviation Ltd.,scheduled,S-19,2027-08-02,ATR72-600,AT76,ATR,ATR 72-600,FW,74,74,passenger,sch-oper.pdf,2026-08-31,2023-01-31,,,,,
VT-IRD,80149D,IndiGo,Interglobe Aviation Ltd.,scheduled,S-19,2027-08-02,ATR72-600,AT76,ATR,ATR 72-600,FW,74,74,passenger,sch-oper.pdf,2026-08-31,2023-01-31,,,,,
VT-IRE,80155E,IndiGo,Interglobe Aviation Ltd.,scheduled,S-19,2027-08-02,ATR72-600,AT76,ATR,ATR 72-600,FW,74,74,passenger,sch-oper.pdf,2026-08-31,2023-01-31,2022-12-02,1647,2022,NAC AVIATION 44 LIMITED,NAC AVIATION 44 LIMITED
VT-IRF,801573,IndiGo,Interglobe Aviation Ltd.,scheduled,S-19,2027-08-02,ATR72-600,AT76,ATR,ATR 72-600,FW,74,74,passenger,sch-oper.pdf,2026-08-31,2023-01-31,2023-06-01,1662,2022,APF 5 IRELAND PROJECT No.3 LIMITED,APF 5 IRELAND PROJECT No.3 LIMITED
VT-IRG,801566,IndiGo,Interglobe Aviation Ltd.,scheduled,S-19,2027-08-02,ATR72-600,AT76,ATR,ATR 72-600,FW,74,74,passenger,sch-oper.pdf,2026-08-31,2023-01-31,2023-06-01,1631,2022,NAC AVIATION 44 LIMITED,NAC AVIATION 44 LIMITED
VT-IRH,801571,IndiGo,Interglobe Aviation Ltd.,scheduled,S-19,2027-08-02,ATR72-600,AT76,ATR,ATR 72-600,FW,74,74,passenger,sch-oper.pdf,2026-08-31,2023-01-31,2023-09-01,1663,2022,APF 5 IRELAND PROJECT NO.3 LIMITED,APF 5 IRELAND PROJECT NO.3 LIMITED
VT-IRI,8015D2,IndiGo,Interglobe Aviation Ltd.,scheduled,S-19,2027-08-02,ATR72-600,AT76,ATR,ATR 72-600,FW,74,74,passenger,sch-oper.pdf,2026-08-31,2024-06-10,2023-07-24,1669,2023,APF 5 IRELAND PROJECT NO.3A LIMITED,APF 5 IRELAND PROJECT NO.3A LIMITED
VT-IRJ,8015D1,IndiGo,Interglobe Aviation Ltd.,scheduled,S-19,2027-08-02,ATR72-600,AT76,ATR,ATR 72-600,FW,74,74,passenger,sch-oper.pdf,2026-08-31,2024-06-10,2023-09-22,1671,2023,APF 5 IRELAND PROJECT NO.3A LIMITED,APF 5 IRELAND PROJECT NO.3A LIMITED
VT-IRK,8015ED,IndiGo,Interglobe Aviation Ltd.,scheduled,S-19,2027-08-02,ATR72-600,AT76,ATR,ATR 72-600,FW,74,74,passenger,sch-oper.pdf,2026-08-31,2024-06-10,2023-10-13,1673,2023,NAC AVIATION 44 LIMITED,NAC AVIATION 44 LIMITED
VT-IRL,801631,IndiGo,Interglobe Aviation Ltd.,scheduled,S-19,2027-08-02,ATR72-600,AT76,ATR,ATR 72-600,FW,74,74,passenger,sch-oper.pdf,2026-08-31,2024-06-10,2023-12-15,1679,2023,INTERGLOBE AVIATION LIMITED,
VT-IRM,80162A,IndiGo,Interglobe Aviation Ltd.,scheduled,S-19,2027-08-02,ATR72-600,AT76,ATR,ATR 72-600,FW,74,74,passenger,sch-oper.pdf,2026-08-31,2024-06-10,2024-01-08,1685,2023,INTERGLOBE AVIATION LIMITED,SAME AS OWNER
VT-IRN,801629,IndiGo,Interglobe Aviation Ltd.,scheduled,S-19,2027-08-02,ATR72-600,AT76,ATR,ATR 72-600,FW,74,74,passenger,sch-oper.pdf,2026-08-31,2024-06-10,2024-02-05,1688,2024,INTERGLOBE AVIATION LIMITED,SAME AS OWNER
VT-IRO,801753,IndiGo,Interglobe Aviation Ltd.,scheduled,S-19,2027-08-02,ATR72-600,AT76,ATR,ATR 72-600,FW,74,74,passenger,sch-oper.pdf,2026-08-31,2025-04-30,2025-01-07,1703,2024,INTERGLOBE AVIATION LIMITED,-
VT-IRP,80174C,IndiGo,Interglobe Aviation Ltd.,scheduled,S-19,2027-08-02,ATR72-600,AT76,ATR,ATR 72-600,FW,74,74,passenger,sch-oper.pdf,2026-08-31,2025-04-30,2025-01-07,1708,2024,INTERGLOBE AVIATION LIMITED,-
VT-IRQ,801754,IndiGo,Interglobe Aviation Ltd.,scheduled,S-19,2027-08-02,ATR72-600,AT76,ATR,ATR 72-600,FW,74,74,passenger,sch-oper.pdf,2026-08-31,2025-04-30,2025-01-07,1712,2024,INTERGLOBE AVIATION LIMITED,-
VT-IRR,801751,IndiGo,Interglobe Aviation Ltd.,scheduled,S-19,2027-08-02,ATR72-600,AT76,ATR,ATR 72-600,FW,74,74,passenger,sch-oper.pdf,2026-08-31,2025-04-30,2025-02-06,1714,2025,INTERGLOBE AVIATION FINANCIAL SERVICES IFSC PRIVATE LIMITED,INTERGLOBE AVIATION FINANCIAL SERVICES IFSC PRIVATE LIMITED
VT-IRS,801755,IndiGo,Interglobe Aviation Ltd.,scheduled,S-19,2027-08-02,ATR72-600,AT76,ATR,ATR 72-600,FW,74,74,passenger,sch-oper.pdf,2026-08-31,2025-04-30,2025-01-10,1715,2024,INTERGLOBE AVIATION FINANCIAL SERVICES IFSC PRIVATE LIMITED,INTERGLOBE AVIATION FINANCIAL SERVICES IFSC PRIVATE LIMITED
VT-IRV,8016CE,IndiGo,Interglobe Aviation Ltd.,scheduled,S-19,2027-08-02,A321-252NX,A21N,Airbus,Airbus A321neo,FW,,,passenger,sch-oper.pdf,2026-08-31,2024-11-15,2024-08-09,12088,2024,MAPLE AIRCRAFT COMPANY LEASING IRELAND (2) LIMITED,SAME AS OWNER
VT-IRW,8016D7,IndiGo,Interglobe Aviation Ltd.,scheduled,S-19,2027-08-02,A321-252NX,A21N,Airbus,Airbus A321neo,FW,,,passenger,sch-oper.pdf,2026-08-31,2024-11-15,2024-08-27,12198,2024,INDICAN LEASING 1 DESIGNATED ACTIVITY COMPANY,INTERGLOBE AVIATION FINANCIAL SERVICES IFSC PRIVATE LIMITED
VT-IRX,8016DD,IndiGo,Interglobe Aviation Ltd.,scheduled,S-19,2027-08-02,A321-252NX,A21N,Airbus,Airbus A321neo,FW,,,passenger,sch-oper.pdf,2026-08-31,2024-11-15,2024-09-13,12025,2024,INDICAN LEASING 1 DESIGNATED ACTIVITY COMPANY,INTERGLOBE AVIATION FINANCIAL SERVICES IFSC PRIVATE LIMITED
VT-IRY,80171A,IndiGo,Interglobe Aviation Ltd.,scheduled,S-19,2027-08-02,A321-252NX,A21N,Airbus,Airbus A321neo,FW,,,passenger,sch-oper.pdf,2026-08-31,2024-11-15,2024-09-27,12046,2024,INDICAN LEASING X1879:AD18792 DESIGNATED ACTIVITY COMPANY,INTERGLOBE AVIATION FINANCIAL SERVICES IFSC PRIVATE LIMITED
VT-IRZ,8016D6,IndiGo,Interglobe Aviation Ltd.,scheduled,S-19,2027-08-02,A321-252NX,A21N,Airbus,Airbus A321neo,FW,,,passenger,sch-oper.pdf,2026-08-31,2024-11-15,2024-08-28,11998,2024,INDICAN LEASING 1 DESIGNATED ACTIVITY COMPANY,INTERGLOBE AVIATION FINANCIAL SERVICES IFSC PRIVATE LIMITED
VT-ISA,8013D8,IndiGo,Interglobe Aviation Ltd.,scheduled,S-19,2027-08-02,A320-271N,A20N,Airbus,Airbus A320neo,FW,186,186,passenger,sch-oper.pdf,2026-08-31,2023-01-31,2020-05-05,10073,2020,"PEMBROKE AIRCRAFT LEASING 4 LIMITED DUBLIN 2, IRELAND",SAME AS OWNER
VT-ISB,8013DD,IndiGo,Interglobe Aviation Ltd.,scheduled,S-19,2027-08-02,A320-271N,A20N,Airbus,Airbus A320neo,FW,186,186,passenger,sch-oper.pdf,2026-08-31,2023-01-31,,,,,
VT-ISC,8013DF,IndiGo,Interglobe Aviation Ltd.,scheduled,S-19,2027-08-02,A320-271N,A20N,Airbus,Airbus A320neo,FW,186,186,passenger,sch-oper.pdf,2026-08-31,2023-01-31,,,,,
VT-ISD,8013DE,IndiGo,Interglobe Aviation Ltd.,scheduled,S-19,2027-08-02,A320-271N,A20N,Airbus,Airbus A320neo,FW,186,186,passenger,sch-oper.pdf,2026-08-31,2023-01-31,2020-07-01,9596,2020,CAVIC 17 DESIGNATED ACTIVITY COMPANY,CAVIC 17 DESIGNATED ACTNITY COMP ANY
VT-ISE,8013F5,IndiGo,Interglobe Aviation Ltd.,scheduled,S-19,2027-08-02,A320-271N,A20N,Airbus,Airbus A320neo,FW,186,186,passenger,sch-oper.pdf,2026-08-31,2023-01-31,2020-08-28,9437,2020,SMBC AVIATION CAPITAL LJMITED,SMBC AVIATION CAPITAL LJMITED
VT-ISF,8013E6,IndiGo,Interglobe Aviation Ltd.,scheduled,S-19,2027-08-02,A320-271N,A20N,Airbus,Airbus A320neo,FW,186,186,passenger,sch-oper.pdf,2026-08-31,2023-01-31,,,,,
VT-ISG,,Star Air,Ghodawat Enterprises Pvt. Ltd.,non-scheduled,#06/2014,2028-03-17,EC-130 T2,EC30,Airbus Helicopters,Airbus H130,RW,6,6,passenger,ns-oper.pdf,2026-08-31,2016-02-10,2015-04-30,8062,2015,GHODAWAT ENTERPRISES PVT LTD,-
VT-ISI,8013E2,IndiGo,Interglobe Aviation Ltd.,scheduled,S-19,2027-08-02,A320-271N,A20N,Airbus,Airbus A320neo,FW,186,186,passenger,sch-oper.pdf,2026-08-31,2023-01-31,2020-07-07,9390,2020,SDH WINGS LEASING 8 LIMITED,SDH WINGS LEASING 8 LIMITED
VT-ISJ,8013E7,IndiGo,Interglobe Aviation Ltd.,scheduled,S-19,2027-08-02,A320-271N,A20N,Airbus,Airbus A320neo,FW,186,186,passenger,sch-oper.pdf,2026-08-31,2023-01-31,2020-07-23,10023,2020,CAVIC 34 DESIGNATED ACTIVITY COMPANY,CAVIC 34 DESIGNATED ACTIVITY COMPANY
VT-ISK,8013DB,IndiGo,Interglobe Aviation Ltd.,scheduled,S-19,2027-08-02,A320-271N,A20N,Airbus,Airbus A320neo,FW,186,186,passenger,sch-oper.pdf,2026-08-31,2023-01-31,2020-05-28,9461,2020,"PEMBROKE AIRCRAFT LEASING 4 LIMITED DUBLIN 2, IRELAND,",SAME AS OWNER
VT-ISL,8013F6,IndiGo,Interglobe Aviation Ltd.,scheduled,S-19,2027-08-02,A320-271N,A20N,Airbus,Airbus A320neo,FW,186,186,passenger,sch-oper.pdf,2026-08-31,2023-01-31,,,,,
VT-ISM,8013F3,IndiGo,Interglobe Aviation Ltd.,scheduled,S-19,2027-08-02,A320-271N,A20N,Airbus,Airbus A320neo,FW,186,186,passenger,sch-oper.pdf,2026-08-31,2023-01-31,,,,,
VT-ISN,8013F2,IndiGo,Interglobe Aviation Ltd.,scheduled,S-19,2027-08-02,A320-271N,A20N,Airbus,Airbus A320neo,FW,186,186,passenger,sch-oper.pdf,2026-08-31,2023-01-31,,,,,
VT-ISO,8013F8,IndiGo,Interglobe Aviation Ltd.,scheduled,S-19,2027-08-02,A320-251N,A20N,Airbus,Airbus A320neo,FW,186,186,passenger,sch-oper.pdf,2026-08-31,2023-01-31,2020-09-07,9561,2020,CELESTIAL AVIATION TRADING I5 LIMITED,CELESTIAL AVIATION TRADING I5 LIMITED
VT-ISP,8013FB,IndiGo,Interglobe Aviation Ltd.,scheduled,S-19,2027-08-02,A320-251N,A20N,Airbus,Airbus A320neo,FW,186,186,passenger,sch-oper.pdf,2026-08-31,2023-01-31,2020-11-04,10080,2020,EINN VOLANT AIRCRAFT LEASING IRELAND 1 LIMITED,EINN VOLANT AIRCRAFT LEASING IRELAND 1 LIMITED
VT-ISQ,8013FC,IndiGo,Interglobe Aviation Ltd.,scheduled,S-19,2027-08-02,A320-251N,A20N,Airbus,Airbus A320neo,FW,186,186,passenger,sch-oper.pdf,2026-08-31,2023-01-31,2020-11-24,9382,2020,CELESTIAL AVIATION TRADING 15 LIMITED,CELESTIAL AVIATION TRADING 15 LIMITED
VT-ISR,8013FD,IndiGo,Interglobe Aviation Ltd.,scheduled,S-19,2027-08-02,A320-251N,A20N,Airbus,Airbus A320neo,FW,186,186,passenger,sch-oper.pdf,2026-08-31,2023-01-31,2020-11-27,10170,2020,EINN VOLANT AIRCRAFT LEASING IRELAND 1 LIMITED,NA
VT-ISS,80140A,IndiGo,Interglobe Aviation Ltd.,scheduled,S-19,2027-08-02,A320-251N,A20N,Airbus,Airbus A320neo,FW,186,186,passenger,sch-oper.pdf,2026-08-31,2023-01-31,2020-12-10,10332,2020,CELESTIAL AVIATION TRADING 32 LIMITED,CELESTIAL AVIATION TRADING 32 LIMITED
VT-IST,801432,IndiGo,Interglobe Aviation Ltd.,scheduled,S-19,2027-08-02,A320-251N,A20N,Airbus,Airbus A320neo,FW,186,186,passenger,sch-oper.pdf,2026-08-31,2023-01-31,2021-04-09,10444,2021,CELESTIAL AVIATION TRADING 32 LIMITED,CELESTIAL AVIATION TRADING 32 LIMITED
VT-ISU,801434,IndiGo,Interglobe Aviation Ltd.,scheduled,S-19,2027-08-02,A320-251N,A20N,Airbus,Airbus A320neo,FW,186,186,passenger,sch-oper.pdf,2026-08-31,2023-01-31,2021-05-21,10503,2021,CELESTIAL AVIATION TRADING 32 LIMITED,CELESTIAL AVIATION TRADING 32 LIMITED
VT-ISV,801431,IndiGo,Interglobe Aviation Ltd.,scheduled,S-19,2027-08-02,A320-251N,A20N,Airbus,Airbus A320neo,FW,186,186,passenger,sch-oper.pdf,2026-08-31,2023-01-31,,,,,
VT-ISW,801458,IndiGo,Interglobe Aviation Ltd.,scheduled,S-19,2027-08-02,A320-251N,A20N,Airbus,Airbus A320neo,FW,186,186,passenger,sch-oper.pdf,2026-08-31,2023-01-31,,,,,
VT-ISX,801454,IndiGo,Interglobe Aviation Ltd.,scheduled,S-19,2027-08-02,A320-251N,A20N,Airbus,Airbus A320neo,FW,186,186,passenger,sch-oper.pdf,2026-08-31,2023-01-31,,,,,
VT-ISY,801460,IndiGo,Interglobe Aviation Ltd.,scheduled,S-19,2027-08-02,A320-251N,A20N,Airbus,Airbus A320neo,FW,186,186,passenger,sch-oper.pdf,2026-08-31,2023-01-31,,,,,
VT-ISZ,801462,IndiGo,Interglobe Aviation Ltd.,scheduled,S-19,2027-08-02,A320-251N,A20N,Airbus,Airbus A320neo,FW,186,186,passenger,sch-oper.pdf,2026-08-31,2023-01-31,2022-08-30,10420,2022,CALF (A1) AVIATION IRELAND DAC,CALF (A1) AVIATION IRELAND DAC
VT-ITB,800B73,IndiGo,Interglobe Aviation Ltd.,scheduled,S-19,2027-08-02,A320-271N,A20N,Airbus,Airbus A320neo,FW,186,186,passenger,sch-oper.pdf,2026-08-31,2017-03-07,2016-09-20,6720,2016,AVOLON AEROSPACE IRELAND AOE 50 LTD,AVOLON AEROSPACE IRELAND AOE 50 LTD
VT-ITG,800B78,IndiGo,Interglobe Aviation Ltd.,scheduled,S-19,2027-08-02,A320-271N,A20N,Airbus,Airbus A320neo,FW,186,186,passenger,sch-oper.pdf,2026-08-31,2017-03-07,,,,,
VT-ITI,800BB5,IndiGo,Interglobe Aviation Ltd.,scheduled,S-19,2027-08-02,A320-271N,A20N,Airbus,Airbus A320neo,FW,186,186,passenger,sch-oper.pdf,2026-08-31,2017-03-07,2016-09-23,6952,2016,M/S. SUBRIA FOUR LIMITED,M/S. SUBRIA FOUR LIMITED
VT-ITK,800BB7,IndiGo,Interglobe Aviation Ltd.,scheduled,S-19,2027-08-02,A320-271N,A20N,Airbus,Airbus A320neo,FW,186,186,passenger,sch-oper.pdf,2026-08-31,2017-03-07,2016-08-08,7001,2016,M/S SUBRIA THREE LIMITED,M/S SUBRIA THREE LIMITED
VT-ITL,800BC0,IndiGo,Interglobe Aviation Ltd.,scheduled,S-19,2027-08-02,A320-271N,A20N,Airbus,Airbus A320neo,FW,186,186,passenger,sch-oper.pdf,2026-08-31,2017-03-07,2016-09-30,7033,2016,M/S SUBRIA FIVE LIMITED,M/S SUBRIA FIVE LIMITED
VT-ITN,8008C2,IndiGo,Interglobe Aviation Ltd.,scheduled,S-19,2027-08-02,A320-271N,A20N,Airbus,Airbus A320neo,FW,186,186,passenger,sch-oper.pdf,2026-08-31,2017-03-07,2016-12-29,7252,2016,M/S AVOLON AEROSPACE (IRELAND) AOE 52 LIMITED,M/S AVOLON AEROSPACE (IRELAND) AOE 52 LIMITED
VT-ITO,8008C3,IndiGo,Interglobe Aviation Ltd.,scheduled,S-19,2027-08-02,A320-271N,A20N,Airbus,Airbus A320neo,FW,186,186,passenger,sch-oper.pdf,2026-08-31,2017-03-07,,,,,
VT-ITP,800BC4,IndiGo,Interglobe Aviation Ltd.,scheduled,S-19,2027-08-02,A320-271N,A20N,Airbus,Airbus A320neo,FW,186,186,passenger,sch-oper.pdf,2026-08-31,2017-03-07,2018-06-08,7331,2017,M/S ORIENTAL LEASING 8 COMPANY LIMITED,M/S ORIENTAL LEASING 8 COMPANY LIMITED
VT-ITQ,800C10,IndiGo,Interglobe Aviation Ltd.,scheduled,S-19,2027-08-02,A320-271N,A20N,Airbus,Airbus A320neo,FW,186,186,passenger,sch-oper.pdf,2026-08-31,2017-07-20,2018-06-05,7391,2017,M/S ORIENTAL LEASING 8 COMPANY LIMITED,M/S ORIENTAL LEASING 8 COMPANY LIMITED
VT-ITR,800C11,IndiGo,Interglobe Aviation Ltd.,scheduled,S-19,2027-08-02,A320-271N,A20N,Airbus,Airbus A320neo,FW,186,186,passenger,sch-oper.pdf,2026-08-31,2017-07-20,2018-06-05,7396,2017,M/S ORIENTAL LEASING 8 COMPANY LIMITED,M/S ORIENTAL LEASING 8 COMPANY LIMITED
VT-ITS,800C01,IndiGo,Interglobe Aviation Ltd.,scheduled,S-19,2027-08-02,A320-271N,A20N,Airbus,Airbus A320neo,FW,186,186,passenger,sch-oper.pdf,2026-08-31,2017-03-07,2018-06-05,6772,2017,M/S ORIENTAL LEASING 8 COMPANY LIMITED,M/S ORIENTAL LEASING 8 COMPANY LIMITED
VT-ITT,800C15,IndiGo,Interglobe Aviation Ltd.,scheduled,S-19,2027-08-02,A320-271N,A20N,Airbus,Airbus A320neo,FW,186,186,passenger,sch-oper.pdf,2026-08-31,2017-07-20,2018-06-08,7504,2017,M/S ORIENTAL LEASING 8 COMPANY LIMITED,M/S ORIENTAL LEASING 8 COMPANY LIMITED
VT-ITU,800C16,IndiGo,Interglobe Aviation Ltd.,scheduled,S-19,2027-08-02,A320-271N,A20N,Airbus,Airbus A320neo,FW,186,186,passenger,sch-oper.pdf,2026-08-31,2017-07-20,2017-05-11,7510,2017,JACKSON SQUARE AVIATION IRELAND LTD,JACKSON SQUARE AVIATION IRELAND LTD
VT-ITV,800C12,IndiGo,Interglobe Aviation Ltd.,scheduled,S-19,2027-08-02,A320-271N,A20N,Airbus,Airbus A320neo,FW,186,186,passenger,sch-oper.pdf,2026-08-31,2017-07-20,2018-06-05,6829,2017,M/S ORIENTAL LEASING 8 COMPANY LIMITED,M/S ORIENTAL LEASING 8 COMPANY LIMITED
VT-ITW,800C17,IndiGo,Interglobe Aviation Ltd.,scheduled,S-19,2027-08-02,A320-271N,A20N,Airbus,Airbus A320neo,FW,186,186,passenger,sch-oper.pdf,2026-08-31,2017-09-26,2017-08-24,7618,2017,M/S JACKSON SQUARE AVIATION IRELAND LTD,M/S JACKSON SQUARE AVIATION IRELAND LTD
VT-ITX,800C38,IndiGo,Interglobe Aviation Ltd.,scheduled,S-19,2027-08-02,A320-271N,A20N,Airbus,Airbus A320neo,FW,186,186,passenger,sch-oper.pdf,2026-08-31,2018-02-01,2017-09-26,6904,2017,JACKSON SQUARE AVIATION IRELAND LTD,JACKSON SQUARE AVIATION IRELAND LTD
VT-ITY,800C39,IndiGo,Interglobe Aviation Ltd.,scheduled,S-19,2027-08-02,A320-271N,A20N,Airbus,Airbus A320neo,FW,186,186,passenger,sch-oper.pdf,2026-08-31,2018-02-01,2017-11-01,6946,2017,JACKSON SQUARE AVIATION IRELAND LTD,JACKSON SQUARE AVIATION IRELAND LTD
VT-ITZ,800C63,IndiGo,Interglobe Aviation Ltd.,scheduled,S-19,2027-08-02,A320-271N,A20N,Airbus,Airbus A320neo,FW,186,186,passenger,sch-oper.pdf,2026-08-31,2018-02-01,,,,,
VT-IUO,8013D4,IndiGo,Interglobe Aviation Ltd.,scheduled,S-19,2027-08-02,A321-271NX,A21N,Airbus,Airbus A321neo,FW,222,222/232,passenger,sch-oper.pdf,2026-08-31,2023-01-31,,,,,
VT-IUP,8013E5,IndiGo,Interglobe Aviation Ltd.,scheduled,S-19,2027-08-02,A321-271NX,A21N,Airbus,Airbus A321neo,FW,222,222/232,passenger,sch-oper.pdf,2026-08-31,2023-01-31,,,,,
VT-IUQ,8013CE,IndiGo,Interglobe Aviation Ltd.,scheduled,S-19,2027-08-02,A321-271NX,A21N,Airbus,Airbus A321neo,FW,222,222/232,passenger,sch-oper.pdf,2026-08-31,2023-01-31,,,,,
VT-IUR,8013EF,IndiGo,Interglobe Aviation Ltd.,scheduled,S-19,2027-08-02,A321-271NX,A21N,Airbus,Airbus A321neo,FW,222,222/232,passenger,sch-oper.pdf,2026-08-31,2023-01-31,,,,,
VT-IUS,8013D5,IndiGo,Interglobe Aviation Ltd.,scheduled,S-19,2027-08-02,A321-271NX,A21N,Airbus,Airbus A321neo,FW,222,222/232,passenger,sch-oper.pdf,2026-08-31,2023-01-31,2020-10-28,9347,2020,FPAC AIRCRAFT LEASING II LIMITED,FPAC AIRCRAFT LEASING II LIMITED
VT-IUT,8013D9,IndiGo,Interglobe Aviation Ltd.,scheduled,S-19,2027-08-02,A321-271NX,A21N,Airbus,Airbus A321neo,FW,222,222/232,passenger,sch-oper.pdf,2026-08-31,2023-01-31,,,,,
VT-IUU,8013FF,IndiGo,Interglobe Aviation Ltd.,scheduled,S-19,2027-08-02,A321-271NX,A21N,Airbus,Airbus A321neo,FW,222,222/232,passenger,sch-oper.pdf,2026-08-31,2023-01-31,2020-10-06,9236,2020,JACKSON SQUARE AVIATION IRELAND LIMITED,JACKSON SQUARE AVIATION IRELAND LIMITED
VT-IUV,8013CF,IndiGo,Interglobe Aviation Ltd.,scheduled,S-19,2027-08-02,A321-271NX,A21N,Airbus,Airbus A321neo,FW,222,222/232,passenger,sch-oper.pdf,2026-08-31,2023-01-31,2020-06-03,9396,2020,"DYNAM AVIATION IRELAND THREE LIMITED DUBLIN 2, IRELAND",SAME AS OWNER
VT-IUW,8013F0,IndiGo,Interglobe Aviation Ltd.,scheduled,S-19,2027-08-02,A321-271NX,A21N,Airbus,Airbus A321neo,FW,222,222/232,passenger,sch-oper.pdf,2026-08-31,2023-01-31,,,,,
VT-IUX,801400,IndiGo,Interglobe Aviation Ltd.,scheduled,S-19,2027-08-02,A321-271NX,A21N,Airbus,Airbus A321neo,FW,222,222/232,passenger,sch-oper.pdf,2026-08-31,2023-01-31,2020-10-07,9436,2020,JACKSON SQUARE AVIATION IRELAND LIMITED,JACKSON SQUARE AVIATION IRELAND LIMITED
VT-IUY,801401,IndiGo,Interglobe Aviation Ltd.,scheduled,S-19,2027-08-02,A321-271NX,A21N,Airbus,Airbus A321neo,FW,222,222/232,passenger,sch-oper.pdf,2026-08-31,2023-01-31,2020-10-07,9443,2020,JACKSON SQUARE AVIATION IRELAND LIMITED,JACKSON SQUARE AVIATION IRELAND LIMITED
VT-IUZ,801402,IndiGo,Interglobe Aviation Ltd.,scheduled,S-19,2027-08-02,A321-252NX,A21N,Airbus,Airbus A321neo,FW,,,passenger,sch-oper.pdf,2026-08-31,2023-01-31,2020-12-08,10155,2020,BOC AVIATION (IRELAND) LIMITED,NA
VT-IVA,800C70,IndiGo,Interglobe Aviation Ltd.,scheduled,S-19,2027-08-02,A320-271N,A20N,Airbus,Airbus A320neo,FW,186,186,passenger,sch-oper.pdf,2026-08-31,2018-02-01,2018-06-19,7912,2017,M/S GAT MI VOL I DESIGNATED ACTIVITY COMPANY,M/S GAT MI VOL I DESIGNATED ACTIVITY COMPANY
VT-IVB,800C71,IndiGo,Interglobe Aviation Ltd.,scheduled,S-19,2027-08-02,A320-271N,A20N,Airbus,Airbus A320neo,FW,186,186,passenger,sch-oper.pdf,2026-08-31,2018-02-01,,,,,
VT-IVC,800C72,IndiGo,Interglobe Aviation Ltd.,scheduled,S-19,2027-08-02,A320-271N,A20N,Airbus,Airbus A320neo,FW,186,186,passenger,sch-oper.pdf,2026-08-31,2018-02-01,2018-07-25,7931,2017,M/S PEMBROKE AIRCRAFT LEASING 11 LIMITED,M/S PEMBROKE AIRCRAFT LEASING 11 LIMITED
VT-IVD,800C73,IndiGo,Interglobe Aviation Ltd.,scheduled,S-19,2027-08-02,A320-271N,A20N,Airbus,Airbus A320neo,FW,186,186,passenger,sch-oper.pdf,2026-08-31,2018-02-01,2017-12-13,7961,2017,M/S SKY AIRCRAFT INDIAN ONE LIMITED,M/S SKY AIRCRAFT INDIAN ONE LIMITED
VT-IVE,800C74,IndiGo,Interglobe Aviation Ltd.,scheduled,S-19,2027-08-02,A320-271N,A20N,Airbus,Airbus A320neo,FW,186,186,passenger,sch-oper.pdf,2026-08-31,2018-02-01,2018-07-25,7083,2017,M/S PEMBROKE AIRCRAFT LEASING 11 LIMITED,M/S PEMBROKE AIRCRAFT LEASING 11 LIMITED
VT-IVF,800C75,IndiGo,Interglobe Aviation Ltd.,scheduled,S-19,2027-08-02,A320-271N,A20N,Airbus,Airbus A320neo,FW,186,186,passenger,sch-oper.pdf,2026-08-31,2018-02-01,2018-07-25,7192,2017,M/S PEMBROKE AIRCRAFT LEASING 11 LIMITED,M/S PEMBROKE AIRCRAFT LEASING 11 LIMITED
VT-IVK,800CCB,IndiGo,Interglobe Aviation Ltd.,scheduled,S-19,2027-08-02,A320-271N,A20N,Airbus,Airbus A320neo,FW,186,186,passenger,sch-oper.pdf,2026-08-31,2019-07-15,,,,,
VT-IVP,800CDC,IndiGo,Interglobe Aviation Ltd.,scheduled,S-19,2027-08-02,A320-271N,A20N,Airbus,Airbus A320neo,FW,186,186,passenger,sch-oper.pdf,2026-08-31,2018-10-31,,,,,
VT-IVQ,800CDD,IndiGo,Interglobe Aviation Ltd.,scheduled,S-19,2027-08-02,A320-271N,A20N,Airbus,Airbus A320neo,FW,186,186,passenger,sch-oper.pdf,2026-08-31,2018-10-31,2018-07-31,8387,2018,M/S SKY AIRCRAFT INDIAN THREE LIMITED,M/S SKY AIRCRAFT INDIAN THREE LIMITED
VT-IVX,800D01,IndiGo,Interglobe Aviation Ltd.,scheduled,S-19,2027-08-02,A320-271N,A20N,Airbus,Airbus A320neo,FW,186,186,passenger,sch-oper.pdf,2026-08-31,2018-10-31,2018-09-20,8417,2018,M/S SKY AIRCRAFT INDIAN FOUR LIMITED,M/S SKY AIRCRAFT INDIAN FOUR LIMITED
VT-IVY,800D00,IndiGo,Interglobe Aviation Ltd.,scheduled,S-19,2027-08-02,A320-271N,A20N,Airbus,Airbus A320neo,FW,186,186,passenger,sch-oper.pdf,2026-08-31,2018-10-31,,,,,
VT-IVZ,800CEE,IndiGo,Interglobe Aviation Ltd.,scheduled,S-19,2027-08-02,A320-271N,A20N,Airbus,Airbus A320neo,FW,186,186,passenger,sch-oper.pdf,2026-08-31,2018-10-31,,,,,
VT-IWM,8016DE,IndiGo,Interglobe Aviation Ltd.,scheduled,S-19,2027-08-02,A321-252NX,A21N,Airbus,Airbus A321neo,FW,,,passenger,sch-oper.pdf,2026-08-31,2024-11-15,2024-09-19,12152,2024,INDICAN LEASING 1 DESIGNATED ACTIVITY COMPANY,INTERGLOBE AVIATION FINANCIAL SERVICES IFSC PRIVATE LIMITED
VT-IWN,8016D2,IndiGo,Interglobe Aviation Ltd.,scheduled,S-19,2027-08-02,A321-252NX,A21N,Airbus,Airbus A321neo,FW,,,passenger,sch-oper.pdf,2026-08-31,2024-11-15,2024-08-16,12171,2024,SFVI AIRCRAFT HOLDINGS IRE 1 DESIGNATED ACTIVITY COMPANY,SAME AS OWNER
VT-IWQ,801742,IndiGo,Interglobe Aviation Ltd.,scheduled,S-19,2027-08-02,A321-252NX,A21N,Airbus,Airbus A321neo,FW,,,passenger,sch-oper.pdf,2026-08-31,2025-04-30,2024-12-10,12245,2024,SFVI AIRCRAFT HOLDINGS IRE 3 DESIGNATED ACTIVITY COMPANY,SAME AS OWNER
VT-IWT,80174D,IndiGo,Interglobe Aviation Ltd.,scheduled,S-19,2027-08-02,A321-252NX,A21N,Airbus,Airbus A321neo,FW,,,passenger,sch-oper.pdf,2026-08-31,2025-04-30,2025-01-03,12358,2024,INDICAN LEASING 6 DESIGNATED ACTIVITY COMPANY,INTERGLOBE AVIATION FINANCIAL SERVICES IFSC PRIVATE LIMITED
VT-IWU,80175A,IndiGo,Interglobe Aviation Ltd.,scheduled,S-19,2027-08-02,A321-252NX,A21N,Airbus,Airbus A321neo,FW,,,passenger,sch-oper.pdf,2026-08-31,2025-04-30,2025-01-23,12252,2025,AIRCASTLE (IRELAND) DESIGNATED ACTIVITY COMPANY,INTERGLOBE AVIATION FINANCIAL SERVICES IFSC PRIVATE LIMITED
VT-IWV,80174A,IndiGo,Interglobe Aviation Ltd.,scheduled,S-19,2027-08-02,A321-252NX,A21N,Airbus,Airbus A321neo,FW,,,passenger,sch-oper.pdf,2026-08-31,2025-04-30,2025-01-03,12143,2024,INDICAN LEASING 6 DESIGNATED ACTIVITY COMPNAY,INTERGLOBE AVIATION FINANCIAL SERVICES IFSC PRIVATE LIMITED
VT-IWW,801649,IndiGo,Interglobe Aviation Ltd.,scheduled,S-19,2027-08-02,A320-214,A320,Airbus,Airbus A320,FW,180,180,passenger,sch-oper.pdf,2026-08-31,2024-06-10,2024-05-21,4720,2011,MACQUARIE AIRFINANCE ACQUISITIONS (IRELAND) LIMITED,SAME AS OWNER
VT-IWX,801678,IndiGo,Interglobe Aviation Ltd.,scheduled,S-19,2027-08-02,A320-214,A320,Airbus,Airbus A320,FW,180,180,passenger,sch-oper.pdf,2026-08-31,2025-04-30,2024-11-20,4399,2010,MACQUARIE AVIATION FINANCE IRELAND (5) LIMITED,SAME AS OWNER
VT-IWY,801752,IndiGo,Interglobe Aviation Ltd.,scheduled,S-19,2027-08-02,A320-214,A320,Airbus,Airbus A320,FW,180,180,passenger,sch-oper.pdf,2026-08-31,2025-04-30,2025-01-20,4438,2010,MACQUARIE AVIATION FINANCE IRELAND (5) LIMITED,MACQUARIE AVIATION FINANCE IRELAND (5) LIMITED
VT-IWZ,8016B5,IndiGo,Interglobe Aviation Ltd.,scheduled,S-19,2027-08-02,A320-214,A320,Airbus,Airbus A320,FW,180,180,passenger,sch-oper.pdf,2026-08-31,2024-11-15,2024-06-26,4655,2011,AERGEN AIRCRFT NINETEEN LIMITED,SAME AS OWNER
VT-IXA,80169C,IndiGo,Interglobe Aviation Ltd.,scheduled,S-19,2027-08-02,A320-251N,A20N,Airbus,Airbus A320neo,FW,186,186,passenger,sch-oper.pdf,2026-08-31,2024-06-10,2024-05-07,12097,2024,SMBC AVIATION CAPITAL LIMITED,SAME AS OWNER
VT-IXC,800C57,Aviation Connectivity & Infrastructure Developers,Aviation Connectivity & Infrastructure Developers Pvt. Ltd.,non-scheduled,#07/2023,2028-07-02,TECNAM P2010TDI,P06T,Tecnam,Tecnam P2006T,FW,3,3,passenger,ns-oper.pdf,2026-08-31,2017-09-26,,,,,
VT-IXD,8016A3,IndiGo,Interglobe Aviation Ltd.,scheduled,S-19,2027-08-02,A320-251N,A20N,Airbus,Airbus A320neo,FW,186,186,passenger,sch-oper.pdf,2026-08-31,2024-11-15,2024-06-07,12119,2024,ORIX AVIATION SYSTEMS LIMITED,SAME AS OWNER
VT-IXE,8016A5,IndiGo,Interglobe Aviation Ltd.,scheduled,S-19,2027-08-02,A320-251N,A20N,Airbus,Airbus A320neo,FW,186,186,passenger,sch-oper.pdf,2026-08-31,2024-11-15,2024-06-12,12130,2024,JACKSON SQUARE AVIATION IRELAND LIMITED,SAME AS OWNER
VT-IXF,8016BA,IndiGo,Interglobe Aviation Ltd.,scheduled,S-19,2027-08-02,A320-251N,A20N,Airbus,Airbus A320neo,FW,186,186,passenger,sch-oper.pdf,2026-08-31,2024-11-15,2024-08-13,12192,2024,SMBC AVIATION CAPITAL LIMITED,SAME AS OWNER
VT-IXG,8016BE,IndiGo,Interglobe Aviation Ltd.,scheduled,S-19,2027-08-02,A320-251N,A20N,Airbus,Airbus A320neo,FW,186,186,passenger,sch-oper.pdf,2026-08-31,2024-11-15,2024-07-24,12214,2024,ORIX AVIATION SYSTEMS LIMITED,SAME AS OWNER
VT-IXH,8016BF,IndiGo,Interglobe Aviation Ltd.,scheduled,S-19,2027-08-02,A320-251N,A20N,Airbus,Airbus A320neo,FW,186,186,passenger,sch-oper.pdf,2026-08-31,2024-11-15,2024-07-25,12235,2024,SMBC AVIATION CAPITAL LIMITED,SAME AS OWNER
VT-IXI,8016C5,IndiGo,Interglobe Aviation Ltd.,scheduled,S-19,2027-08-02,A320-251N,A20N,Airbus,Airbus A320neo,FW,186,186,passenger,sch-oper.pdf,2026-08-31,2024-11-15,2024-08-09,12246,2024,JACKSON SQUARE AVIATION IRELAND LIMITED,SAME AS OWNER
VT-IXJ,8016E0,IndiGo,Interglobe Aviation Ltd.,scheduled,S-19,2027-08-02,A320-251N,A20N,Airbus,Airbus A320neo,FW,186,186,passenger,sch-oper.pdf,2026-08-31,2024-11-15,2024-09-25,12278,2024,SMBC AVIATION CAPITAL LIMITED,SAME AS OWNER
VT-IXK,8016DA,IndiGo,Interglobe Aviation Ltd.,scheduled,S-19,2027-08-02,A320-251N,A20N,Airbus,Airbus A320neo,FW,186,186,passenger,sch-oper.pdf,2026-08-31,2024-11-15,2024-09-20,12268,2024,JACKSON SQUARE AVIATION IRELAND LIMITED,SAME AS OWNER
VT-IXL,8016E1,IndiGo,Interglobe Aviation Ltd.,scheduled,S-19,2027-08-02,A320-251N,A20N,Airbus,Airbus A320neo,FW,186,186,passenger,sch-oper.pdf,2026-08-31,2024-11-15,2024-10-01,12293,2024,SMBC AVIATION CAPITAL LIMITED,SAME AS OWNER
VT-IXM,801729,IndiGo,Interglobe Aviation Ltd.,scheduled,S-19,2027-08-02,A320-251N,A20N,Airbus,Airbus A320neo,FW,186,186,passenger,sch-oper.pdf,2026-08-31,2024-11-15,2024-10-25,12026,2024,MAPLE AIRCRAFT COMPANY LEASING IRELAND (2) LIMITED,SAME AS OWNER
VT-IXN,801726,IndiGo,Interglobe Aviation Ltd.,scheduled,S-19,2027-08-02,A320-251N,A20N,Airbus,Airbus A320neo,FW,186,186,passenger,sch-oper.pdf,2026-08-31,2024-11-15,2024-10-11,12321,2024,SMBC AVIATION CAPITAL LIMITED,SAME AS OWNER
VT-IXO,80172D,IndiGo,Interglobe Aviation Ltd.,scheduled,S-19,2027-08-02,A320-251N,A20N,Airbus,Airbus A320neo,FW,186,186,passenger,sch-oper.pdf,2026-08-31,2024-11-15,2024-10-30,12179,2024,JACKSON SQURE AVIATION IRELAND LIMITED,SAME AS OWNER
VT-IXP,801733,IndiGo,Interglobe Aviation Ltd.,scheduled,S-19,2027-08-02,A320-251N,A20N,Airbus,Airbus A320neo,FW,186,186,passenger,sch-oper.pdf,2026-08-31,2025-04-30,2024-11-20,12038,2024,JACKSON SQUARE AVIATION IRELAND LIMITED,SAME AS OWNER
VT-IXQ,80183A,IndiGo,Interglobe Aviation Ltd.,scheduled,S-19,2027-08-02,A320-251N,A20N,Airbus,Airbus A320neo,FW,186,186,passenger,sch-oper.pdf,2026-08-31,2026-05-31,2025-11-07,12796,2025,MAPPLE AIRCRAFT COMPANY LEASING IRELAND (2) LIMITED,MAPPLE AIRCRAFT COMPANY LEASING IRELAND (2) LIMITED
VT-IXR,800C83,Air India Express,Air India Express Ltd.,scheduled,S-14,2028-04-21,A320-214,A320,Airbus,Airbus A320,FW,180,180,passenger,sch-oper.pdf,2026-08-31,2018-02-01,2017-12-14,3758,2009,CIT AEROSPACE INTERNATIONAL,CIT AEROSPACE INTERNATIONAL
VT-IXS,8013E3,IndiGo,Interglobe Aviation Ltd.,scheduled,S-19,2027-08-02,ATR72-600,AT76,ATR,ATR 72-600,FW,74,74,passenger,sch-oper.pdf,2026-08-31,2023-01-31,2021-06-25,1566,2021,INTERGLOBE AVIATION LIMITED,NA
VT-IXT,801828,IndiGo,Interglobe Aviation Ltd.,scheduled,S-19,2027-08-02,A320-251N,A20N,Airbus,Airbus A320neo,FW,186,186,passenger,sch-oper.pdf,2026-08-31,2026-05-31,2025-10-15,12806,2025,SMBC AVIATION CAPITAL LIMITED,SMBC AVIATION CAPITAL LIMITED
VT-IXV,8013E4,IndiGo,Interglobe Aviation Ltd.,scheduled,S-19,2027-08-02,ATR72-600,AT76,ATR,ATR 72-600,FW,74,74,passenger,sch-oper.pdf,2026-08-31,2023-01-31,2021-06-29,1570,2021,AJNA AIRCRAFT I DESIGNATED ACTIVITY COMPANY,AJNA AIRCRAFT I DESIGNATED ACTIVITY COMPANY
VT-IXW,801415,IndiGo,Interglobe Aviation Ltd.,scheduled,S-19,2027-08-02,ATR72-600,AT76,ATR,ATR 72-600,FW,74,74,passenger,sch-oper.pdf,2026-08-31,2023-01-31,,,,,
VT-IXX,801414,IndiGo,Interglobe Aviation Ltd.,scheduled,S-19,2027-08-02,ATR72-600,AT76,ATR,ATR 72-600,FW,74,74,passenger,sch-oper.pdf,2026-08-31,2023-01-31,,,,,
VT-IXY,801465,IndiGo,Interglobe Aviation Ltd.,scheduled,S-19,2027-08-02,ATR72-600,AT76,ATR,ATR 72-600,FW,74,74,passenger,sch-oper.pdf,2026-08-31,2023-01-31,,,,,
VT-IXZ,80146D,IndiGo,Interglobe Aviation Ltd.,scheduled,S-19,2027-08-02,ATR72-600,AT76,ATR,ATR 72-600,FW,74,74,passenger,sch-oper.pdf,2026-08-31,2023-01-31,,,,,
VT-IYA,800C65,IndiGo,Interglobe Aviation Ltd.,scheduled,S-19,2027-08-02,ATR72-600,AT76,ATR,ATR 72-600,FW,74,74,passenger,sch-oper.pdf,2026-08-31,2018-05-01,,,,,
VT-IYB,800C6D,IndiGo,Interglobe Aviation Ltd.,scheduled,S-19,2027-08-02,ATR72-600,AT76,ATR,ATR 72-600,FW,74,74,passenger,sch-oper.pdf,2026-08-31,2018-05-01,,,,,
VT-IYC,800C6E,IndiGo,Interglobe Aviation Ltd.,scheduled,S-19,2027-08-02,ATR72-600,AT76,ATR,ATR 72-600,FW,74,74,passenger,sch-oper.pdf,2026-08-31,2018-05-01,,,,,
VT-IYD,800C99,IndiGo,Interglobe Aviation Ltd.,scheduled,S-19,2027-08-02,ATR72-600,AT76,ATR,ATR 72-600,FW,74,74,passenger,sch-oper.pdf,2026-08-31,2018-05-01,,,,,
VT-IYE,800C9B,IndiGo,Interglobe Aviation Ltd.,scheduled,S-19,2027-08-02,ATR72-600,AT76,ATR,ATR 72-600,FW,74,74,passenger,sch-oper.pdf,2026-08-31,2018-05-01,,,,,
VT-IYF,800CBF,IndiGo,Interglobe Aviation Ltd.,scheduled,S-19,2027-08-02,ATR72-600,AT76,ATR,ATR 72-600,FW,74,74,passenger,sch-oper.pdf,2026-08-31,2018-05-01,,,,,
VT-IYG,800CBE,IndiGo,Interglobe Aviation Ltd.,scheduled,S-19,2027-08-02,ATR72-600,AT76,ATR,ATR 72-600,FW,74,74,passenger,sch-oper.pdf,2026-08-31,2018-10-31,,,,,
VT-IYH,800CC2,IndiGo,Interglobe Aviation Ltd.,scheduled,S-19,2027-08-02,ATR72-600,AT76,ATR,ATR 72-600,FW,74,74,passenger,sch-oper.pdf,2026-08-31,2018-10-31,,,,,
VT-IYI,800CC3,IndiGo,Interglobe Aviation Ltd.,scheduled,S-19,2027-08-02,ATR72-600,AT76,ATR,ATR 72-600,FW,74,74,passenger,sch-oper.pdf,2026-08-31,2018-10-31,,,,,
VT-IYJ,800CE0,IndiGo,Interglobe Aviation Ltd.,scheduled,S-19,2027-08-02,ATR72-600,AT76,ATR,ATR 72-600,FW,74,74,passenger,sch-oper.pdf,2026-08-31,2018-10-31,,,,,
VT-IYK,800CE1,IndiGo,Interglobe Aviation Ltd.,scheduled,S-19,2027-08-02,ATR72-600,AT76,ATR,ATR 72-600,FW,74,74,passenger,sch-oper.pdf,2026-08-31,2018-10-31,,,,,
VT-IYL,800CF7,IndiGo,Interglobe Aviation Ltd.,scheduled,S-19,2027-08-02,ATR72-600,AT76,ATR,ATR 72-600,FW,74,74,passenger,sch-oper.pdf,2026-08-31,2018-10-31,,,,,
VT-IYO,800CFB,IndiGo,Interglobe Aviation Ltd.,scheduled,S-19,2027-08-02,ATR72-600,AT76,ATR,ATR 72-600,FW,74,74,passenger,sch-oper.pdf,2026-08-31,2019-07-15,2019-04-01,1517,2019,"Truenoord Ghaghara limited Dublin 2, Ireland",Same As Owner
VT-IYP,800D6A,IndiGo,Interglobe Aviation Ltd.,scheduled,S-19,2027-08-02,ATR72-600,AT76,ATR,ATR 72-600,FW,74,74,passenger,sch-oper.pdf,2026-08-31,2019-07-15,2019-04-29,1529,2019,"Truenoord Ghaghara limited Dublin 2, Ireland Sanjay",Same As Owner Same As
VT-IYQ,800D8A,IndiGo,Interglobe Aviation Ltd.,scheduled,S-19,2027-08-02,ATR72-600,AT76,ATR,ATR 72-600,FW,74,74,passenger,sch-oper.pdf,2026-08-31,2019-07-15,2019-06-06,1532,2019,"Truenoord Ghaghara limited Dublin 2, Ireland",Same As Owner
VT-IYS,801446,IndiGo,Interglobe Aviation Ltd.,scheduled,S-19,2027-08-02,ATR72-600,AT76,ATR,ATR 72-600,FW,74,74,passenger,sch-oper.pdf,2026-08-31,2023-01-31,2021-06-30,1542,2021,AJNA AIRCRAFT I DESIGNATED ACTIVITY COMPANY,AJNA AIRCRAFT I DESIGNATED ACTIVITY COMPANY
VT-IYU,800DB2,IndiGo,Interglobe Aviation Ltd.,scheduled,S-19,2027-08-02,ATR72-600,AT76,ATR,ATR 72-600,FW,74,74,passenger,sch-oper.pdf,2026-08-31,2023-01-31,2019-12-31,1545,2019,"LIMERICK AIRCRAFT LEASING LIMITED 2 GRAND CANAL SQUARE, GRAND CANAL HARBOUR, DUBLIN 2, IRELAND",SAME AS OWNER
VT-IYX,8013BB,IndiGo,Interglobe Aviation Ltd.,scheduled,S-19,2027-08-02,ATR72-600,AT76,ATR,ATR 72-600,FW,74,74,passenger,sch-oper.pdf,2026-08-31,2023-01-31,2019-12-31,1552,2019,"LIMERICK AIRCRAFT LEASING LIMITED 2 GRAND CANAL SQUARE, GRAND",SAME AS OWNER
VT-IYY,800FD1,IndiGo,Interglobe Aviation Ltd.,scheduled,S-19,2027-08-02,ATR72-600,AT76,ATR,ATR 72-600,FW,74,74,passenger,sch-oper.pdf,2026-08-31,2019-09-30,2019-09-20,1557,2019,"Cork Aircraft Leasing Limited Dublin 2, Ireland",Same As Owner
VT-IYZ,800DB7,IndiGo,Interglobe Aviation Ltd.,scheduled,S-19,2027-08-02,ATR72-600,AT76,ATR,ATR 72-600,FW,74,74,passenger,sch-oper.pdf,2026-08-31,2019-09-30,2019-08-30,1559,2019,"Cork Aircraft Leasing Limited Dublin 2, Ireland Government",Same As Owner Same As
VT-IZB,800D09,IndiGo,Interglobe Aviation Ltd.,scheduled,S-19,2027-08-02,A320-271N,A20N,Airbus,Airbus A320neo,FW,186,186,passenger,sch-oper.pdf,2026-08-31,2018-10-31,,,,,
VT-IZC,800D0A,IndiGo,Interglobe Aviation Ltd.,scheduled,S-19,2027-08-02,A320-271N,A20N,Airbus,Airbus A320neo,FW,186,186,passenger,sch-oper.pdf,2026-08-31,2018-10-31,,,,,
VT-IZD,800D0F,IndiGo,Interglobe Aviation Ltd.,scheduled,S-19,2027-08-02,A320-271N,A20N,Airbus,Airbus A320neo,FW,186,186,passenger,sch-oper.pdf,2026-08-31,2019-07-15,2018-10-26,8527,2018,M/S LUNI AVIATION LEASING LIMITED,M/S LUNI AVIATION LEASING LIMITED
VT-IZE,800D10,IndiGo,Interglobe Aviation Ltd.,scheduled,S-19,2027-08-02,A320-271N,A20N,Airbus,Airbus A320neo,FW,186,186,passenger,sch-oper.pdf,2026-08-31,2019-07-15,,,,,
VT-IZF,800D2D,IndiGo,Interglobe Aviation Ltd.,scheduled,S-19,2027-08-02,A320-271N,A20N,Airbus,Airbus A320neo,FW,186,186,passenger,sch-oper.pdf,2026-08-31,2019-07-15,,,,,
VT-IZH,800D2C,IndiGo,Interglobe Aviation Ltd.,scheduled,S-19,2027-08-02,A320-271N,A20N,Airbus,Airbus A320neo,FW,186,186,passenger,sch-oper.pdf,2026-08-31,2019-07-15,,,,,
VT-IZK,800D34,IndiGo,Interglobe Aviation Ltd.,scheduled,S-19,2027-08-02,A320-271N,A20N,Airbus,Airbus A320neo,FW,186,186,passenger,sch-oper.pdf,2026-08-31,2019-07-15,,,,,
VT-IZL,800D35,IndiGo,Interglobe Aviation Ltd.,scheduled,S-19,2027-08-02,A320-271N,A20N,Airbus,Airbus A320neo,FW,186,186,passenger,sch-oper.pdf,2026-08-31,2019-07-15,2018-12-07,8628,2018,SOTA AVIATION LEASING LIMITED,SOTA AVIATION LEASING LIMITED
VT-IZM,800D36,IndiGo,Interglobe Aviation Ltd.,scheduled,S-19,2027-08-02,A320-271N,A20N,Airbus,Airbus A320neo,FW,186,186,passenger,sch-oper.pdf,2026-08-31,2019-07-15,,,,,
VT-IZN,800D37,IndiGo,Interglobe Aviation Ltd.,scheduled,S-19,2027-08-02,A320-271N,A20N,Airbus,Airbus A320neo,FW,186,186,passenger,sch-oper.pdf,2026-08-31,2019-07-15,2018-12-18,8654,2018,M/S BERACH AVIATION LEASING LIMITED,M/S BERACH AVIATION LEASING LIMITED
VT-IZV,800D6C,IndiGo,Interglobe Aviation Ltd.,scheduled,S-19,2027-08-02,A320-271N,A20N,Airbus,Airbus A320neo,FW,186,186,passenger,sch-oper.pdf,2026-08-31,2023-01-31,2019-12-31,8864,2019,"BLUESKY 30 LEASING COMPANY LIMITED 2 GRAND CANAL SQUARE, GRAND CANAL HARBOUR, DUBLIN 2, IRELAND",SAME AS OWNER
VT-JHK,,E-Factor Adventure Tourism (P),E-Factor Adventure Tourism (P) Ltd.,non-scheduled,#1/2008,2029-01-01,ULTRAMAGIC T-210 (HOT AIR BALLOON),BALL,Hot air balloon,Hot air balloon,B,10,10,passenger,ns-oper.pdf,2026-08-31,2025-09-30,2011-08-02,,,,M/s CESSNA
VT-JHP,80039D,Fern Aviation India,Fern Aviation India Pvt. Ltd.,non-scheduled,#07/2017,2027-08-21,HAWKER 850XP,H25B,Hawker Beechcraft,Hawker 800/850/900,FW,9,9,passenger,ns-oper.pdf,2026-08-31,2011-07-15,2017-05-26,258794,2006,NIMESH RAJGARHIA,M/S Fern Aviation Private Limited
VT-JIB,,Trans Bharat Aviation,Trans Bharat Aviation Pvt. Ltd.,non-scheduled,#01/1991,2029-02-27,BELL 407,B407,Bell,Bell 407,RW,6,6,passenger,ns-oper.pdf,2026-08-31,2009-01-20,2017-01-27,53843,2008,CHIPSAN AVIATION PVT LTD,-
VT-JIL,,Jet Serve Aviation,Jet Serve Aviation Pvt. Ltd.,non-scheduled,#02/2017,2029-02-09,King Air C90A,BE9L,Beechcraft,Beechcraft King Air C90,FW,6,6,passenger,ns-oper.pdf,2026-08-31,2011-11-16,2017-02-07,LJ-1573,1999,JT SEVE AVIATION PVT LTD,-
VT-JIO,,Reliance Commercial Dealers,Reliance Commercial Dealers Ltd.,non-scheduled,#02/2008,2029-01-14,AS 365 N3,AS65,Airbus Helicopters,Airbus Dauphin (AS365),RW,5,5,passenger,ns-oper.pdf,2026-08-31,2015-03-26,2014-06-09,6969,2013,RELIANCE COMMERCIAL DEALERS LIMITED,-
VT-JIT,80049D,Himalyaputra Aviation,Himalyaputra Aviation Ltd.,non-scheduled,#11/2012,2028-10-09,AGUSTA 109E,A109,Leonardo,Leonardo AW109,RW,6,6,passenger,ns-oper.pdf,2026-08-31,2009-04-30,2017-11-17,11711,2007,JAIPRAKASH ASSOCIATES LTD,JAIPRAKASH ASSOCIATES LTD
VT-JJA,,Sky One Airways,Sky One Airways Pvt. Ltd.,non-scheduled,#04/2013,2027-12-25,MI-172,MI17,Mil,Mil Mi-172,RW,26,26,passenger,ns-oper.pdf,2026-08-31,2006-08-04,2018-07-06,356C157,2006,CRJ AIRCRAFT LEASING LTD,CRJ AIRCRAFT LEASING LTD
VT-JJL,8014C5,Joyalukkas India,Joyalukkas India Limited,non-scheduled,#05/2025,2030-02-26,AW109SP,A109,Leonardo,Leonardo AW109,RW,7,7,passenger,ns-oper.pdf,2026-08-31,2025-09-30,2022-06-15,22413,2022,COMPANY JOYALUKKAS INDIA LIMITED,
VT-JMG,800715,Himalyaputra Aviation,Himalyaputra Aviation Ltd.,non-scheduled,#11/2012,2028-10-09,BEECH CRAFT KING AIR B200GT,BE20,Beechcraft,Beechcraft King Air 200,FW,7,7,passenger,ns-oper.pdf,2026-08-31,2013-05-02,2012-08-02,,,,
VT-JMN,800B48,Reliance Commercial Dealers,Reliance Commercial Dealers Ltd.,non-scheduled,#02/2008,2029-01-14,EMBRAER 135ER,E135,Embraer,Embraer ERJ 135,FW,37,37,passenger,ns-oper.pdf,2026-08-31,2015-06-09,2014-11-11,145233,2000,RELIANCE COMMERCIAL DEALERS LIMITED,-
VT-JMR,801739,Reliance Commercial Dealers,Reliance Commercial Dealers Ltd.,non-scheduled,#02/2008,2029-01-14,EMBRAER ERJ 170-200 LR,E170,Embraer,Embraer E170,FW,60,60,passenger,ns-oper.pdf,2026-08-31,2025-09-30,2024-11-29,17000976,2024,RELIANCE INTERNATIONAL LEASING IFSC PRIVATE LIMITED,SAME AS OWNER
VT-JPA,80039C,Lakeworkoffice Club,Lakeworkoffice Club Pvt. Ltd.,non-scheduled,#10/2025,2030-09-09,A109E,A109,Leonardo,Leonardo AW109,RW,6,6,passenger,ns-oper.pdf,2026-08-31,2011-07-15,2018-04-27,11670,2006,M/S UNIVERSAL AIRWAYS PVT LTD,-
VT-JPH,,Arrow Aircrafts Sales & Charters,Arrow Aircrafts Sales & Charters Pvt. Ltd.,non-scheduled,#4/2014,2028-03-10,BELL 407,B407,Bell,Bell 407,RW,6,6/Aerial Work,aerial-work,ns-oper.pdf,2026-08-31,2011-07-15,2018-02-09,53733,2006,DEVJYOTI PATNAIK,JYOTI INFRASTRUCTURE PVT LTD
VT-JPK,,Jet Serve Aviation,Jet Serve Aviation Pvt. Ltd.,non-scheduled,#02/2017,2029-02-09,King Air C90A,BE9L,Beechcraft,Beechcraft King Air C90,FW,6,6,passenger,ns-oper.pdf,2026-08-31,2006-01-20,,,,,
VT-JPV,8005E2,Target Air Services,Target Air Services Pvt. Ltd.,non-scheduled,#14/2023,2028-12-20,BEECH SUPER KING AIR B-200GT,BE20,Beechcraft,Beechcraft King Air 200,FW,7,7,passenger,ns-oper.pdf,2026-08-31,2010-10-07,2010-06-04,,,,
VT-JRA,8015F7,Air India,Air India Ltd.,scheduled,S-9,2028-06-30,A350-941,A359,Airbus,Airbus A350-900,FW,316,316,passenger,sch-oper.pdf,2026-08-31,2024-06-10,2023-12-21,554,2023,Aravali Trini Aviation Limited,Al Fleet Services IFSC Limited
VT-JRB,801612,Air India,Air India Ltd.,scheduled,S-9,2028-06-30,A350-941,A359,Airbus,Airbus A350-900,FW,316,316,passenger,sch-oper.pdf,2026-08-31,2024-06-10,2024-02-02,558,2023,ARAVALI TRINI AVIATION LIMITED,AI FLEET SERVICES IFSC LIMITED
VT-JRE,801600,Air India,Air India Ltd.,scheduled,S-9,2028-06-30,A350-941,A359,Airbus,Airbus A350-900,FW,316,316,passenger,sch-oper.pdf,2026-08-31,2024-06-10,,,,,
VT-JRF,801659,Air India,Air India Ltd.,scheduled,S-9,2028-06-30,A350-941,A359,Airbus,Airbus A350-900,FW,316,316,passenger,sch-oper.pdf,2026-08-31,2024-06-10,2024-04-02,589,2023,ARAVALI DVE AVIATION LIMITED,AI FLEET SERVICES IFSC LIMITED
VT-JRG,8015A3,Indo Pacific Aviation,Indo Pacific Aviation Pvt. Ltd.,non-scheduled,#03/1997,2028-10-14,HAWKER900XP,H25B,Hawker Beechcraft,Hawker 800/850/900,FW,9,9,passenger,ns-oper.pdf,2026-08-31,2025-09-30,2023-05-15,HA-0090,2009,R-PURE CORPORATION FZE,JETSETFLEET MANAGEMENT SERVICES IFSC PRIVATE LIMITED
VT-JRH,801666,Air India,Air India Ltd.,scheduled,S-9,2028-06-30,A350-941,A359,Airbus,Airbus A350-900,FW,316,316,passenger,sch-oper.pdf,2026-08-31,2024-06-10,2024-02-23,592,2023,ARAVALI CHATWARI AVIATION LIMITED,AI FLEET SERVICES IFSC LIMITED
VT-JRI,801665,Air India,Air India Ltd.,scheduled,S-9,2028-06-30,A350-941,A359,Airbus,Airbus A350-900,FW,316,316,passenger,sch-oper.pdf,2026-08-31,2024-06-10,2024-04-15,594,2023,ARAVALI AKAM AVIATION LIMITED,AI FLEET SERVICES IFSC LIMITED
VT-JSA,8005DB,India Flysafe Aviation,India Flysafe Aviation Ltd.,non-scheduled,#09/2004,2028-12-14,AW-139 AGUSTA,A139,Leonardo,Leonardo AW139,RW,12,12,passenger,ns-oper.pdf,2026-08-31,2010-10-07,2017-12-28,31285,2010,M/S INDIA FLYSAFE AVIATION LIMITED,-
VT-JSC,80072D,India Flysafe Aviation,India Flysafe Aviation Ltd.,non-scheduled,#09/2004,2028-12-14,PILATUS PC-12/47E,PC12,Pilatus,Pilatus PC-12,FW,8,8,passenger,ns-oper.pdf,2026-08-31,2013-05-02,2017-12-28,1333,2012,M/S INDIA FLYSAFE AVIATION LTD,-
VT-JSD,8014B7,Sapphire Airlines,Sapphire Airlines Pvt. Ltd.,non-scheduled,#03/2022,2027-04-12,Leonardo AW169,A169,Leonardo,Leonardo AW169,RW,6,6,passenger,ns-oper.pdf,2026-08-31,2025-09-30,2022-02-21,69142,2021,SAPPHIRE AIRLINES PRIVATE LIMITED,
VT-JSF,80062B,India Flysafe Aviation,India Flysafe Aviation Ltd.,non-scheduled,#09/2004,2028-12-14,GRAND AGUSTA 109S,A109,Leonardo,Leonardo AW109,RW,6,6,passenger,ns-oper.pdf,2026-08-31,2011-07-15,2017-12-28,22177,2010,M/S INDIA FLYSAFE AVIATION LIMITED,-
VT-JSH,8007BF,Span Air,Span Air pvt. Ltd.,non-scheduled,#06/1995,2028-11-23,BELL-429,B429,Bell,Bell 429,RW,6,6,passenger,ns-oper.pdf,2026-08-31,2013-05-02,2018-07-05,57088,2012,SPAN AIR PVT LTD,-
VT-JSI,800729,India Flysafe Aviation,India Flysafe Aviation Ltd.,non-scheduled,#09/2004,2028-12-14,EMBRAER EMB-135LR,E135,Embraer,Embraer ERJ 135,FW,37,37,passenger,ns-oper.pdf,2026-08-31,2013-05-02,2017-12-28,14500893,2005,M/S INDIA FLYSAFE AVIATION LIMITED,-
VT-JSJ,8016B6,Sapphire Airlines,Sapphire Airlines Pvt. Ltd.,non-scheduled,#03/2022,2027-04-12,BD-700-2A12 (G7500),GL7T,Bombardier,Bombardier Global 7500,FW,15,15,passenger,ns-oper.pdf,2026-08-31,2025-09-30,2024-07-05,70188,2024,SAPPHIRE AIRLINES PRIVATE LIMITED,SAME AS OWNER
VT-JSQ,,India Flysafe Aviation,India Flysafe Aviation Ltd.,non-scheduled,#09/2004,2028-12-14,PILATUS PC-12/47E,PC12,Pilatus,Pilatus PC-12,FW,8,8,passenger,ns-oper.pdf,2026-08-31,2026-05-31,2025-12-05,1916,2019,INDIA FLYSAFE AVIATION LIMITED,-
VT-JST,80165B,Sapphire Airlines,Sapphire Airlines Pvt. Ltd.,non-scheduled,#03/2022,2027-04-12,BD-100-1A10 (Challenger3500),CL30,Bombardier,Bombardier Challenger 300/350,FW,10,10,passenger,ns-oper.pdf,2026-08-31,2025-09-30,2024-03-04,20989,2024,SAPPHIRE AIRLINES PVT LTD,
VT-JSX,8017AB,India Flysafe Aviation,India Flysafe Aviation Ltd.,non-scheduled,#09/2004,2028-12-14,BD-100-1A10,CL30,Bombardier,Bombardier Challenger 300/350,FW,9,9,passenger,ns-oper.pdf,2026-08-31,2026-05-31,2025-08-27,20588,2015,India Flysafe Aviation Ltd,-
VT-JVS,,Malhotra Helikopters,Malhotra Helikopters Pvt. Ltd.,non-scheduled,#01/2023,2028-01-11,BELL 206 L4,B06,Bell,Bell 206 JetRanger,RW,5,5,passenger,ns-oper.pdf,2026-08-31,2026-05-31,2014-06-23,52358,2007,B. G. SHIRKE CONSTRUCTION TECHNOLOGY PVT LTD,-
VT-JVV,8013D1,Air Charters Services,Air Charters Services Pvt. Ltd.,non-scheduled,#15/2008,2029-05-14,CESSNA CITATION 560XL EXCEL,C56X,Cessna,Cessna Citation XLS,FW,9,9,passenger,ns-oper.pdf,2026-08-31,2025-09-30,2020-07-30,560-5316,2003,M/S AIR CHARTER SERVICES PVT LTD,NA
VT-KBS,,Pinnacle Air,Pinnacle Air Pvt. Ltd.,non-scheduled,#25/2008,2028-10-02,AS350B2,AS50,Airbus Helicopters,Airbus H125 (AS350),RW,3,3,passenger,ns-oper.pdf,2026-08-31,2026-05-31,2023-07-13,4321,2007,Pinnacle Air Pvt Ltd,
VT-KCM,,Kyathi Climate Modification Consultants,Kyathi Climate Modification Consultants LLP,non-scheduled,#04/2020,2030-12-27,Superking Air B200,BE20,Beechcraft,Beechcraft King Air 200,FW,7,7/Aerial Work,aerial-work,ns-oper.pdf,2026-08-31,2025-09-30,2020-10-19,BB-1873,2004,KYATHI CLIMATE MODIFICATION CONSULTANTS LLP,NOT APPLICABLE
VT-KGA,801695,Karnavati Aviation,Karnavati Aviation Pvt. Ltd.,non-scheduled,#22/2008,2028-08-06,PC-24,PC24,Pilatus,Pilatus PC-24,FW,6,6,passenger,ns-oper.pdf,2026-08-31,2025-09-30,2024-04-23,509,2024,UDANVAT LEASING IFSC LIMITED,SAME AS OWNER
VT-KGV,801718,Kingscraft Aviation,Kingscraft Aviation Private Limited,non-scheduled,#01/2026,2031-01-04,HAWKER 900XP,H25B,Hawker Beechcraft,Hawker 800/850/900,FW,7,7,passenger,ns-oper.pdf,2026-08-31,2026-05-31,2025-04-17,HA-0032,2007,PATHWAY AVIATION FZC,PATHWAY AVIATION FZC
VT-KHA,,Kainos Aviation,Kainos Aviation Private Limited,non-scheduled,#01/2024,2029-01-04,SIKORSKY S-76C++,S76,Sikorsky,Sikorsky S-76,RW,8,8,passenger,ns-oper.pdf,2026-08-31,2025-09-30,2023-11-08,760660,2007,EAGLE COPTERS LTD,EAGLE COPTERS LTD
VT-KJK,80181B,TAI Jets,TAI Jets Private Limited,non-scheduled,#07/2025,2030-06-01,EMB-500 (PHENOM 100E),E50P,Embraer,Embraer Phenom 100,FW,7,7,passenger,ns-oper.pdf,2026-08-31,2026-05-31,2025-10-23,50000363,2016,Titania Enterprises FZCO,Titan Aviation San Marino S.R.L
VT-KJR,801735,TAI Jets,TAI Jets Private Limited,non-scheduled,#07/2025,2030-06-01,EMB-135BJ (LEGACY 650),E35L,Embraer,Embraer Legacy 600/650,FW,13,13,passenger,ns-oper.pdf,2026-08-31,2025-09-30,2025-02-03,14501202,2014,Titania Enterprises FZCO,Titan Aviation San Marino S.R.L
VT-KJS,,Pinnacle Air,Pinnacle Air Pvt. Ltd.,non-scheduled,#25/2008,2028-10-02,King Air C90GTI,BE9L,Beechcraft,Beechcraft King Air C90,FW,6,6,passenger,ns-oper.pdf,2026-08-31,2025-09-30,2011-02-04,,,,
VT-KNB,8003C4,Forum I Aviation,Forum I Aviation Pvt. Ltd.,non-scheduled,#01/2006,2029-03-20,HAWKER 850XP,H25B,Hawker Beechcraft,Hawker 800/850/900,FW,8,8,passenger,ns-oper.pdf,2026-08-31,2007-01-11,2015-07-01,258815,2006,FORUM I AVIATION PRIVATE LIMITED,FORUM I AVIATION PRIVATE LIMITED
VT-KNG,,Thumby Aviation,Thumby Aviation Pvt. Ltd.,non-scheduled,#02/2013,2029-03-24,BELL 412 EP,B412,Bell,Bell 412,RW,13,13,passenger,ns-oper.pdf,2026-08-31,2019-07-15,,,,,
VT-KNH,,Deccan Charters,Deccan Charters Pvt. Ltd.,non-scheduled,#26/2008,2028-10-06,Sikorsky S-76C,S76,Sikorsky,Sikorsky S-76,RW,6,6,passenger,ns-oper.pdf,2026-08-31,2010-10-07,2018-03-26,760713,2008,FIDUCIA AVIATION PRIVATE LIMITED,-
VT-KNP,800C35,Alliance Air,Alliance Air Aviation Ltd.,scheduled,S-8,2028-04-30,DO 228-201 (UPGRADED),D228,Dornier / HAL,Dornier 228,FW,16,16,passenger,sch-oper.pdf,2026-08-31,2023-01-31,2017-06-14,HAL K DO 228 4130,2017,HINDUSTAN AERONAUTICS LIMITED,HINDUSTAN AERONAUTICS LIMITED
VT-KOL,8015E0,Carewell Aviation India,Carewell Aviation India Pvt. Ltd.,non-scheduled,#11/2023,2028-11-09,Embraer EMB-135 (Legacy 600),E35L,Embraer,Embraer Legacy 600/650,FW,13,13,passenger,ns-oper.pdf,2026-08-31,2025-09-30,2023-08-21,14500982,2007,CAREWELL FLYJET IFSC PVT LTD,CAREWELL FLYJET IFSC PVT LTD
VT-KPR,801654,Dadachanji Aviation,Dadachanji Aviation Pvt. Ltd.,non-scheduled,#11/2024,2029-10-29,EC130T2,EC30,Airbus Helicopters,Airbus H130,RW,6,6,passenger,ns-oper.pdf,2026-08-31,2025-09-30,2024-05-13,9558,2024,DADACHANJI AVIATION PRIVATE LIMITED,SAME AS OWNER
VT-KSA,,Thumby Aviation,Thumby Aviation Pvt. Ltd.,non-scheduled,#02/2013,2029-03-24,BELL 407,B407,Bell,Bell 407,RW,6,6/Aerial Work,aerial-work,ns-oper.pdf,2026-08-31,2009-01-20,,,,,
VT-KSE,80172F,Skyblue Aviation Services,Skyblue Aviation Services Pvt. Ltd.,non-scheduled,#13/2024,2029-12-19,Falcon900EX,F900,Dassault,Dassault Falcon 900,FW,14,14,passenger,ns-oper.pdf,2026-08-31,2025-09-30,2024-11-27,166,2006,SKEGEN CAPITAL PRIVATE LIMITED,SAME AS OWNER
VT-KTC,80158D,Aviation Connectivity & Infrastructure Developers,Aviation Connectivity & Infrastructure Developers Pvt. Ltd.,non-scheduled,#07/2023,2028-07-02,TECNAM P2010TDI,P06T,Tecnam,Tecnam P2006T,FW,3,3,passenger,ns-oper.pdf,2026-08-31,2025-09-30,2023-02-28,195,2022,ASK AIR LEASE LLC,ASK AIR LEASE LLC
VT-KTK,,Niraant Aviation,Niraant Aviation Pvt. Ltd.,non-scheduled,#12/2025,2030-09-10,BELL 429,B429,Bell,Bell 429,RW,6,6,passenger,ns-oper.pdf,2026-08-31,2025-09-30,2025-07-28,57538,2025,Niraant Aviation Private Limited,-
VT-KVR,801691,Transworld Jets,Transworld Jets Pvt Ltd,non-scheduled,#07/2024,2029-07-11,Hawker-4000,HA4T,Hawker Beechcraft,Hawker 4000,FW,9,9,passenger,ns-oper.pdf,2026-08-31,2025-09-30,2024-05-06,RC50,2010,PASSERINE INVESTMENTS,SAME AS OWNER
VT-KVV,8014FF,Air Charters Services,Air Charters Services Pvt. Ltd.,non-scheduled,#15/2008,2029-05-14,A109S,A109,Leonardo,Leonardo AW109,RW,6,6,passenger,ns-oper.pdf,2026-08-31,2025-09-30,2022-08-29,22114,2009,M/S AIR CHARTER SERVICES PVT.LTD,
VT-KZN,800BC5,Khazana Jewellery,Khazana Jewellery Pvt. Ltd.,non-scheduled,#03/2017,2029-03-28,GULFSTREAM G150,G150,Gulfstream,Gulfstream G150,FW,8,8,passenger,ns-oper.pdf,2026-08-31,2017-07-20,2016-07-22,318,2015,M/S KING JETS PVT. LTD.,-
VT-LIB,80143C,Indo Pacific Aviation,Indo Pacific Aviation Pvt. Ltd.,non-scheduled,#03/1997,2028-10-14,Hawker 800XP,H25B,Hawker Beechcraft,Hawker 800/850/900,FW,8,8,passenger,ns-oper.pdf,2026-08-31,2025-09-30,2021-05-12,258722,2005,INDO PACIFIC AVIATION PRIVATE LIMITED,NA
VT-LJH,800581,Saarthi Airways,Saarthi Airways Pvt. Ltd.,non-scheduled,#09/2010,2028-12-13,AGUSTA A109S,A109,Leonardo,Leonardo AW109,RW,6,6,passenger,ns-oper.pdf,2026-08-31,2011-07-15,2010-06-22,,,,
VT-LKK,800197,Flaps Aviation,Flaps Aviation Pvt. Ltd.,non-scheduled,#07/2022,2027-09-20,BEECH SUPER KING AIR B-200,BE20,Beechcraft,Beechcraft King Air 200,FW,7,7,passenger,ns-oper.pdf,2026-08-31,2011-07-15,2013-05-30,,,M/S KIRLOSKAR OIL ENGINES,
VT-LMW,,Sreeji Aviation,Sreeji Aviation Pvt. Ltd.,non-scheduled,#02/2023,2028-02-21,Beech Superking Air B200,BE20,Beechcraft,Beechcraft King Air 200,FW,7,7,passenger,ns-oper.pdf,2026-08-31,2025-09-30,,,,,
VT-LTC,800659,L & T Aviation Services,L & T Aviation Services Pvt. Ltd.,non-scheduled,#06/2010,2028-11-02,HAWKER HS 125 900XP,H25B,Hawker Beechcraft,Hawker 800/850/900,FW,9,9,passenger,ns-oper.pdf,2026-08-31,2013-05-02,2017-09-05,HA 185,2011,M/S L&T AVIATION SERVICES PVT LTD,-
VT-MAE,,Sky One Airways,Sky One Airways Pvt. Ltd.,non-scheduled,#04/2013,2027-12-25,MI-172,MI17,Mil,Mil Mi-172,RW,26,26,passenger,ns-oper.pdf,2026-08-31,2006-01-20,2018-07-16,356C01,1994,CRJ AIRCRAFT LEASING LTD,CRJ AIRCRAFT LEASING LTD
VT-MAL,,Maharaja Aviation,Maharaja Aviation Pvt. Ltd.,non-scheduled,#07/2015,2027-08-26,ROBINSON R66,R44,Robinson,Robinson R44,RW,4,4,passenger,ns-oper.pdf,2026-08-31,2016-10-10,,,,,
VT-MAM,800622,MAB Aviation,MAB Aviation Pvt. Ltd.,non-scheduled,#06/2016,2028-12-22,Learjet 60XR,LJ45,Bombardier,Learjet 40/45,FW,8,8,passenger,ns-oper.pdf,2026-08-31,2026-05-31,2011-02-09,,,,
VT-MAN,,Mandke and Mandke Infrastructure,Mandke and Mandke Infrastructure Pvt. Ltd.,non-scheduled,#01/2015,2029-02-12,ROBINSON R66,R44,Robinson,Robinson R44,RW,4,4,passenger,ns-oper.pdf,2026-08-31,2015-03-26,,,,,
VT-MAY,8016B2,Mahindra Airways,Mahindra Airways Ltd.,non-scheduled,#10/2024,2029-10-27,Bombardier BD-100-1A10,CL30,Bombardier,Bombardier Challenger 300/350,FW,9,9,passenger,ns-oper.pdf,2026-08-31,2025-09-30,2024-08-28,21016,2024,MAHINDRA AIRWAYS LIMITED,SAME AS OWNER
VT-MEG,80045D,VSR Ventures,VSR Ventures Pvt. Ltd.,non-scheduled,#07/2014,2028-04-20,PILATUS PC-12,PC12,Pilatus,Pilatus PC-12,FW,8,8,passenger,ns-oper.pdf,2026-08-31,2009-04-30,2016-01-06,135,1996,MEGA CORPORATION LIMITED,MEGA CORPORATION LIMITED
VT-MEL,801500,Pinnacle Air,Pinnacle Air Pvt. Ltd.,non-scheduled,#25/2008,2028-10-02,Beechcraft Premier 1A-390,PRM1,Hawker Beechcraft,Beechcraft Premier I,FW,6,6,passenger,ns-oper.pdf,2026-08-31,2025-09-30,2022-08-26,RB231,2008,Pinnacle Air Pvt Ltd,
VT-MHM,,Innxt Aviation,Innxt Aviation Pvt. Ltd.,non-scheduled,#03/2021,2026-10-25,EC135P2+,EC35,Airbus Helicopters,Airbus H135,RW,5,5,passenger,ns-oper.pdf,2026-08-31,2019-09-30,2013-04-22,,,,
VT-MIR,80184A,RPSG Resources,RPSG Resources Pvt Ltd.,non-scheduled,#08/2014,2028-06-25,BD-700-2A12(G7500),GL7T,Bombardier,Bombardier Global 7500,FW,16,16,passenger,ns-oper.pdf,2026-08-31,2026-05-31,2025-11-14,70067,2020,RPSG RESOURCES PRIVATE LIMITED,-
VT-MNK,8015CF,Media House DND,Media House DND Private Limited,non-scheduled,#05/2024,2029-02-27,EC-130T2,EC30,Airbus Helicopters,Airbus H130,RW,6,6,passenger,ns-oper.pdf,2026-08-31,2025-09-30,2023-06-07,9320,2023,MEDIAHOUSE DND PVT LTD,
VT-MON,,Indo Pacific Aviation,Indo Pacific Aviation Pvt. Ltd.,non-scheduled,#03/1997,2028-10-14,Cessna Citation CJ2 525A,C25B,Cessna,Cessna Citation CJ series,FW,7,7,passenger,ns-oper.pdf,2026-08-31,2009-01-20,2013-06-27,,,"M/S MONNET GLOBAL LTD. LOB 15-117, PO BOX 17870, JEBAL FREE ZONE, UAE",
VT-MPG,,Saarthi Airways,Saarthi Airways Pvt. Ltd.,non-scheduled,#09/2010,2028-12-13,SUPER KING AIR B200,BE20,Beechcraft,Beechcraft King Air 200,FW,7,7,passenger,ns-oper.pdf,2026-08-31,2016-02-10,2018-04-11,BB1445,1992,FLYJET AIRWAYS PVT LTD,FLYJET AIRWAYS PVT LTD
VT-MPT,800141,Sreeji Aviation,Sreeji Aviation Pvt. Ltd.,non-scheduled,#02/2023,2028-02-21,Beech Superking Air B200,BE20,Beechcraft,Beechcraft King Air 200,FW,7,7,passenger,ns-oper.pdf,2026-08-31,2025-09-30,,,,,
VT-MUM,8014FB,Indo Pacific Aviation,Indo Pacific Aviation Pvt. Ltd.,non-scheduled,#03/1997,2028-10-14,Hawker 800XP,H25B,Hawker Beechcraft,Hawker 800/850/900,FW,9,9,passenger,ns-oper.pdf,2026-08-31,2025-09-30,2022-08-04,258770,2006,VT HAWKER AIRCRAFT HOLDING LIMITED,JETSETFLEET MANAGEMENT SERVICES IFSC PVT LTD
VT-MVV,80164D,Air Charters Services,Air Charters Services Pvt. Ltd.,non-scheduled,#15/2008,2029-05-14,A109S,A109,Leonardo,Leonardo AW109,RW,6,6,passenger,ns-oper.pdf,2026-08-31,2025-09-30,2024-02-23,22104,2009,M/S AIR CHARTER SERVICES PVT. LTD,SAME AS OWNER
VT-MXD,800D13,SpiceJet,Spice Jet Ltd.,scheduled,S-16,2028-05-16,B737-8,B38M,Boeing,Boeing 737-8,FW,189,189,passenger,sch-oper.pdf,2026-08-31,2019-07-15,2018-11-02,64938,2018,WILMINGTON TRUST SP SERVICES DUBLIN LIMITED,WILMINGTON TRUST SP SERVICES DUBLIN LIMITED
VT-MXE,800D14,SpiceJet,Spice Jet Ltd.,scheduled,S-16,2028-05-16,B737-8,B38M,Boeing,Boeing 737-8,FW,189,189,passenger,sch-oper.pdf,2026-08-31,2019-07-15,2018-11-15,64939,2018,WILMINGTON TRUST SP SERVICES DUBLIN LIMITED,WILMINGTON TRUST SP SERVICES DUBLIN LIMITED
VT-MXI,800D1B,SpiceJet,Spice Jet Ltd.,scheduled,S-16,2028-05-16,B737-8,B38M,Boeing,Boeing 737-8,FW,189,189,passenger,sch-oper.pdf,2026-08-31,2019-07-15,2018-12-31,64940,2018,WILMINGTON TRUST SP SERVICES DUBLIN LIMITED,WILMINGTON TRUST SP SERVICES DUBLIN LIMITED
VT-NAA,800741,Air India,Air India Ltd.,scheduled,S-9,2028-06-30,B787-8,B788,Boeing,Boeing 787-8,FW,256,256,passenger,sch-oper.pdf,2026-08-31,2017-09-26,2017-09-07,36298,2017,AIR INDIA LIMITED,-
VT-NAB,800371,SkyJets International,SkyJets International Pvt. Ltd.,non-scheduled,#05/2015,2029-07-02,CESSNA CITATION CJ1+525,C25B,Cessna,Cessna Citation CJ series,FW,5,5,passenger,ns-oper.pdf,2026-08-31,2010-06-30,2014-12-19,525-0619,2006,M/S MSPL LTD,-
VT-NAC,800742,Air India,Air India Ltd.,scheduled,S-9,2028-06-30,B787-8,B788,Boeing,Boeing 787-8,FW,256,256,passenger,sch-oper.pdf,2026-08-31,2018-02-01,2017-10-13,36299,2017,AIR INDIA LIMITED,-
VT-NAD,8014A0,Poonawalla Aviation,Poonawalla Aviation Pvt. Ltd.,non-scheduled,#03/2006,2029-06-25,Bombardier Global 6500,GL5T,Bombardier,Bombardier Global 5000/5500/6000/6500,FW,13,13,passenger,ns-oper.pdf,2026-08-31,2025-09-30,,,,,
VT-NAL,800AF2,Thumby Aviation,Thumby Aviation Pvt. Ltd.,non-scheduled,#02/2013,2029-03-24,BELL407GX,B407,Bell,Bell 407,RW,6,6,passenger,ns-oper.pdf,2026-08-31,2014-06-12,2018-10-08,54415,2013,SPAN AIR PRIVATE LIMITED,-
VT-NAP,800CD8,Poonawalla Aviation,Poonawalla Aviation Pvt. Ltd.,non-scheduled,#03/2006,2029-06-25,H145,EC45,Airbus Helicopters,Airbus H145,RW,7,7,passenger,ns-oper.pdf,2026-08-31,2019-03-31,2019-02-01,20214,2018,"Poonawalla Aviation Pvt.Ltd. Hadapsar, Pune- 411028",Same As Owner
VT-NAV,,Thumby Aviation,Thumby Aviation Pvt. Ltd.,non-scheduled,#02/2013,2029-03-24,BELL412EP,B412,Bell,Bell 412,RW,7,7,passenger,ns-oper.pdf,2026-08-31,2025-09-30,2017-10-25,36535,2010,M/S NAVAYUGA ENGINEERING COMPANY LIMITED,-
VT-NCA,80174B,IndiGo,Interglobe Aviation Ltd.,scheduled,S-19,2027-08-02,A321-252NX,A21N,Airbus,Airbus A321neo,FW,,,passenger,sch-oper.pdf,2026-08-31,2025-04-30,2025-01-03,12373,2024,AIRCASTLE (IRELAND) DESIGNATED ACTIVITY COMPANY,INTERGLOBE AVIATION FINANCIAL SERVICES IFSC PRIVATE LIMITED
VT-NCB,80175F,IndiGo,Interglobe Aviation Ltd.,scheduled,S-19,2027-08-02,A321-252NX,A21N,Airbus,Airbus A321neo,FW,,,passenger,sch-oper.pdf,2026-08-31,2025-04-30,2025-01-31,12339,2025,INDICAN LEASING 6 DESIGNATED ACTIVITY COMPANY,INTERGLOBE AVIATION FINANCIAL SERVICES IFSC PRIVATE LIMITED
VT-NCC,801767,IndiGo,Interglobe Aviation Ltd.,scheduled,S-19,2027-08-02,A321-252NX,A21N,Airbus,Airbus A321neo,FW,,,passenger,sch-oper.pdf,2026-08-31,2025-04-30,2025-02-21,12285,2025,INDICAN LEASING 5 DESIGNATED ACTIVITY COMPANY,INTERGLOBE AVIATION FINANCIAL SERVICES IFSC PRIVATE LIMITED
VT-NCD,801759,IndiGo,Interglobe Aviation Ltd.,scheduled,S-19,2027-08-02,A321-252NX,A21N,Airbus,Airbus A321neo,FW,,,passenger,sch-oper.pdf,2026-08-31,2025-04-30,2025-01-29,12388,2025,INDICAN LEASING 4 DESIGNATED ACTIVITY COMPANY,INTERGLOBE AVIATION FINANCIAL SERVICES IFSC PRIVATE LIMITED
VT-NCE,801778,IndiGo,Interglobe Aviation Ltd.,scheduled,S-19,2027-08-02,A321-252NX,A21N,Airbus,Airbus A321neo,FW,,,passenger,sch-oper.pdf,2026-08-31,2025-04-30,2025-03-27,12395,2025,INDICAN LEASING 7 DESIGNATED ACTIVITY COMPANY,INTERGLOBE AVIATION FINANCIAL SERVICES IFSC PRIVATE LIMITED
VT-NCF,801768,IndiGo,Interglobe Aviation Ltd.,scheduled,S-19,2027-08-02,A321-252NX,A21N,Airbus,Airbus A321neo,FW,,,passenger,sch-oper.pdf,2026-08-31,2025-04-30,2025-02-27,12231,2025,INDICAN LEASING 4 DESIGNATED ACTIVITY COMPANY,INTERGLOBE AVIATION FINANCIAL SERVICES IFSC PRIVATE LIMITED
VT-NCG,801788,IndiGo,Interglobe Aviation Ltd.,scheduled,S-19,2027-08-02,A321-252NX,A21N,Airbus,Airbus A321neo,FW,,,passenger,sch-oper.pdf,2026-08-31,2025-04-30,2025-04-17,12382,2025,INDICAN LEASING 1 DESIGNATED ACTIVITY COMPANY,INTERGLOBE AVIATION FINANCIAL SERVICES IFSC PRIVATE LIMITED
VT-NCI,801775,IndiGo,Interglobe Aviation Ltd.,scheduled,S-19,2027-08-02,A321-252NX,A21N,Airbus,Airbus A321neo,FW,,,passenger,sch-oper.pdf,2026-08-31,2025-04-30,2025-03-20,12444,2025,INDICAN LEASING 5 DESIGNATED ACTIVITY COMPANY,INTERGLOBE AVIATION FINANCIAL SERVICES IFSC PRIVATE LIMITED
VT-NCJ,801772,IndiGo,Interglobe Aviation Ltd.,scheduled,S-19,2027-08-02,A321-252NX,A21N,Airbus,Airbus A321neo,FW,,,passenger,sch-oper.pdf,2026-08-31,2025-04-30,2025-03-18,12491,2025,INDICAN LEASING 8 DESIGNATED ACTIVITY COMPANY,INTERGLOBE AVIATION FINANCIAL SERVICES IFSC PRIVATE LIMITED
VT-NCK,80177D,IndiGo,Interglobe Aviation Ltd.,scheduled,S-19,2027-08-02,A321-252NX,A21N,Airbus,Airbus A321neo,FW,,,passenger,sch-oper.pdf,2026-08-31,2025-04-30,2025-04-08,12464,2025,INDICAN LEASING 7 DESIGNATED ACTIVITY COMPANY,INTERGLOBE AVIATION FINANCIAL SERVICES IFSC PRIVATE LIMITED
VT-NCL,801798,IndiGo,Interglobe Aviation Ltd.,scheduled,S-19,2027-08-02,A321-252NX,A21N,Airbus,Airbus A321neo,FW,,,passenger,sch-oper.pdf,2026-08-31,2025-06-30,2025-04-29,12512,2025,INDICAN LEASING 9 DESIGNATED ACTIVITY COMPANY,INTERGLOBE AVIATION FINANCIAL SERVICES IFSC PRIVATE LIMITED
VT-NCN,8017E4,IndiGo,Interglobe Aviation Ltd.,scheduled,S-19,2027-08-02,A321-252NX,A21N,Airbus,Airbus A321neo,FW,,,passenger,sch-oper.pdf,2026-08-31,2026-05-31,2025-06-24,12455,2025,AIRCASTLE (IRELAND) DESIGNATED ACTIVITY COMPANY,INTERGLOBE AVIATION FINANCIAL SERVICES IFSC PRIVATE LIMITED
VT-NCP,8017EE,IndiGo,Interglobe Aviation Ltd.,scheduled,S-19,2027-08-02,A321-252NX,A21N,Airbus,Airbus A321neo,FW,,,passenger,sch-oper.pdf,2026-08-31,2026-05-31,2025-07-30,12476,2025,PEMBROKE AIRCRAFT LEASING 11 LIMITED,INTERGLOBE AVIATION FINANCIAL SERVICES IFSC PRIVATE LIMITED
VT-NCQ,8017E5,IndiGo,Interglobe Aviation Ltd.,scheduled,S-19,2027-08-02,A321-252NX,A21N,Airbus,Airbus A321neo,FW,,,passenger,sch-oper.pdf,2026-08-31,2026-05-31,2025-07-09,12493,2025,PEMBROKE AIRCRAFT LEASING 11 LIMITED,INTERGLOBE AVIATION FINANCIAL SERVICES IFSC PRIVATE LIMITED
VT-NCR,8017A0,IndiGo,Interglobe Aviation Ltd.,scheduled,S-19,2027-08-02,A321-252NX,A21N,Airbus,Airbus A321neo,FW,,,passenger,sch-oper.pdf,2026-08-31,2025-06-30,2025-05-22,12543,2025,INDICAN LEASING 9 DESIGNATED ACTIVITY COMPANY,INTERGLOBE AVIATION FINANCIAL SERVICES IFSC PRIVATE LIMITED
VT-NCS,8017FF,IndiGo,Interglobe Aviation Ltd.,scheduled,S-19,2027-08-02,A321-252NX,A21N,Airbus,Airbus A321neo,FW,,,passenger,sch-oper.pdf,2026-08-31,2026-05-31,2025-08-26,12546,2025,PEMBROKE AIRCRAFT LEASING 11 LIMITED,INTERGLOBE AVIATION FINANCIAL SERVICES IFSC PRIVATE LIMITED
VT-NCU,801804,IndiGo,Interglobe Aviation Ltd.,scheduled,S-19,2027-08-02,A321-252NX,A21N,Airbus,Airbus A321neo,FW,,,passenger,sch-oper.pdf,2026-08-31,2026-05-31,2025-08-29,12623,2025,PEMBROKE AIRCRAFT LEASING 11 LIMITED,INTERGLOBE AVIATION FINANCIAL SERVICES IFSC PRIVATE LIMITED
VT-NCV,80180C,IndiGo,Interglobe Aviation Ltd.,scheduled,S-19,2027-08-02,A321-252NX,A21N,Airbus,Airbus A321neo,FW,,,passenger,sch-oper.pdf,2026-08-31,2026-05-31,2025-09-04,12597,2025,INDICAN LEASING 3 DESIGNATED ACTIVITY COMPANY,INTERGLOBE AVIATION FINANCIAL SERVICES IFSC PRIVATE LIMITED
VT-NCW,8017F3,IndiGo,Interglobe Aviation Ltd.,scheduled,S-19,2027-08-02,A321-252NX,A21N,Airbus,Airbus A321neo,FW,,,passenger,sch-oper.pdf,2026-08-31,2026-05-31,2025-07-31,12647,2025,PEMBROKE AIRCRAFT LEASING 11 LIMITED,INTERGLOBE AVIATION FINANCIAL SERVICES IFSC PRIVATE LIMITED
VT-NCY,801823,IndiGo,Interglobe Aviation Ltd.,scheduled,S-19,2027-08-02,A321-252NX,A21N,Airbus,Airbus A321neo,FW,,,passenger,sch-oper.pdf,2026-08-31,2026-05-31,2025-10-15,12626,2025,INDICAN LEASING 11 DESIGNATED ACTIVITY COMPANY,INTERGLOBE AVIATION FINANCIAL SERVICES IFSC PRIVATE LIMITED
VT-NCZ,801805,IndiGo,Interglobe Aviation Ltd.,scheduled,S-19,2027-08-02,A321-252NX,A21N,Airbus,Airbus A321neo,FW,,,passenger,sch-oper.pdf,2026-08-31,2026-05-31,2025-09-10,12680,2025,INDICAN LEASING 10 DESIGNATED ACTIVITY COMPANY,INTERGLOBE AVIATION FINANCIAL SERVICES IFSC PRIVATE LIMITED
VT-NDA,801728,Dunes Aviation,Dunes Aviation Private Limited,non-scheduled,#08/2024,2029-10-13,CITATION 525A CJ2+,C25B,Cessna,Cessna Citation CJ series,FW,7,7,passenger,ns-oper.pdf,2026-08-31,2025-09-30,2024-11-04,525A-0390,2008,DUNES AVIATION PVT LTD,
VT-NDN,,Maharaja Aviation,Maharaja Aviation Pvt. Ltd.,non-scheduled,#07/2015,2027-08-26,ROBINSON R66,R44,Robinson,Robinson R44,RW,4,4,passenger,ns-oper.pdf,2026-08-31,2025-09-30,,,,,
VT-NHA,801806,IndiGo,Interglobe Aviation Ltd.,scheduled,S-19,2027-08-02,A321-252NX,A21N,Airbus,Airbus A321neo,FW,,,passenger,sch-oper.pdf,2026-08-31,2026-05-31,2025-09-03,12685,2025,PEMBROKE AIRCRAFT LEASING 11 LIMITED,INTERGLOBE AVIATION FINANCIAL SERVICES IFSC PRIVATE LIMITED
VT-NHB,80180E,IndiGo,Interglobe Aviation Ltd.,scheduled,S-19,2027-08-02,A321-252NX,A21N,Airbus,Airbus A321neo,FW,,,passenger,sch-oper.pdf,2026-08-31,2026-05-31,2025-09-10,12686,2025,INDICAN LEASING 11 DESIGNATED ACTIVITY COMPANY,INTERGLOBE AVIATION FINANCIAL SERVICES IFSC PRIVATE LIMITED
VT-NHC,801822,IndiGo,Interglobe Aviation Ltd.,scheduled,S-19,2027-08-02,A321-252NX,A21N,Airbus,Airbus A321neo,FW,,,passenger,sch-oper.pdf,2026-08-31,2026-05-31,2025-09-30,12750,2025,INDICAN LEASING 12 DEIGNATED ACTIVITY COMPANY,INTERGLOBE AVIATION FINANCIAL SERVICES IFSC PRIVATE LIMITED
VT-NHD,801819,IndiGo,Interglobe Aviation Ltd.,scheduled,S-19,2027-08-02,A321-252NX,A21N,Airbus,Airbus A321neo,FW,,,passenger,sch-oper.pdf,2026-08-31,2026-05-31,2025-09-30,12733,2025,INDICAN LEASING 3 DESIGNATED ACTIVITY COMPANY,INTERGLOBE AVIATION FINANCIAL SERVICES IFSC PRIVATE LIMITED
VT-NHE,801816,IndiGo,Interglobe Aviation Ltd.,scheduled,S-19,2027-08-02,A321-252NX,A21N,Airbus,Airbus A321neo,FW,,,passenger,sch-oper.pdf,2026-08-31,2026-05-31,2025-09-26,12716,2025,INDICAN LEASING 10 DESIGNATED ACTIVITY COMPANY,INTERGLOBE AVIATION FINANCIAL SERVICES IFSC PRIVATE LIMITED
VT-NHF,80183B,IndiGo,Interglobe Aviation Ltd.,scheduled,S-19,2027-08-02,A321-252NX,A21N,Airbus,Airbus A321neo,FW,,,passenger,sch-oper.pdf,2026-08-31,2026-05-31,2025-10-30,12705,2025,INDICAN LEASING 12 DESIGNATED ACTIVITY COMPANY,INTERGLOBE AVIATION FINANCIAL SERVICES IFSC PRIVATE LIMITED
VT-NHG,80180B,IndiGo,Interglobe Aviation Ltd.,scheduled,S-19,2027-08-02,A321-252NX,A21N,Airbus,Airbus A321neo,FW,,,passenger,sch-oper.pdf,2026-08-31,2026-05-31,2025-09-25,12771,2025,INDICAN LEASING 3 DESIGNATED ACTIVITY COMPANY,INTERGLOBE AVIATION FINANCIAL SERVICES IFSC PRIVATE LIMITED
VT-NHH,,IndiGo,Interglobe Aviation Ltd.,scheduled,S-19,2027-08-02,A321-252NX,A21N,Airbus,Airbus A321neo,FW,,,passenger,sch-oper.pdf,2026-08-31,2026-05-31,2025-11-24,12794,2025,INDICAN LEASING 13 DESIGNATED ACTIVITY COMPANY,INTERGLOBE AVIATION FINANCIAL SERVICES IFSC PRIVATE LIMITED
VT-NHI,80182F,IndiGo,Interglobe Aviation Ltd.,scheduled,S-19,2027-08-02,A321-252NX,A21N,Airbus,Airbus A321neo,FW,,,passenger,sch-oper.pdf,2026-08-31,2026-05-31,2025-10-16,12749,2025,INDICAN LEASING 3 DESIGNATED ACTIVITY COMPANY,INTERGLOBE AVIATION FINANCIAL SERVICES IFSC PRIVATE LIMITED
VT-NHJ,801861,IndiGo,Interglobe Aviation Ltd.,scheduled,S-19,2027-08-02,A321-252NX,A21N,Airbus,Airbus A321neo,FW,,,passenger,sch-oper.pdf,2026-08-31,2026-05-31,2025-12-19,12798,2025,FITZWILLIAM AIRCRAFT LEASING (IRELAND) LIMITED,INTERGLOBE AVIATION FINANCIAL SERVICES IFSC PRIVATE LIMITED
VT-NHK,80185F,IndiGo,Interglobe Aviation Ltd.,scheduled,S-19,2027-08-02,A321-252NX,A21N,Airbus,Airbus A321neo,FW,,,passenger,sch-oper.pdf,2026-08-31,2026-05-31,2025-12-11,12801,2025,MASL IRELAND (22) LIMITED,INTERGLOBE AVIATION FINANCIAL SERVICES IFSC PRIVATE LIMITED
VT-NHL,80184E,IndiGo,Interglobe Aviation Ltd.,scheduled,S-19,2027-08-02,A321-252NX,A21N,Airbus,Airbus A321neo,FW,,,passenger,sch-oper.pdf,2026-08-31,2026-05-31,2025-12-12,12785,2025,INDIJET LEASING 1 DESIGNATED ACTIVITY COMPANY,INTERGLOBE AVIATION FINANCIAL SERVICES IFSC PRIVATE LIMITED
VT-NHM,80184B,IndiGo,Interglobe Aviation Ltd.,scheduled,S-19,2027-08-02,A321-252NX,A21N,Airbus,Airbus A321neo,FW,,,passenger,sch-oper.pdf,2026-08-31,2026-05-31,2025-11-26,12879,2025,PEGASUS JET LEASING 14 LIMITED,INTERGLOBE AVIATION FINANCIAL SERVICES IFSC PRIVATE LIMITED
VT-NHN,80186E,IndiGo,Interglobe Aviation Ltd.,scheduled,S-19,2027-08-02,A321-252NX,A21N,Airbus,Airbus A321neo,FW,,,passenger,sch-oper.pdf,2026-08-31,2026-05-31,2025-12-23,12908,2025,MASL IRELAND (22) LIMITED,INTERGLOBE AVIATION FINANCIAL SERVICES IFSC PRIVATE LIMITED
VT-NHO,801878,IndiGo,Interglobe Aviation Ltd.,scheduled,S-19,2027-08-02,A321-252NX,A21N,Airbus,Airbus A321neo,FW,,,passenger,sch-oper.pdf,2026-08-31,2026-05-31,2025-12-30,12890,2025,INDICAN LEASING 13 DESIGNATED ACTIVITY COMPANY,INTERGLOBE AVIATION FINANCIAL SERVICES IFSC PRIVATE LIMITED
VT-NHP,801860,IndiGo,Interglobe Aviation Ltd.,scheduled,S-19,2027-08-02,A321-252NX,A21N,Airbus,Airbus A321neo,FW,,,passenger,sch-oper.pdf,2026-08-31,2026-05-31,2025-12-19,12895,2025,PEGASUS JET LEASING 14 LIMITED,INTERGLOBE AVIATION FINANCIAL SERVICES IFSC PRIVATE LIMITED
VT-NHR,80187D,IndiGo,Interglobe Aviation Ltd.,scheduled,S-19,2027-08-02,A321-252NX,A21N,Airbus,Airbus A321neo,FW,,,passenger,sch-oper.pdf,2026-08-31,2026-05-31,2025-12-29,12959,2025,INDIJET LEASING 1 DESIGNATED ACTIVITY COMPANY,INTERGLOBE AVIATION FINANCIAL SERVICES IFSC PRIVATE LIMITED
VT-NHX,8018A8,IndiGo,Interglobe Aviation Ltd.,scheduled,S-19,2027-08-02,A321-252NX,A21N,Airbus,Airbus A321neo,FW,,,passenger,sch-oper.pdf,2026-08-31,2026-05-31,,,,,
VT-NIT,,Reliance Commercial Dealers,Reliance Commercial Dealers Ltd.,non-scheduled,#02/2008,2029-01-14,SIKORSKY S-76 C++,S76,Sikorsky,Sikorsky S-76,RW,8,8,passenger,ns-oper.pdf,2026-08-31,2010-10-07,2017-08-04,760770,2009,M/S RELIANCE COMMERCIAL DEALERS LIMITED,-
VT-NJP,8016B3,KAN Aerofoil,KAN Aerofoil Private Limited,non-scheduled,#09/2024,2029-10-16,BELL-407GX,B407,Bell,Bell 407,RW,6,6,passenger,ns-oper.pdf,2026-08-31,2025-09-30,2024-08-05,54308,2011,KAN AEROFOIL PRIVATE LIMITED,SAME AS OWNER
VT-NKF,,Pinnacle Air,Pinnacle Air Pvt. Ltd.,non-scheduled,#25/2008,2028-10-02,King Air C90B,BE9L,Beechcraft,Beechcraft King Air C90,FW,6,6,passenger,ns-oper.pdf,2026-08-31,2025-09-30,2017-11-08,LJ-1402,1995,AERODYNE AIR SERVICES PRIVATE LIMITED,AERODYNE AIR SERVICES PRIVATE LIMITED
VT-NKS,801529,EHA Aviation,EHA Aviation Pvt. Ltd.,non-scheduled,#01/2022,2027-03-31,EMB135BJ (LEGACY 650),E35L,Embraer,Embraer Legacy 600/650,FW,13,13,passenger,ns-oper.pdf,2026-08-31,2025-09-30,2022-09-29,14501206,2014,EHA AVIATION PRIVATE LIMITED,
VT-NLA,80187B,IndiGo,Interglobe Aviation Ltd.,scheduled,S-19,2027-08-02,A321-253NY,A21N,Airbus,Airbus A321neo,FW,195,195,passenger,sch-oper.pdf,2026-08-31,2026-05-31,,,,,
VT-NLB,8018BE,IndiGo,Interglobe Aviation Ltd.,scheduled,S-19,2027-08-02,A321-253NY,A21N,Airbus,Airbus A321neo,FW,195,195,passenger,sch-oper.pdf,2026-08-31,2026-05-31,,,,,
VT-NLC,8018DD,IndiGo,Interglobe Aviation Ltd.,scheduled,S-19,2027-08-02,A321-253NY,A21N,Airbus,Airbus A321neo,FW,195,195,passenger,sch-oper.pdf,2026-08-31,2026-08-31,,,,,
VT-NMA,,Reliance Commercial Dealers,Reliance Commercial Dealers Ltd.,non-scheduled,#02/2008,2029-01-14,SIKORSKY S-76 C++,S76,Sikorsky,Sikorsky S-76,RW,5,5,passenger,ns-oper.pdf,2026-08-31,2010-06-30,2011-01-13,,,,
VT-NOC,,IndiGo,Interglobe Aviation Ltd.,scheduled,S-19,2027-08-02,A321-251NX,A21N,Airbus,Airbus A321neo,FW,,,passenger,sch-oper.pdf,2026-08-31,2026-05-31,,,,,
VT-NOF,801903,IndiGo,Interglobe Aviation Ltd.,scheduled,S-19,2027-08-02,A321-251NX,A21N,Airbus,Airbus A321neo,FW,,,passenger,sch-oper.pdf,2026-08-31,2026-08-31,,,,,
VT-NOG,8018E0,IndiGo,Interglobe Aviation Ltd.,scheduled,S-19,2027-08-02,A321-251NX,A21N,Airbus,Airbus A321neo,FW,,,passenger,sch-oper.pdf,2026-08-31,2026-08-31,,,,,
VT-NOI,80190F,IndiGo,Interglobe Aviation Ltd.,scheduled,S-19,2027-08-02,A321-251NX,A21N,Airbus,Airbus A321neo,FW,,,passenger,sch-oper.pdf,2026-08-31,2026-08-31,,,,,
VT-NOL,801910,IndiGo,Interglobe Aviation Ltd.,scheduled,S-19,2027-08-02,A321-251NX,A21N,Airbus,Airbus A321neo,FW,,,passenger,sch-oper.pdf,2026-08-31,2026-08-31,,,,,
VT-NRJ,,Aman Aviation & Aerospace Solutions,Aman Aviation & Aerospace Solutions Pvt. Ltd.,non-scheduled,#10/2012,2028-09-13,AS365N3,AS65,Airbus Helicopters,Airbus Dauphin (AS365),RW,6,6,passenger,ns-oper.pdf,2026-08-31,2026-08-31,,,,,
VT-NSG,80165F,VSR Ventures,VSR Ventures Pvt. Ltd.,non-scheduled,#07/2014,2028-04-20,EMB 135 (Legacy600),E35L,Embraer,Embraer Legacy 600/650,FW,13,13,passenger,ns-oper.pdf,2026-08-31,2025-09-30,2024-02-23,14500990,2007,APL UNFRA AVIATION DMCC,SAME AS OWNER
VT-NSS,,PILGRIMAGE AVIATION,PILGRIMAGE AVIATION PRIVATE LIMITED,non-scheduled,#08/2025,2030-06-04,AS350B3E,AS50,Airbus Helicopters,Airbus H125 (AS350),RW,6,6,passenger,ns-oper.pdf,2026-08-31,2025-09-30,2025-04-28,9743,2025,PILGRIMAGE AVIATION PRIVATE LIMITED,PILGRIMAGE AVIATION PRIVATE LIMITED
VT-NTA,801874,Air India Express,Air India Express Ltd.,scheduled,S-14,2028-04-21,B737-8,B38M,Boeing,Boeing 737-8,FW,176,176,passenger,sch-oper.pdf,2026-08-31,2026-05-31,,,,,
VT-NTB,801877,Air India Express,Air India Express Ltd.,scheduled,S-14,2028-04-21,B737-8,B38M,Boeing,Boeing 737-8,FW,176,176,passenger,sch-oper.pdf,2026-08-31,2026-05-31,,,,,
VT-OBR,800410,EIH,EIH Ltd.,non-scheduled,#02/1996,2029-08-01,HAWKER 850XP,H25B,Hawker Beechcraft,Hawker 800/850/900,FW,9,9,passenger,ns-oper.pdf,2026-08-31,2009-01-20,,,,,
VT-OJS,,Jet Serve Aviation,Jet Serve Aviation Pvt. Ltd.,non-scheduled,#02/2017,2029-02-09,ROBINSON-44 RAVEN II,R44,Robinson,Robinson R44,RW,3,3,passenger,ns-oper.pdf,2026-08-31,2010-06-30,2017-06-13,12473,2008,JET SERVE AVIATION PVT LTD,-
VT-OMG,,E-Factor Adventure Tourism (P),E-Factor Adventure Tourism (P) Ltd.,non-scheduled,#1/2008,2029-01-01,ULTRAMAGIC N-355 (HOT AIR BALLOON),BALL,Hot air balloon,Hot air balloon,B,16,16,passenger,ns-oper.pdf,2026-08-31,2017-03-07,2016-08-02,355/30,2015,M/S E-FACTOR ADVENTURE TOURISM P LTD,-
VT-OMM,800B94,Reliance Transport & Travels,Reliance Transport & Travels Pvt. Ltd.,non-scheduled,#03/2000,2028-09-27,EMB-135BJ,E35L,Embraer,Embraer Legacy 600/650,FW,13,13,passenger,ns-oper.pdf,2026-08-31,2016-10-10,2016-07-11,14501218,2015,M/S ACE AIRCRAFT LEASING LIMITED,M/S ACE AIRCRAFT LEASING LIMITED
VT-OSC,,Lakeworkoffice Club,Lakeworkoffice Club Pvt. Ltd.,non-scheduled,#10/2025,2030-09-09,A109E,A109,Leonardo,Leonardo AW109,RW,7,7,passenger,ns-oper.pdf,2026-08-31,2009-01-20,2017-08-10,11737,2008,BRICS LEASING & FINANCE INTERNATIONAL LTD,BRICS LEASING & FINANCE INTERNATIONAL LTD
VT-OSH,800C2F,OSS Air Management,OSS Air Management Pvt. Ltd.,non-scheduled,#02/2006,2029-04-03,AGUSTA A109SP,A109,Leonardo,Leonardo AW109,RW,7,7,passenger,ns-oper.pdf,2026-08-31,2018-02-01,2017-10-17,22245,2012,VERTICAL AVIATION NO 1 LIMITED,VERTICAL AVIATION NO 1 LIMITED
VT-OSN,,Jet Serve Aviation,Jet Serve Aviation Pvt. Ltd.,non-scheduled,#02/2017,2029-02-09,A109E,A109,Leonardo,Leonardo AW109,RW,6,6,passenger,ns-oper.pdf,2026-08-31,2025-09-30,2024-11-04,11679,2006,JETSERVE AVIATION PRIVATE LIMITED,
VT-OSR,,Jet Serve Aviation,Jet Serve Aviation Pvt. Ltd.,non-scheduled,#02/2017,2029-02-09,A109E,A109,Leonardo,Leonardo AW109,RW,6,6,passenger,ns-oper.pdf,2026-08-31,2025-09-30,2024-11-04,11745,2008,JETSERVE AVIATION PRIVATE LIMITED,
VT-OXL,,Aerokalinga Aviation,Aerokalinga Aviation Pvt. Ltd.,non-scheduled,#17/2025,2030-10-15,EMB-135 (LEGACY 600),E35L,Embraer,Embraer Legacy 600/650,FW,13,13,passenger,ns-oper.pdf,2026-08-31,2026-05-31,2025-12-18,14501111,2009,AEROKALINGA AVIATION PRIVATE LIMITED,-
VT-PBS,,B.G. Shirke Construction Technology,B.G. Shirke Construction Technology Pvt. Ltd.,non-scheduled,#10/2010,2028-12-21,Bell427,B427,Bell,Bell 427,RW,6,6,passenger,ns-oper.pdf,2026-08-31,2025-09-30,2024-02-02,56056,2006,B G SHRIKE CONSTRUCTION TECHNOLOGY PVT LTD,
VT-PCR,801525,Jatayu,Golden Baritone Private Limited,non-scheduled,#13/2025,2030-09-14,G-200,GALX,Gulfstream,Gulfstream G200,FW,10,10,passenger,ns-oper.pdf,2026-08-31,2025-09-30,2022-07-28,154,2006,INDO PACIFIC AVIATION PVT LTD,
VT-PEC,800668,LMCS Infra Holdings,LMCS Infra Holdings Pvt. Ltd.,non-scheduled,#05/2016,2028-10-25,EC 135 P2+,EC35,Airbus Helicopters,Airbus H135,RW,5,5,passenger,ns-oper.pdf,2026-08-31,2011-09-30,2011-07-14,,,,; M/s INNOVALE
VT-PFA,,Pioneer Flying Academy,Pioneer Flying Academy Pvt. Ltd.,non-scheduled,#09/2015,2027-10-13,CESSNA 172S,C172,Cessna,Cessna 172,FW,3,3/Aerial Work,aerial-work,ns-oper.pdf,2026-08-31,2016-02-10,2013-05-09,,,,
VT-PGA,8016CD,Karnavati Aviation,Karnavati Aviation Pvt. Ltd.,non-scheduled,#22/2008,2028-08-06,PC-24,PC24,Pilatus,Pilatus PC-24,FW,6,6,passenger,ns-oper.pdf,2026-08-31,2025-09-30,2024-08-07,529,2024,UDANVAT LEASING IFSC LIMITED,SAME AS OWNER
VT-PHA,,Pawan Hans,Pawan Hans Ltd.,non-scheduled,#02/1998,2029-03-14,BELL 206 L4,B06,Bell,Bell 206 JetRanger,RW,7,7,passenger,ns-oper.pdf,2026-08-31,2006-01-20,,,,,
VT-PHE,,Pawan Hans,Pawan Hans Ltd.,non-scheduled,#02/1998,2029-03-14,BELL 206 L4,B06,Bell,Bell 206 JetRanger,RW,7,7,passenger,ns-oper.pdf,2026-08-31,2006-01-20,,,,,
VT-PHG,,Pawan Hans,Pawan Hans Ltd.,non-scheduled,#02/1998,2029-03-14,MI-172,MI17,Mil,Mil Mi-172,RW,26,26,passenger,ns-oper.pdf,2026-08-31,2006-01-20,,,,,
VT-PHI,,Pawan Hans,Pawan Hans Ltd.,non-scheduled,#02/1998,2029-03-14,BELL 407,B407,Bell,Bell 407,RW,7,7,passenger,ns-oper.pdf,2026-08-31,2006-01-20,,,,,
VT-PHJ,,Pawan Hans,Pawan Hans Ltd.,non-scheduled,#02/1998,2029-03-14,DAUPHIN AS 365 N3,AS65,Airbus Helicopters,Airbus Dauphin (AS365),RW,13,13,passenger,ns-oper.pdf,2026-08-31,2006-01-20,,,,,
VT-PHL,,Pawan Hans,Pawan Hans Ltd.,non-scheduled,#02/1998,2029-03-14,DAUPHIN AS 365 N3,AS65,Airbus Helicopters,Airbus Dauphin (AS365),RW,13,13,passenger,ns-oper.pdf,2026-08-31,2006-01-20,,,,,
VT-PHM,,Pawan Hans,Pawan Hans Ltd.,non-scheduled,#02/1998,2029-03-14,DAUPHIN AS 365 N3,AS65,Airbus Helicopters,Airbus Dauphin (AS365),RW,13,13,passenger,ns-oper.pdf,2026-08-31,2006-01-20,,,,,
VT-PHN,,Pawan Hans,Pawan Hans Ltd.,non-scheduled,#02/1998,2029-03-14,BELL 407,B407,Bell,Bell 407,RW,7,7,passenger,ns-oper.pdf,2026-08-31,2006-01-20,,,,,
VT-PHQ,,Pawan Hans,Pawan Hans Ltd.,non-scheduled,#02/1998,2029-03-14,BELL 407,B407,Bell,Bell 407,RW,7,7,passenger,ns-oper.pdf,2026-08-31,2006-08-04,,,,,
VT-PHR,,Pawan Hans,Pawan Hans Ltd.,non-scheduled,#02/1998,2029-03-14,DAUPHIN AS 365 N3,AS65,Airbus Helicopters,Airbus Dauphin (AS365),RW,11,11,passenger,ns-oper.pdf,2026-08-31,2009-01-20,,,,,
VT-PHS,,Pawan Hans,Pawan Hans Ltd.,non-scheduled,#02/1998,2029-03-14,DAUPHIN AS 365 N3,AS65,Airbus Helicopters,Airbus Dauphin (AS365),RW,11,11,passenger,ns-oper.pdf,2026-08-31,2009-01-20,,,,,
VT-PHU,,Pawan Hans,Pawan Hans Ltd.,non-scheduled,#02/1998,2029-03-14,ECUREUIL AS 350 B3,AS50,Airbus Helicopters,Airbus H125 (AS350),RW,5,5,passenger,ns-oper.pdf,2026-08-31,2010-10-07,2010-08-03,,,,
VT-PHV,,Pawan Hans,Pawan Hans Ltd.,non-scheduled,#02/1998,2029-03-14,ECUREUIL AS 350 B3,AS50,Airbus Helicopters,Airbus H125 (AS350),RW,5,5,passenger,ns-oper.pdf,2026-08-31,2010-10-07,2010-08-03,,,,
VT-PHW,,Pawan Hans,Pawan Hans Ltd.,non-scheduled,#02/1998,2029-03-14,DAUPHIN AS 365 N3,AS65,Airbus Helicopters,Airbus Dauphin (AS365),RW,12,12,passenger,ns-oper.pdf,2026-08-31,2010-10-07,,,,,
VT-PHX,,Pawan Hans,Pawan Hans Ltd.,non-scheduled,#02/1998,2029-03-14,DAUPHIN AS 365 N3,AS65,Airbus Helicopters,Airbus Dauphin (AS365),RW,12,12,passenger,ns-oper.pdf,2026-08-31,2010-10-07,2010-08-09,,,,
VT-PHY,,Pawan Hans,Pawan Hans Ltd.,non-scheduled,#02/1998,2029-03-14,DAUPHIN AS 365 N3,AS65,Airbus Helicopters,Airbus Dauphin (AS365),RW,12,12,passenger,ns-oper.pdf,2026-08-31,2010-10-07,2010-09-23,,,,
VT-PHZ,,Pawan Hans,Pawan Hans Ltd.,non-scheduled,#02/1998,2029-03-14,DAUPHIN AS 365 N3,AS65,Airbus Helicopters,Airbus Dauphin (AS365),RW,12,12,passenger,ns-oper.pdf,2026-08-31,2011-07-15,2010-12-23,,,,
VT-PLC,8018B4,Vijayanand Travels,Vijayanand Travels Private Limited,non-scheduled,#09/2023,2028-09-14,FALCON 2000EX,F2TH,Dassault,Dassault Falcon 2000,FW,10,10,passenger,ns-oper.pdf,2026-08-31,2026-08-31,,,,,
VT-PLV,8016A8,Vijayanand Travels,Vijayanand Travels Private Limited,non-scheduled,#09/2023,2028-09-14,G-150,G150,Gulfstream,Gulfstream G150,FW,9,9,passenger,ns-oper.pdf,2026-08-31,2025-09-30,2024-06-20,321,2016,VIJAYANAND TRAVELS PRIVATE LIMITED,SAME AS OWNER
VT-PMO,801609,Saffron Strokes,Saffron Strokes Private Limited,non-scheduled,#04/2024,2029-02-18,BEECHCRAFT PREMIER 1A-390,PRM1,Hawker Beechcraft,Beechcraft Premier I,FW,6,6,passenger,ns-oper.pdf,2026-08-31,2025-09-30,2023-09-29,RB 223,2007,Saffron Strokes Private Limited,
VT-PNJ,,KAN Aerofoil,KAN Aerofoil Private Limited,non-scheduled,#09/2024,2029-10-16,BELL-407GX,B407,Bell,Bell 407,RW,6,6,passenger,ns-oper.pdf,2026-08-31,2026-05-31,,,,,
VT-PNS,8014EB,Pradhaan Air Express,Pradhaan Air Express Pvt. Ltd.,non-scheduled,#08/2022,2027-09-21,A320-232,A320,Airbus,Airbus A320,FW,,Cargo,cargo,ns-oper.pdf,2026-08-31,2025-09-30,2022-07-13,2737,2006,ST Engineering Aerospace Resources Pte. Ltd.,Vaayu FZ LLC
VT-POP,801466,Indo Pacific Aviation,Indo Pacific Aviation Pvt. Ltd.,non-scheduled,#03/1997,2028-10-14,Hawker 800XP,H25B,Hawker Beechcraft,Hawker 800/850/900,FW,7,7,passenger,ns-oper.pdf,2026-08-31,2025-09-30,,,,,
VT-PPH,800441,Air India,Air India Ltd.,scheduled,S-9,2028-06-30,A321-211,A321,Airbus,Airbus A321,FW,182,182,passenger,sch-oper.pdf,2026-08-31,2009-01-20,2011-02-24,,,INDIAN ORANGE LIMITED,INDIAN ORANGE LIMITED
VT-PPI,80047C,Air India,Air India Ltd.,scheduled,S-9,2028-06-30,A321-211,A321,Airbus,Airbus A321,FW,182,182,passenger,sch-oper.pdf,2026-08-31,2009-01-20,2011-02-24,,,INDIAN ORANGE LIMITED,INDIAN ORANGE LIMITED
VT-PPJ,80047A,Air India,Air India Ltd.,scheduled,S-9,2028-06-30,A321-211,A321,Airbus,Airbus A321,FW,182,182,passenger,sch-oper.pdf,2026-08-31,2009-01-20,2011-02-24,,,INDIAN ORANGE LIMITED,INDIAN ORANGE LIMITED
VT-PPK,8004A6,Air India,Air India Ltd.,scheduled,S-9,2028-06-30,A321-211,A321,Airbus,Airbus A321,FW,182,182,passenger,sch-oper.pdf,2026-08-31,2009-01-20,2011-02-24,,,,
VT-PPL,8004D5,Air India,Air India Ltd.,scheduled,S-9,2028-06-30,A321-211,A321,Airbus,Airbus A321,FW,182,182,passenger,sch-oper.pdf,2026-08-31,2009-04-30,2011-02-24,,,INDIAN ORANGE LIMITED,INDIAN ORANGE LIMITED
VT-PPM,8004D6,Air India,Air India Ltd.,scheduled,S-9,2028-06-30,A321-211,A321,Airbus,Airbus A321,FW,182,182,passenger,sch-oper.pdf,2026-08-31,2009-04-30,2011-02-24,,,INDIAN ORANGE LIMITED,INDIAN ORANGE LIMITED
VT-PPO,80052B,Air India,Air India Ltd.,scheduled,S-9,2028-06-30,A321-211,A321,Airbus,Airbus A321,FW,182,182,passenger,sch-oper.pdf,2026-08-31,2010-06-30,2011-12-12,,,,
VT-PPQ,80052D,Air India,Air India Ltd.,scheduled,S-9,2028-06-30,A321-211,A321,Airbus,Airbus A321,FW,182,182,passenger,sch-oper.pdf,2026-08-31,2010-06-30,2011-12-12,,,,
VT-PPT,80053E,Air India,Air India Ltd.,scheduled,S-9,2028-06-30,A321-211,A321,Airbus,Airbus A321,FW,182,182,passenger,sch-oper.pdf,2026-08-31,2010-06-30,2014-08-05,4078,2009,AIR INDIA LIMITED,-
VT-PPU,800543,Air India,Air India Ltd.,scheduled,S-9,2028-06-30,A321-211,A321,Airbus,Airbus A321,FW,182,182,passenger,sch-oper.pdf,2026-08-31,2010-06-30,2014-08-05,4096,2009,AIR INDIA LIMITED,-
VT-PPV,800579,Air India,Air India Ltd.,scheduled,S-9,2028-06-30,A321-211,A321,Airbus,Airbus A321,FW,182,182,passenger,sch-oper.pdf,2026-08-31,2010-06-30,2009-12-24,,,,
VT-PPW,80057B,Air India,Air India Ltd.,scheduled,S-9,2028-06-30,A321-211,A321,Airbus,Airbus A321,FW,182,182,passenger,sch-oper.pdf,2026-08-31,2010-06-30,2010-01-29,,,NATIONAL AVIATION COMPANY OF INDIA LIMITED,
VT-PPX,80058A,Air India,Air India Ltd.,scheduled,S-9,2028-06-30,A321-211,A321,Airbus,Airbus A321,FW,182,182,passenger,sch-oper.pdf,2026-08-31,2010-06-30,2010-05-03,,,NATIONAL AVIATION COMPANY OF INDIA LIMITED,
VT-PRI,801593,Reliance Commercial Dealers,Reliance Commercial Dealers Ltd.,non-scheduled,#02/2008,2029-01-14,Global 7500 BD700-2A-12,GL7T,Bombardier,Bombardier Global 7500,FW,15,15,passenger,ns-oper.pdf,2026-08-31,2025-09-30,2023-03-22,70133,2023,Reliance Commercial Dealers Limited,
VT-PRM,801397,Mytri Aviation,Mytri Aviation Pvt. Ltd.,non-scheduled,#01/2018,2028-07-02,EMBRAER 190-100ECJ (Lineage 1000),E195,Embraer,EMBRAER 190-100ECJ (Lineage 1000),FW,19,19,passenger,ns-oper.pdf,2026-08-31,2025-09-30,,,,,
VT-PRS,,IndiaOne Air,India One Air Private Limited,scheduled,SC-09,2027-06-23,Cessna Grand Caravan 208B,C208,Cessna,Cessna 208 Grand Caravan,FW,9,9,passenger,sch-oper.pdf,2026-08-31,2016-10-10,,,,,
VT-PRY,8013BA,Span Air,Span Air pvt. Ltd.,non-scheduled,#06/1995,2028-11-23,HAWKER 900XP,H25B,Hawker Beechcraft,Hawker 800/850/900,FW,9,9,passenger,ns-oper.pdf,2026-08-31,2025-09-30,2020-03-02,HA-0177,2011,SPAN AIR PVT. LTD NEW DELHI,SAME AS OWNER
VT-PSA,,Pinnacle Air,Pinnacle Air Pvt. Ltd.,non-scheduled,#25/2008,2028-10-02,BELL-407,B407,Bell,Bell 407,RW,6,6,passenger,ns-oper.pdf,2026-08-31,2009-04-30,2013-08-20,,,,
VT-PSB,8004B1,Kakini Enterprises,Kakini Enterprises Pvt. Ltd.,non-scheduled,#06/2023,2028-06-05,Citation 525A,C25B,Cessna,Cessna Citation CJ series,FW,8,8,passenger,ns-oper.pdf,2026-08-31,2009-01-20,2017-11-28,525A0402,2008,M/S VSR VENTURES PRIVATE LIMITED,-
VT-PVK,800C13,Mytri Aviation,Mytri Aviation Pvt. Ltd.,non-scheduled,#01/2018,2028-07-02,EMBRAER 135BJ,E35L,Embraer,Embraer Legacy 600/650,FW,13,13,passenger,ns-oper.pdf,2026-08-31,2018-02-01,2018-04-12,14501205,2017,TURBO AVIATION PVT LTD,-
VT-PVS,,Reliance Commercial Dealers,Reliance Commercial Dealers Ltd.,non-scheduled,#02/2008,2029-01-14,H160-B,H160,Airbus Helicopters,Airbus H160,RW,6,6,passenger,ns-oper.pdf,2026-08-31,2026-05-31,2025-07-25,1058,2025,Reliance International Leasing IFSC private Limited,Reliance International Leasing IFSC private Limited
VT-PVV,801743,Air Charters Services,Air Charters Services Pvt. Ltd.,non-scheduled,#15/2008,2029-05-14,CITATION 525A CJ2+,C25B,Cessna,Cessna Citation CJ series,FW,7,7,passenger,ns-oper.pdf,2026-08-31,2025-09-30,2024-12-06,525A-0446,2009,M/S AIR CHARTER SERVICES PVT. LTD.,
VT-PWB,,Pawan Hans,Pawan Hans Ltd.,non-scheduled,#02/1998,2029-03-14,DAUPHIN AS 365 N3,AS65,Airbus Helicopters,Airbus Dauphin (AS365),RW,12,12,passenger,ns-oper.pdf,2026-08-31,2011-09-30,2011-06-30,,,,HKAC
VT-PWC,,Pawan Hans,Pawan Hans Ltd.,non-scheduled,#02/1998,2029-03-14,DAUPHIN AS 365 N3,AS65,Airbus Helicopters,Airbus Dauphin (AS365),RW,12,12,passenger,ns-oper.pdf,2026-08-31,2011-09-30,2011-06-23,,,,
VT-PWD,,Pawan Hans,Pawan Hans Ltd.,non-scheduled,#02/1998,2029-03-14,DAUPHIN AS 365 N3,AS65,Airbus Helicopters,Airbus Dauphin (AS365),RW,12,12,passenger,ns-oper.pdf,2026-08-31,2013-05-02,2014-02-11,6848,2011,M/S PAWAN HANS LTD,-
VT-PWE,,Pawan Hans,Pawan Hans Ltd.,non-scheduled,#02/1998,2029-03-14,DAUPHIN AS 365 N3,AS65,Airbus Helicopters,Airbus Dauphin (AS365),RW,12,12,passenger,ns-oper.pdf,2026-08-31,2013-05-02,2012-03-16,,,,
VT-PWJ,,Pawan Hans,Pawan Hans Ltd.,non-scheduled,#02/1998,2029-03-14,SIKORSKY S-76D,S76,Sikorsky,Sikorsky S-76,RW,12,12,passenger,ns-oper.pdf,2026-08-31,2025-09-30,2022-05-26,761015,2013,COMPANY M/s Vertical Aviation No1 LTD,M/s Vertical Aviation No1 LTD
VT-PWK,,Pawan Hans,Pawan Hans Ltd.,non-scheduled,#02/1998,2029-03-14,SIKORSKY S-76D,S76,Sikorsky,Sikorsky S-76,RW,12,12,passenger,ns-oper.pdf,2026-08-31,2025-09-30,2022-08-22,761022,2013,M/s Vertical Aviation No1 LTD,M/s Vertical Aviation No1 LTD
VT-PWL,8014AA,Pawan Hans,Pawan Hans Ltd.,non-scheduled,#02/1998,2029-03-14,SIKORSKY S-76D,S76,Sikorsky,Sikorsky S-76,RW,12,12,passenger,ns-oper.pdf,2026-08-31,2026-05-31,2022-08-22,761028,2013,M/s Vertical Aviation No1 LTD,M/s Vertical Aviation No1 LTD
VT-PWM,8014B1,Pawan Hans,Pawan Hans Ltd.,non-scheduled,#02/1998,2029-03-14,SIKORSKY S-76D,S76,Sikorsky,Sikorsky S-76,RW,12,12,passenger,ns-oper.pdf,2026-08-31,2025-09-30,2022-03-23,761066,2014,M/s Vertical Aviation No1 LTD,M/s Vertical Aviation No1 LTD
VT-RAG,,Rajas Aerosports and Adventures,Rajas Aerosports and Adventures Private Limited,non-scheduled,#02/2024,2029-01-31,ULTRAMAGIC M-105,BALL,Hot air balloon,Hot air balloon,B,4,4,passenger,ns-oper.pdf,2026-08-31,2025-09-30,,,,,
VT-RAJ,,Golden Crane Aviation,Golden Crane Aviation Pvt. Ltd.,non-scheduled,#03/2023,2028-03-08,Agusta A109E,A109,Leonardo,Leonardo AW109,RW,6,6,passenger,ns-oper.pdf,2026-08-31,2007-05-14,,,,,
VT-RAM,,Redbird Airways,Redbird Airways Pvt. Ltd.,non-scheduled,#01/2020,2030-08-12,KINGAIR C90B,BE9L,Beechcraft,Beechcraft King Air C90,FW,6,6,passenger,ns-oper.pdf,2026-08-31,2006-01-20,2012-10-19,,,,M/S BAHC 1 PTE
VT-RAS,,Flaps Aviation,Flaps Aviation Pvt. Ltd.,non-scheduled,#07/2022,2027-09-20,BEECH SUPER KING AIR B-200,BE20,Beechcraft,Beechcraft King Air 200,FW,9,9,passenger,ns-oper.pdf,2026-08-31,2025-09-30,,,,,
VT-RBB,8013B6,Redbird Flight Training Academy,Redbird Flight Training Academy Private Limited,non-scheduled,#10/2022,2027-10-06,TECNAM P2006T,P06T,Tecnam,Tecnam P2006T,FW,3,3,passenger,ns-oper.pdf,2026-08-31,2025-09-30,2020-02-13,298,2019,"REDBIRD FLIGHT TRAINING ACADEMY PRIVATE LIMITED NEW DELHI, SOUTH DELHI,",SAME AS OWNER
VT-RBG,,Deccan Charters,Deccan Charters Pvt. Ltd.,non-scheduled,#26/2008,2028-10-06,BELL 206 L4,B06,Bell,Bell 206 JetRanger,RW,6,6,passenger,ns-oper.pdf,2026-08-31,2013-05-02,,,,,
VT-RBO,,Rajas Aerosports and Adventures,Rajas Aerosports and Adventures Private Limited,non-scheduled,#02/2024,2029-01-31,ULTRAMAGIC N-210,BALL,Hot air balloon,Hot air balloon,B,10,10,passenger,ns-oper.pdf,2026-08-31,2025-09-30,2024-03-12,210/139,2023,RAJAS AEROSPORTS AND ADVENTURES PVT LTD,SAME AS OWNER
VT-RDS,801781,GMR Aviation,GMR Aviation Pvt. Ltd.,non-scheduled,#06/2007,2028-08-06,EMB135BJ (LEGACY 650),E35L,Embraer,Embraer Legacy 600/650,FW,13,13,passenger,ns-oper.pdf,2026-08-31,2025-09-30,2025-04-04,14501089,2009,GMR AVIATION PVT LTD,-
VT-REM,800417,Flaps Aviation,Flaps Aviation Pvt. Ltd.,non-scheduled,#07/2022,2027-09-20,BEECH SUPER KING AIR B-200,BE20,Beechcraft,Beechcraft King Air 200,FW,9,9,passenger,ns-oper.pdf,2026-08-31,2009-01-20,2013-05-24,,,M/S INV2-R LEASING COMPANY LIMITED,
VT-RFX,8015B7,Sparzana Aviation,Sparzana Aviation Pvt. Ltd.,non-scheduled,#06/2022,2027-09-08,Hawker900XP,H25B,Hawker Beechcraft,Hawker 800/850/900,FW,8,8,passenger,ns-oper.pdf,2026-08-31,2025-09-30,2023-10-23,HA 0018,2007,Sparzana Aviation Pvt Ltd,
VT-RGL,,Chipsan Aviation,Chipsan Aviation Pvt. Ltd.,non-scheduled,#04/2017,2029-05-22,AS350B3,AS50,Airbus Helicopters,Airbus H125 (AS350),RW,6,6,passenger,ns-oper.pdf,2026-08-31,2025-09-30,2025-05-07,9706,2024,ROTORTRADE SASU,ROTORTRADE SASU
VT-RGM,,Chipsan Aviation,Chipsan Aviation Pvt. Ltd.,non-scheduled,#04/2017,2029-05-22,AS350B3,AS50,Airbus Helicopters,Airbus H125 (AS350),RW,6,6,passenger,ns-oper.pdf,2026-08-31,2025-09-30,2025-04-25,9709,2024,ROTORTRADE SASU,ROTORTRADE SASU
VT-RGO,,Chipsan Aviation,Chipsan Aviation Pvt. Ltd.,non-scheduled,#04/2017,2029-05-22,H160-B,H160,Airbus Helicopters,Airbus H160,RW,6,6,passenger,ns-oper.pdf,2026-08-31,2025-09-30,2025-07-18,1055,2024,GD HELICOPTER FINANCE I LIMITED,GD HELICOPTER FINANCE I LIMITED
VT-RGP,801459,Star Air,Ghodawat Enterprises Pvt. Ltd.,non-scheduled,#06/2014,2028-03-17,MBB-BK117 D-3,EC45,Airbus Helicopters,Airbus H145,RW,7,7,passenger,ns-oper.pdf,2026-08-31,2025-09-30,,,,,
VT-RGQ,801579,Chipsan Aviation,Chipsan Aviation Pvt. Ltd.,non-scheduled,#04/2017,2029-05-22,Airbus H145 D3 (MBB-BK117 D-3),EC45,Airbus Helicopters,Airbus H145,RW,8,8,passenger,ns-oper.pdf,2026-08-31,2025-09-30,2023-09-01,21079,2022,VERTICAL AVIATION NO. 1 LIMITED,VERTICAL AVIATION NO. 1 LIMITED
VT-RGR,8017AA,Chipsan Aviation,Chipsan Aviation Pvt. Ltd.,non-scheduled,#04/2017,2029-05-22,H160-B,H160,Airbus Helicopters,Airbus H160,RW,6,6,passenger,ns-oper.pdf,2026-08-31,2025-09-30,2025-06-03,1027,2024,EASY CRAFT MACHINERY RENTAL LLC,EASY CRAFT MACHINERY RENTAL LLC
VT-RGY,,Chipsan Aviation,Chipsan Aviation Pvt. Ltd.,non-scheduled,#04/2017,2029-05-22,H160-B,H160,Airbus Helicopters,Airbus H160,RW,6,6,passenger,ns-oper.pdf,2026-08-31,2026-05-31,2025-10-24,1074,2025,GD HELICOPTER FINANCE I LIMITED,GD HELICOPTER FINANCE I LIMITED
VT-RGZ,,Chipsan Aviation,Chipsan Aviation Pvt. Ltd.,non-scheduled,#04/2017,2029-05-22,H160-B,H160,Airbus Helicopters,Airbus H160,RW,6,6,passenger,ns-oper.pdf,2026-08-31,2026-05-31,,,,,
VT-RIM,80142C,IRM,IRM Pvt. Ltd.,non-scheduled,#09/2014,2028-07-03,GULFSTREAM GV-SP (G550),GLF5,Gulfstream,Gulfstream G550,FW,8,8,passenger,ns-oper.pdf,2026-08-31,2025-09-30,2023-03-15,5628,2020,NEPHELE AVIATION DESIGNATED ACTIVITY COMPANY,MARTAND AVIATION GLOBAL HOLDINGS LIMITED
VT-RIO,8016A6,Air India,Air India Ltd.,scheduled,S-9,2028-06-30,A320-251N,A20N,Airbus,Airbus A320neo,FW,162,162,passenger,sch-oper.pdf,2026-08-31,2024-11-15,2024-07-30,12187,2024,SMBC AVIATION CAPITAL LIMITED,SAME AS OWNER
VT-RJA,8003A9,Avenor Aviation,Avenor Aviation LLP,non-scheduled,#08/2026,2031-07-09,BEECH SUPER KING AIR B-200,BE20,Beechcraft,Beechcraft King Air 200,FW,7,7,passenger,ns-oper.pdf,2026-08-31,2007-05-14,,,,,
VT-RJF,,Rajas Aerosports and Adventures,Rajas Aerosports and Adventures Private Limited,non-scheduled,#02/2024,2029-01-31,AS350B3,AS50,Airbus Helicopters,Airbus H125 (AS350),RW,5,5,passenger,ns-oper.pdf,2026-08-31,2025-09-30,2024-01-04,9234,2022,RAJAS AEROSPORTS AND ADVENTURES PVT. LTD.,SAME AS OWNER
VT-RJG,80169B,Rajas Aerosports and Adventures,Rajas Aerosports and Adventures Private Limited,non-scheduled,#02/2024,2029-01-31,AS350B3,AS50,Airbus Helicopters,Airbus H125 (AS350),RW,5,5,passenger,ns-oper.pdf,2026-08-31,2025-09-30,2024-06-06,9414,2023,RAJAS AEROSPORTS AND ADVENTURES PVT. LTD.,SAME AS OWNER
VT-RJH,,Rajas Aerosports and Adventures,Rajas Aerosports and Adventures Private Limited,non-scheduled,#02/2024,2029-01-31,AS350B3,AS50,Airbus Helicopters,Airbus H125 (AS350),RW,5,5,passenger,ns-oper.pdf,2026-08-31,2025-09-30,2024-09-25,9461,2023,RAJAS AEROSPORTS AND ADVENTURES PVT. LTD.,SAME AS OWNER
VT-RJL,801634,Rajas Aerosports and Adventures,Rajas Aerosports and Adventures Private Limited,non-scheduled,#02/2024,2029-01-31,Cessna Citation 560XL,C56X,Cessna,Cessna Citation XLS,FW,9,9,passenger,ns-oper.pdf,2026-08-31,2025-09-30,2023-12-13,560-6344,2023,Rajas Aerosports And Adventures Pvt Ltd,
VT-RJM,,Rajas Aerosports and Adventures,Rajas Aerosports and Adventures Private Limited,non-scheduled,#02/2024,2029-01-31,AS350B3,AS50,Airbus Helicopters,Airbus H125 (AS350),RW,5,5,passenger,ns-oper.pdf,2026-08-31,2025-09-30,2025-04-11,9493,2023,Rajas Aerosports and Adventures Pvt. Ltd.,-
VT-RKC,800C09,Alliance Air,Alliance Air Aviation Ltd.,scheduled,S-8,2028-04-30,ATR72-600,AT76,ATR,ATR 72-600,FW,70,70,passenger,sch-oper.pdf,2026-08-31,2017-09-26,,,,,
VT-RKD,800C0A,Alliance Air,Alliance Air Aviation Ltd.,scheduled,S-8,2028-04-30,ATR72-600,AT76,ATR,ATR 72-600,FW,70,70,passenger,sch-oper.pdf,2026-08-31,2017-09-26,,,,,
VT-RKE,800C3A,Alliance Air,Alliance Air Aviation Ltd.,scheduled,S-8,2028-04-30,ATR72-600,AT76,ATR,ATR 72-600,FW,70,70,passenger,sch-oper.pdf,2026-08-31,2017-09-26,2017-07-14,1421,2017,MSN 1421 LEASING LIMITED,DAE LEASING IRELAND 4 LIMITED
VT-RKF,800C3B,Alliance Air,Alliance Air Aviation Ltd.,scheduled,S-8,2028-04-30,ATR72-600,AT76,ATR,ATR 72-600,FW,70,70,passenger,sch-oper.pdf,2026-08-31,2017-09-26,2017-08-17,1423,2017,MSN 1423 LEASING LIMITED,DAE LEASING IRELAND 18 LIMITED
VT-RKG,800C4E,Alliance Air,Alliance Air Aviation Ltd.,scheduled,S-8,2028-04-30,ATR72-600,AT76,ATR,ATR 72-600,FW,70,70,passenger,sch-oper.pdf,2026-08-31,2017-09-26,2017-09-19,1427,2017,MSN 1427 LEASING LIMITED,DAE LEASING IRELAND 19 LIMITED
VT-RKH,800C7F,Alliance Air,Alliance Air Aviation Ltd.,scheduled,S-8,2028-04-30,ATR72-600,AT76,ATR,ATR 72-600,FW,70,70,passenger,sch-oper.pdf,2026-08-31,2018-05-01,2018-01-29,1434,2017,M/S MSN 1434 LEASING LIMITED,M/S DAE LEASING IRELAND 20 LIMITED
VT-RKJ,800CBB,Alliance Air,Alliance Air Aviation Ltd.,scheduled,S-8,2028-04-30,ATR72-600,AT76,ATR,ATR 72-600,FW,70,70,passenger,sch-oper.pdf,2026-08-31,2018-10-31,2018-07-24,1439,2017,MSN 1439 LEASING SPC LIMITED,DAE LEASING IRELAND 21 LIMITED
VT-RKK,800CE7,Alliance Air,Alliance Air Aviation Ltd.,scheduled,S-8,2028-04-30,ATR72-600,AT76,ATR,ATR 72-600,FW,70,70,passenger,sch-oper.pdf,2026-08-31,2018-10-31,2018-10-11,1445,2018,MSN 1445 LEASING SPC LIMITED,DAE LEASING IRELAND 22 LIMITED
VT-RKL,800D3B,Alliance Air,Alliance Air Aviation Ltd.,scheduled,S-8,2028-04-30,ATR72-600,AT76,ATR,ATR 72-600,FW,70,70,passenger,sch-oper.pdf,2026-08-31,2019-07-15,,,,,
VT-RKM,800D52,Alliance Air,Alliance Air Aviation Ltd.,scheduled,S-8,2028-04-30,ATR72-600,AT76,ATR,ATR 72-600,FW,70,70,passenger,sch-oper.pdf,2026-08-31,2019-07-15,2019-02-19,1463,2019,"Msn 1463 Leasing Spc Limited Dubai, United Arab Emirates","Dae Leasing (Ireland) 24 Limited Dublin 1, Ireland"
VT-RKP,8015B4,Property Ventures (India),Property Ventures (India) Pvt. Ltd.,non-scheduled,#04/2022,2027-04-18,FALCON 2000EX,F2TH,Dassault,Dassault Falcon 2000,FW,10,10,passenger,ns-oper.pdf,2026-08-31,2025-09-30,2023-09-22,400,2023,PROPERTY VENTURES (INDIA) PVT LTD,
VT-RKR,,Shivan Aadithya Air Services,Shivan Aadithya Air Services Pvt. Ltd.,non-scheduled,#05/2022,2027-07-20,A109S,A109,Leonardo,Leonardo AW109,RW,7,7,passenger,ns-oper.pdf,2026-08-31,2025-09-30,2024-09-03,22063,2008,SHIVAN AADITHYA AIR SERVICES PRIVATE LIMITED,SAME AS OWNER
VT-RKS,,Property Ventures (India),Property Ventures (India) Pvt. Ltd.,non-scheduled,#04/2022,2027-04-18,BEECH SUPER KING AIR 250 B-200GT,BE20,Beechcraft,Beechcraft King Air 200,FW,7,7,passenger,ns-oper.pdf,2026-08-31,2026-05-31,2025-12-26,BY-378,2020,PROPERTY VENTURES INDIA PVT LTD,-
VT-RKV,,Property Ventures (India),Property Ventures (India) Pvt. Ltd.,non-scheduled,#04/2022,2027-04-18,EC-130T2,EC30,Airbus Helicopters,Airbus H130,RW,6,6,passenger,ns-oper.pdf,2026-08-31,2026-05-31,2025-12-05,9824,2025,PROPERTY VENTURES INDIA PVT LTD,-
VT-RLB,,Malhotra Helikopters,Malhotra Helikopters Pvt. Ltd.,non-scheduled,#01/2023,2028-01-11,BELL 206 L3,B06,Bell,Bell 206 JetRanger,RW,6,6,passenger,ns-oper.pdf,2026-08-31,2006-01-20,2011-03-04,,,,
VT-RMX,801677,Heritage Aviation,Heritage Aviation Pvt. Ltd.,non-scheduled,#04/2015,2029-06-30,AS350B3E,AS50,Airbus Helicopters,Airbus H125 (AS350),RW,6,6,passenger,ns-oper.pdf,2026-08-31,2025-09-30,2024-05-08,9506,2024,HERITAGE AVIATION PVT LTD,N/A
VT-RNT,801848,Air India Express,Air India Express Ltd.,scheduled,S-14,2028-04-21,B737-8,B38M,Boeing,Boeing 737-8,FW,176,176,passenger,sch-oper.pdf,2026-08-31,2026-05-31,2025-12-23,69283,2025,SFVI AIRCRAFT HOLDINGS IRE 8 DESIGNATED ACTIVITY COMPANY,SFVI AIRCRAFT HOLDINGS IRE 8 DESIGNATED ACTIVITY COMPANY
VT-RPB,,Smart Wings Aviation,Smart Wings Aviation Pvt. Ltd.,non-scheduled,#09/2025,2030-07-23,EC130T2,EC30,Airbus Helicopters,Airbus H130,RW,6,6,passenger,ns-oper.pdf,2026-08-31,2025-09-30,2025-01-03,9667,2024,SMART WINGS AVIATION PVT LTD,-
VT-RPO,,Chipsan Aviation,Chipsan Aviation Pvt. Ltd.,non-scheduled,#04/2017,2029-05-22,BELL 407,B407,Bell,Bell 407,RW,6,6,passenger,ns-oper.pdf,2026-08-31,2011-07-15,2011-05-05,,,,
VT-RRA,,Global Vectra Helicorp,Global Vectra Helicorp Limited,non-scheduled,#08/1998,2028-04-28,AS 350 B3e,AS50,Airbus Helicopters,Airbus H125 (AS350),RW,6,6/Aerial Work,aerial-work,ns-oper.pdf,2026-08-31,2018-05-01,2018-01-15,8449,2017,CHAILEASE INTERNATIONAL FINANCIAL SERVICES CO LTD,AAA ROTOR LTD
VT-RRB,,Global Vectra Helicorp,Global Vectra Helicorp Limited,non-scheduled,#08/1998,2028-04-28,AS 350 B3e,AS50,Airbus Helicopters,Airbus H125 (AS350),RW,6,6/Aerial Work,aerial-work,ns-oper.pdf,2026-08-31,2018-05-01,2018-01-15,8451,2017,CHAILEASE INTERNATIONAL FINANCIAL SERVICES CO LTD,AAA ROTOR LTD
VT-RRC,800C8D,Global Vectra Helicorp,Global Vectra Helicorp Limited,non-scheduled,#08/1998,2028-04-28,AW169,A169,Leonardo,Leonardo AW169,RW,8,8,passenger,ns-oper.pdf,2026-08-31,2018-05-01,2018-02-06,69066,2018,M/s VERTICAL AVIATION No.2 LTD.,M/s VERTICAL AVIATION No.2 LTD.
VT-RRD,,Global Vectra Helicorp,Global Vectra Helicorp Limited,non-scheduled,#08/1998,2028-04-28,BELL412 EP,B412,Bell,Bell 412,RW,13,13,passenger,ns-oper.pdf,2026-08-31,2018-10-31,2018-05-16,36588,2011,M/s AGRARFLUG HELILIFT GmbH & Co.KG,M/S AAA ROTOR LIMITED
VT-RRE,800D5F,Global Vectra Helicorp,Global Vectra Helicorp Limited,non-scheduled,#08/1998,2028-04-28,AW139,A139,Leonardo,Leonardo AW139,RW,15,15,passenger,ns-oper.pdf,2026-08-31,2019-03-31,2019-03-15,41333,2013,"Era Leasing Llc Ste.200 Houston, Texas 77024","Aaa Rotor Limited Dublin 4, Ireland"
VT-RRF,801429,Global Vectra Helicorp,Global Vectra Helicorp Limited,non-scheduled,#08/1998,2028-04-28,BELL412EP,B412,Bell,Bell 412,RW,13,13,passenger,ns-oper.pdf,2026-08-31,2025-09-30,2021-03-12,36690,2014,TEXTRON FINANCIAL CORPORATION,TEXTRON FINANCIAL CORPORATION
VT-RRG,801457,Global Vectra Helicorp,Global Vectra Helicorp Limited,non-scheduled,#08/1998,2028-04-28,AW169,A169,Leonardo,Leonardo AW169,RW,8,8,passenger,ns-oper.pdf,2026-08-31,2025-09-30,,,,,
VT-RRH,,Global Vectra Helicorp,Global Vectra Helicorp Limited,non-scheduled,#08/1998,2028-04-28,AS 350 B3e,AS50,Airbus Helicopters,Airbus H125 (AS350),RW,6,6/Aerial Work,aerial-work,ns-oper.pdf,2026-08-31,2025-09-30,,,,,
VT-RRI,8014BF,Global Vectra Helicorp,Global Vectra Helicorp Limited,non-scheduled,#08/1998,2028-04-28,BELL412EP,B412,Bell,Bell 412,RW,13,13,passenger,ns-oper.pdf,2026-08-31,2025-09-30,2022-05-09,36679,2014,MACQUARIE ROTORCRAFT LEASING (IRELAND) LIMITED,MACQUARIE ROTORCRAFT LEASING (IRELAND) LIMITED
VT-RRJ,8014EF,Global Vectra Helicorp,Global Vectra Helicorp Limited,non-scheduled,#08/1998,2028-04-28,BELL412EP,B412,Bell,Bell 412,RW,11,11,passenger,ns-oper.pdf,2026-08-31,2025-09-30,2022-09-29,36704,2015,AAB ROTOR LIMITED,AAB ROTOR LIMITED
VT-RRK,80154F,Global Vectra Helicorp,Global Vectra Helicorp Limited,non-scheduled,#08/1998,2028-04-28,AW169,A169,Leonardo,Leonardo AW169,RW,8,8,passenger,ns-oper.pdf,2026-08-31,2025-09-30,2023-02-03,69010,2017,LCI HELICOPTERS TWELVE LIMITED,LCI HELICOPTERS TWELVE LIMITED
VT-RRL,8015B6,Global Vectra Helicorp,Global Vectra Helicorp Limited,non-scheduled,#08/1998,2028-04-28,AW169,A169,Leonardo,Leonardo AW169,RW,8,8,passenger,ns-oper.pdf,2026-08-31,2025-09-30,2023-02-06,69161,2023,SMFL LCI HELICOPTERS FOUR LIMITED,SMFL LCI HELICOPTERS FOUR LIMITED
VT-RRN,8015E8,Global Vectra Helicorp,Global Vectra Helicorp Limited,non-scheduled,#08/1998,2028-04-28,AW169,A169,Leonardo,Leonardo AW169,RW,8,8,passenger,ns-oper.pdf,2026-08-31,2025-09-30,2023-01-12,69174,2023,VERTICAL AVIATION NO 1 LIMITED,VERTICAL AVIATION NO 1 LIMITED
VT-RRO,,Global Vectra Helicorp,Global Vectra Helicorp Limited,non-scheduled,#08/1998,2028-04-28,AW169,A169,Leonardo,Leonardo AW169,RW,10,10,passenger,ns-oper.pdf,2026-08-31,2025-09-30,2025-08-28,69198,2025,SMFL LCI HELICOPTERS FOUR LIMITED,SMFL LCI HELICOPTERS FOUR LIMITED
VT-RRP,801787,Baramati Agro,Baramati Agro Limited,non-scheduled,#14/2025,2031-09-17,Bell407GXP,B407,Bell,Bell 407,RW,6,6,passenger,ns-oper.pdf,2026-08-31,2025-09-30,2025-04-03,54618,2015,BARAMATI AGRO LIMITED,-
VT-RRR,8017EF,Shivan Aadithya Air Services,Shivan Aadithya Air Services Pvt. Ltd.,non-scheduled,#05/2022,2027-07-20,BEECHCRAFT PREMIER 1A-390,PRM1,Hawker Beechcraft,Beechcraft Premier I,FW,6,6,passenger,ns-oper.pdf,2026-08-31,2026-05-31,2025-07-16,RB-295,2012,SHIVAN AADITHYA AIR SERVICES PRIVATE LIMITED,-
VT-RSG,800BD5,Saarthi Airways,Saarthi Airways Pvt. Ltd.,non-scheduled,#09/2010,2028-12-13,FALCON 2000EX,F2TH,Dassault,Dassault Falcon 2000,FW,9,9,passenger,ns-oper.pdf,2026-08-31,2017-03-07,,,,,
VT-RSL,8003CA,Flaps Aviation,Flaps Aviation Pvt. Ltd.,non-scheduled,#07/2022,2027-09-20,Beech Kingair C90A,BE9L,Beechcraft,Beechcraft King Air C90,FW,6,6,passenger,ns-oper.pdf,2026-08-31,2007-05-14,2018-05-30,LJ-1560,1999,FLAPS AVIATION PRIVATE LIMITED,-
VT-RSM,,VSR Ventures,VSR Ventures Pvt. Ltd.,non-scheduled,#07/2014,2028-04-20,BEECHCRAFT KING AIR B200,BE20,Beechcraft,Beechcraft King Air 200,FW,8,8,passenger,ns-oper.pdf,2026-08-31,2009-01-20,2018-06-25,BB-1758,2001,U.Y. AVIATION PVT LTD,-
VT-RSN,,Jet Serve Aviation,Jet Serve Aviation Pvt. Ltd.,non-scheduled,#02/2017,2029-02-09,Super King Air B-200,BE20,Beechcraft,Beechcraft King Air 200,FW,8,8,passenger,ns-oper.pdf,2026-08-31,2009-01-20,2018-02-13,BB-1631,1998,U.Y. AVIATION PVT LTD,-
VT-RTB,801590,Air India Express,Air India Express Ltd.,scheduled,S-14,2028-04-21,A321-251NX,A21N,Airbus,Airbus A321neo,FW,192,192,passenger,sch-oper.pdf,2026-08-31,2024-06-10,2023-04-27,11113,2023,Celestial Aviation Trading 62 Limited,Celestial Aviation Trading 62 Limited
VT-RTC,801591,Air India Express,Air India Express Ltd.,scheduled,S-14,2028-04-21,A321-251NX,A21N,Airbus,Airbus A321neo,FW,192,192,passenger,sch-oper.pdf,2026-08-31,2023-06-15,2023-03-29,11156,2023,Celestial Aviation Trading 62 Limited,Celestial Aviation Trading 62 Limited
VT-RTD,801595,Air India Express,Air India Express Ltd.,scheduled,S-14,2028-04-21,A321-251NX,A21N,Airbus,Airbus A321neo,FW,192,192,passenger,sch-oper.pdf,2026-08-31,2023-06-15,2023-03-24,11183,2023,Celestial Aviation Trading 62 Limited,Celestial Aviation Trading 62 Limited
VT-RTE,801594,Air India Express,Air India Express Ltd.,scheduled,S-14,2028-04-21,A321-251NX,A21N,Airbus,Airbus A321neo,FW,192,192,passenger,sch-oper.pdf,2026-08-31,2024-06-10,2023-05-18,11260,2023,Celestial Aviation Trading 62 Limited,Celestial Aviation Trading 62 Limited
VT-RTF,80160D,Air India Express,Air India Express Ltd.,scheduled,S-14,2028-04-21,A320-251N,A20N,Airbus,Airbus A320neo,FW,186,186,passenger,sch-oper.pdf,2026-08-31,2024-06-10,2023-11-10,11705,2023,ZF Ireland Aircraft 101 Limited,ZF Ireland Aircraft 101 Limited
VT-RTG,801627,Air India Express,Air India Express Ltd.,scheduled,S-14,2028-04-21,A320-251N,A20N,Airbus,Airbus A320neo,FW,186,186,passenger,sch-oper.pdf,2026-08-31,2024-06-10,2023-07-12,11780,2023,ZF Ireland Aircraft 102 Limited,ZF Ireland Aircraft 102 Limited
VT-RTH,801626,Air India Express,Air India Express Ltd.,scheduled,S-14,2028-04-21,A320-251N,A20N,Airbus,Airbus A320neo,FW,186,186,passenger,sch-oper.pdf,2026-08-31,2024-06-10,2023-01-12,11779,2023,ZF Ireland Aircraft 103 Limited,ZF Ireland Aircraft 103 Limited
VT-RTI,801638,Air India Express,Air India Express Ltd.,scheduled,S-14,2028-04-21,A320-251N,A20N,Airbus,Airbus A320neo,FW,186,186,passenger,sch-oper.pdf,2026-08-31,2024-06-10,2023-12-15,11844,2023,ZF Ireland Aircraft 104 Limited,ZF Ireland Aircraft 104 Limited
VT-RTJ,801645,Air India,Air India Ltd.,scheduled,S-9,2028-06-30,A320-251N,A20N,Airbus,Airbus A320neo,FW,162,162,passenger,sch-oper.pdf,2026-08-31,2024-06-10,2024-01-25,11907,2024,AWAS AVIATION TRADING DESIGNATED ACTIVITY COMPANY,SAME AS OWNER
VT-RTK,801657,Air India,Air India Ltd.,scheduled,S-9,2028-06-30,A320-251N,A20N,Airbus,Airbus A320neo,FW,162,162,passenger,sch-oper.pdf,2026-08-31,2024-06-10,2024-02-27,11972,2024,AWAS AVIATION TRADING DESIGNATED ACTIVITY COMPANY,SAME AS OWNER
VT-RTL,801671,Air India,Air India Ltd.,scheduled,S-9,2028-06-30,A320-251N,A20N,Airbus,Airbus A320neo,FW,162,162,passenger,sch-oper.pdf,2026-08-31,2024-06-10,2024-03-26,11963,2024,AWAS AVIATION TRADING DESIGNATED ACTIVITY COMPANY,SAME AS OWNER
VT-RTM,801674,Air India,Air India Ltd.,scheduled,S-9,2028-06-30,A320-251N,A20N,Airbus,Airbus A320neo,FW,162,162,passenger,sch-oper.pdf,2026-08-31,2024-11-15,2024-05-17,12023,2024,ZF IRELAND AIRCRAFT 105 LIMITED,SAME AS OWNER
VT-RTN,8016A7,Air India,Air India Ltd.,scheduled,S-9,2028-06-30,A320-251N,A20N,Airbus,Airbus A320neo,FW,162,162,passenger,sch-oper.pdf,2026-08-31,2024-11-15,2024-07-05,12156,2024,ZF IRELAND AIRCRAFT 105 LIMITED,SAME AS OWNER
VT-RTO,801615,Air India Express,Air India Express Ltd.,scheduled,S-14,2028-04-21,A320-251N,A20N,Airbus,Airbus A320neo,FW,186,186,passenger,sch-oper.pdf,2026-08-31,2024-06-10,2023-09-11,11754,2023,GY Aviation Lease 2201 Co Limited,GY Aviation Lease 2201 Co Limited
VT-RTP,80161C,Air India Express,Air India Express Ltd.,scheduled,S-14,2028-04-21,A320-251N,A20N,Airbus,Airbus A320neo,FW,186,186,passenger,sch-oper.pdf,2026-08-31,2024-06-10,2023-11-16,11777,2023,"GY AVIATION LEASE 2201 CO., LIMITED","GY AVIATION LEASE 2201 CO., LIMITED"
VT-RTQ,801613,Air India Express,Air India Express Ltd.,scheduled,S-14,2028-04-21,A320-251N,A20N,Airbus,Airbus A320neo,FW,186,186,passenger,sch-oper.pdf,2026-08-31,2024-06-10,2023-01-11,11764,2023,GY AVIATION LEASE 2201 CO LIMITED,GY AVIATION LEASE 2201 CO LIMITED
VT-RTS,801667,Air India,Air India Ltd.,scheduled,S-9,2028-06-30,A320-251N,A20N,Airbus,Airbus A320neo,FW,162,162,passenger,sch-oper.pdf,2026-08-31,2024-06-10,2024-03-05,11985,2024,GY AVIATION LEASE 2202 CO LIMITED,SAME AS OWNER
VT-RTT,801625,Air India,Air India Ltd.,scheduled,S-9,2028-06-30,A320-251N,A20N,Airbus,Airbus A320neo,FW,162,162,passenger,sch-oper.pdf,2026-08-31,2024-06-10,2023-11-28,11774,2023,"GY Aviation Lease 2202 Co., Limited","GY Aviation Lease 2202 Co., Limited"
VT-RTU,801640,Air India,Air India Ltd.,scheduled,S-9,2028-06-30,A320-251N,A20N,Airbus,Airbus A320neo,FW,162,162,passenger,sch-oper.pdf,2026-08-31,2024-06-10,2023-12-28,11870,2023,"GY Aviation Lease 2202 Co., Limited","GY Aviation Lease 2202 Co., Limited"
VT-RTV,80164F,Air India,Air India Ltd.,scheduled,S-9,2028-06-30,A320-251N,A20N,Airbus,Airbus A320neo,FW,162,162,passenger,sch-oper.pdf,2026-08-31,2024-06-10,2024-02-02,11927,2024,SMBC AVIATION CAPITAL LIMITED,SAME AS OWNER
VT-RTW,80164E,Air India,Air India Ltd.,scheduled,S-9,2028-06-30,A320-251N,A20N,Airbus,Airbus A320neo,FW,162,162,passenger,sch-oper.pdf,2026-08-31,2024-11-15,2024-02-07,11933,2024,SMBC AVIATION CAPITAL LIMITED,SAME AS OWNER
VT-RTX,80165A,Air India,Air India Ltd.,scheduled,S-9,2028-06-30,A320-251N,A20N,Airbus,Airbus A320neo,FW,162,162,passenger,sch-oper.pdf,2026-08-31,2024-06-10,2024-02-14,11940,2024,SMBC AVIATION CAPITAL LIMITED,SAME AS OWNER
VT-RTY,80167E,Air India,Air India Ltd.,scheduled,S-9,2028-06-30,A320-251N,A20N,Airbus,Airbus A320neo,FW,162,162,passenger,sch-oper.pdf,2026-08-31,2024-06-10,2024-03-28,12016,2024,SMBC AVIATION CAPITAL LIMITED,SAME AS OWNER
VT-RTZ,80167F,Air India,Air India Ltd.,scheduled,S-9,2028-06-30,A320-251N,A20N,Airbus,Airbus A320neo,FW,162,162,passenger,sch-oper.pdf,2026-08-31,2024-11-15,2024-05-01,12034,2024,SMBC AVIATION CAPITAL LIMITED,SAME AS OWNER
VT-RUN,,E-Factor Adventure Tourism (P),E-Factor Adventure Tourism (P) Ltd.,non-scheduled,#1/2008,2029-01-01,ULTRAMAGIC N-250 (HOT AIR BALLOON),BALL,Hot air balloon,Hot air balloon,B,10,10,passenger,ns-oper.pdf,2026-08-31,2025-09-30,,,,,
VT-SBJ,8015BE,Shraddha Energy and Infraprojects,Shraddha Energy and Infraprojects Private Limited,non-scheduled,#12/2023,2028-12-06,AS350B3,AS50,Airbus Helicopters,Airbus H125 (AS350),RW,5,5,passenger,ns-oper.pdf,2026-08-31,2025-09-30,2023-08-24,9384,2023,SHRADDHA ENERGY AND INFRAPROJECTS PVT. LTD.,
VT-SCF,800373,Air India,Air India Ltd.,scheduled,S-9,2028-06-30,A319-112,A319,Airbus,Airbus A319,FW,122,122,passenger,sch-oper.pdf,2026-08-31,2007-05-10,2011-02-24,,,BAYERN,BAYERN
VT-SCH,800401,Air India,Air India Ltd.,scheduled,S-9,2028-06-30,A319-112,A319,Airbus,Airbus A319,FW,122,122,passenger,sch-oper.pdf,2026-08-31,2008-01-31,2011-02-24,,,BAYERN AIRCRAFT LIMITED,BAYERN AIRCRAFT LIMITED
VT-SCM,8004A7,Air India,Air India Ltd.,scheduled,S-9,2028-06-30,A319-112,A319,Airbus,Airbus A319,FW,122,122,passenger,sch-oper.pdf,2026-08-31,2009-01-20,2011-02-24,,,INDIAN ORANGE LIMITED,INDIAN ORANGE LIMITED
VT-SCQ,800520,Air India,Air India Ltd.,scheduled,S-9,2028-06-30,A319-112,A319,Airbus,Airbus A319,FW,122,122,passenger,sch-oper.pdf,2026-08-31,2010-06-30,2011-12-12,,,,
VT-SCR,800521,Air India,Air India Ltd.,scheduled,S-9,2028-06-30,A319-112,A319,Airbus,Airbus A319,FW,122,122,passenger,sch-oper.pdf,2026-08-31,2010-06-30,2011-12-12,,,,
VT-SCV,80053F,Air India,Air India Ltd.,scheduled,S-9,2028-06-30,A319-112,A319,Airbus,Airbus A319,FW,122,122,passenger,sch-oper.pdf,2026-08-31,2010-06-30,2009-12-02,,,,
VT-SDD,,Maharaja Aviation,Maharaja Aviation Pvt. Ltd.,non-scheduled,#07/2015,2027-08-26,ROBINSON R44,R44,Robinson,Robinson R44,RW,3,3,passenger,ns-oper.pdf,2026-08-31,2015-09-01,2018-09-10,1072,2001,M/S MAHARAJA AVIATION PVT LTD,-
VT-SDS,,Thumby Aviation,Thumby Aviation Pvt. Ltd.,non-scheduled,#02/2013,2029-03-24,EC130-T2,EC30,Airbus Helicopters,Airbus H130,RW,7,7,passenger,ns-oper.pdf,2026-08-31,2026-05-31,2025-07-08,9764,2025,SKYPULSE SOLUTIONS IFSC PRIVATE LIMITED,SKYPULSE SOLUTIONS IFSC PRIVATE LIMITED
VT-SES,,Syandan Aviation,Syandan Aviation Pvt. Ltd.,non-scheduled,#11/2025,2030-09-10,EC-130T2,EC30,Airbus Helicopters,Airbus H130,RW,7,7,passenger,ns-oper.pdf,2026-08-31,2026-05-31,2025-08-08,9770,2025,SKYPULSE SOLUTIONS IFSC PRIVATE LIMITED,SKYPULSE SOLUTIONS IFSC PRIVATE LIMITED
VT-SFB,800CF5,SpiceJet,Spice Jet Ltd.,scheduled,S-16,2028-05-16,B737-700F/800F,B737,Boeing,Boeing 737-700,FW,,Cargo,cargo,sch-oper.pdf,2026-08-31,2019-07-15,,,,,
VT-SFD,800D48,SpiceJet,Spice Jet Ltd.,scheduled,S-16,2028-05-16,B737-700F/800F,B737,Boeing,Boeing 737-700,FW,,Cargo,cargo,sch-oper.pdf,2026-08-31,2019-07-15,2019-04-24,30512,2000,"Bank of Utah Suite 110 salt lake city, Utah","NGF Alpha Limited John Rogerson's quay Dublin 2, Ireland"
VT-SFE,800DAE,SpiceJet,Spice Jet Ltd.,scheduled,S-16,2028-05-16,B737-700F/800F,B737,Boeing,Boeing 737-700,FW,,Cargo,cargo,sch-oper.pdf,2026-08-31,2019-09-30,2019-07-17,29084,1998,"Ngf Bravo Limited Dublin 2, Ireland",Same As Owner
VT-SFU,8014BA,Indo Pacific Aviation,Indo Pacific Aviation Pvt. Ltd.,non-scheduled,#03/1997,2028-10-14,Embraer EMB-135 (Legacy 600),E35L,Embraer,Embraer Legacy 600/650,FW,13,13,passenger,ns-oper.pdf,2026-08-31,2025-09-30,2022-01-06,1450-1046,2008,INDO PACIFIC AVIATION PVT LTD,
VT-SGG,8005D5,SpiceJet,Spice Jet Ltd.,scheduled,S-16,2028-05-16,B737-800,B738,Boeing,Boeing 737-800,FW,189,189,passenger,sch-oper.pdf,2026-08-31,2010-06-30,2017-12-04,36368,2010,FLY AIRCRAFT HOLIDINGS SEVEN LIMITED,FLY AIRCRAFT HOLDINGS SEVEN LIMITED
VT-SGJ,800614,SpiceJet,Spice Jet Ltd.,scheduled,S-16,2028-05-16,B737-800,B738,Boeing,Boeing 737-800,FW,189,189,passenger,sch-oper.pdf,2026-08-31,2011-07-15,2018-05-18,29641,2005,AVIATOR ML 29641 LIMITED,AVIATOR ML 29641 LIMITED
VT-SGV,80067F,SpiceJet,Spice Jet Ltd.,scheduled,S-16,2028-05-16,B737-800,B738,Boeing,Boeing 737-800,FW,189,189,passenger,sch-oper.pdf,2026-08-31,2012-03-01,2012-09-28,,,M/S NBB 37362 LEASE PARTNERSHIP,M/S NBB 37362 LEASE PARTNERSHIP
VT-SHE,,Skyhop Aviation,Skyhop Aviation Private limited,scheduled,SC-11,2029-04-23,Twin Otter DHC-6,DHC6,De Havilland Canada,DHC-6 Twin Otter,FW,18,18,passenger,sch-oper.pdf,2026-08-31,2026-05-31,,,,,
VT-SHG,800D9A,RPSG Resources,RPSG Resources Pvt Ltd.,non-scheduled,#08/2014,2028-06-25,Bombardier Global 5000,GLEX,Bombardier,Bombardier Global Express,FW,13,13,passenger,ns-oper.pdf,2026-08-31,2025-09-30,,,,,
VT-SHL,801734,Steamhouse India,Steamhouse India Ltd.,non-scheduled,#18/2025,2030-10-20,PA-46-350P,PA46,Piper,Piper,FW,4,4,passenger,ns-oper.pdf,2026-08-31,2026-05-31,2024-11-13,4636815,2023,SANJOO DYEING INC.,SAME AS OWNER
VT-SIL,,Aryan Aviation,Aryan Aviation Pvt. Ltd.,non-scheduled,#13/2009,2029-04-07,EUROCOPTER AS355N,AS55,Airbus Helicopters,Airbus AS355 Ecureuil 2,RW,5,5,passenger,ns-oper.pdf,2026-08-31,2006-01-20,2013-05-27,,,M/S SAHARA INTERNATIONAL AIRPORT PVT. LTD,
VT-SIM,,Aryan Aviation,Aryan Aviation Pvt. Ltd.,non-scheduled,#13/2009,2029-04-07,AS365N2 DAUPHIN,AS65,Airbus Helicopters,Airbus Dauphin (AS365),RW,5,5,passenger,ns-oper.pdf,2026-08-31,2006-01-20,2013-08-20,,,,
VT-SKB,,Sky One Airways,Sky One Airways Pvt. Ltd.,non-scheduled,#04/2013,2027-12-25,MI-172,MI17,Mil,Mil Mi-172,RW,26,26,passenger,ns-oper.pdf,2026-08-31,2015-03-26,2018-07-16,356C158,2006,CRJ AIRCRAFT LEASING LTD,CRJ AIRCRAFT LEASING LTD
VT-SKE,,Sky One Airways,Sky One Airways Pvt. Ltd.,non-scheduled,#04/2013,2027-12-25,MI-172,MI17,Mil,Mil Mi-172,RW,26,26,passenger,ns-oper.pdf,2026-08-31,2025-09-30,2022-05-05,704C06,2002,BRANCH OF VIETNAM HELICOPTER CORPORATION- NORTHERN VIETNAM HELICOPTER,VOLARK LEASING IFSC PVT LTD
VT-SKH,801440,Sky One Airways,Sky One Airways Pvt. Ltd.,non-scheduled,#04/2013,2027-12-25,MI-171A2,MI17,Mil,Mil Mi-172,RW,19,19,passenger,ns-oper.pdf,2026-08-31,2025-09-30,2021-06-16,171A02356 170104U,2019,STLC Europe Twenty Four Leasing Ltd,STLC Europe Twenty Four Leasing Ltd
VT-SKJ,8016D0,Everdeliver Logistics,Everdeliver Logistics Pvt. Ltd.,non-scheduled,#02/2025,2030-01-23,PC-12/47E,PC12,Pilatus,Pilatus PC-12,FW,8,8,passenger,ns-oper.pdf,2026-08-31,2025-09-30,2024-09-05,2391,2024,EVERDELIVER LOGISTICS PRIVATE LIMITED,N/A
VT-SKN,8015D4,EHA Aviation,EHA Aviation Pvt. Ltd.,non-scheduled,#01/2022,2027-03-31,Cessna Citation 560XLS+,C56X,Cessna,Cessna Citation XLS,FW,9,9,passenger,ns-oper.pdf,2026-08-31,2025-09-30,2023-09-13,560-6315,2021,EHA AVIATION PRIVATE LIMITED,
VT-SLA,800B80,SpiceJet,Spice Jet Ltd.,scheduled,S-16,2028-05-16,B737-700,B737,Boeing,Boeing 737-700,FW,149,149,passenger,sch-oper.pdf,2026-08-31,2016-02-10,,,,,
VT-SLB,800B81,SpiceJet,Spice Jet Ltd.,scheduled,S-16,2028-05-16,B737-700,B737,Boeing,Boeing 737-700,FW,149,149,passenger,sch-oper.pdf,2026-08-31,2016-02-10,,,,,
VT-SLC,800B82,SpiceJet,Spice Jet Ltd.,scheduled,S-16,2028-05-16,B737-900,B737,Boeing,Boeing 737,FW,212,212,passenger,sch-oper.pdf,2026-08-31,2016-02-10,,,,,
VT-SLD,800B83,SpiceJet,Spice Jet Ltd.,scheduled,S-16,2028-05-16,B737-900,B737,Boeing,Boeing 737,FW,212,212,passenger,sch-oper.pdf,2026-08-31,2016-02-10,,,,,
VT-SLF,800BC7,SpiceJet,Spice Jet Ltd.,scheduled,S-16,2028-05-16,B737-800,B738,Boeing,Boeing 737-800,FW,189,189,passenger,sch-oper.pdf,2026-08-31,2017-03-07,2016-12-23,33593,2006,M/S SASOF III A13 AVIATION IRELAND DAC,M/S BLACKBIRD GINGER LIMITED
VT-SLG,800BC8,SpiceJet,Spice Jet Ltd.,scheduled,S-16,2028-05-16,B737-800,B738,Boeing,Boeing 737-800,FW,189,189,passenger,sch-oper.pdf,2026-08-31,2017-07-20,2017-01-24,33594,2006,SASOF III A 13 AVIATION IRELAND DAC,SNOWY OWL LEASING LIMITED
VT-SLJ,800BCC,SpiceJet,Spice Jet Ltd.,scheduled,S-16,2028-05-16,B737-800,B738,Boeing,Boeing 737-800,FW,189,189,passenger,sch-oper.pdf,2026-08-31,2017-03-07,2016-07-14,34273,2007,CITRINE AIRCRAFT LEASING LIMITED,CITRINE AIRCRAFT LEASING LIMITED
VT-SLK,,Flaps Aviation,Flaps Aviation Pvt. Ltd.,non-scheduled,#07/2022,2027-09-20,BEECH KING AIR C-90A,BE9L,Beechcraft,Beechcraft King Air C90,FW,6,6,passenger,ns-oper.pdf,2026-08-31,2006-11-30,,,,,
VT-SLM,800BCE,SpiceJet,Spice Jet Ltd.,scheduled,S-16,2028-05-16,B737-800,B738,Boeing,Boeing 737-800,FW,189,189,passenger,sch-oper.pdf,2026-08-31,2017-03-07,2018-11-30,35063,2007,SASOF III (C) AVIATION IRELAND DAC,SASOF III C AVIATION IRELAND DAC
VT-SLP,800CBD,SpiceJet,Spice Jet Ltd.,scheduled,S-16,2028-05-16,B737-700,B737,Boeing,Boeing 737-700,FW,149,149,passenger,sch-oper.pdf,2026-08-31,2018-10-31,2018-05-07,36118,2009,VS MSN 36118 CAV DESIGNATED ACTIVITY COMPANY,VS MSN 36118 CAV DESIGNATED ACTIVITY COMPANY
VT-SMK,,Span Air,Span Air pvt. Ltd.,non-scheduled,#06/1995,2028-11-23,BELL-429,B429,Bell,Bell 429,RW,5,5,passenger,ns-oper.pdf,2026-08-31,2026-05-31,,,,,
VT-SMR,800B2F,Span Air,Span Air pvt. Ltd.,non-scheduled,#06/1995,2028-11-23,B 200 GT,BE20,Beechcraft,Beechcraft King Air 200,FW,9,9,passenger,ns-oper.pdf,2026-08-31,2015-03-26,2018-11-05,BY-212,2014,SPAN AIR PVT LTD,-
VT-SMS,800D81,Empire Aircraft Management Services,Empire Aircraft Management Services Pvt. Ltd.,non-scheduled,#08/2017,2027-03-31,King Air 250 (B200GT),BE20,Beechcraft,Beechcraft King Air 200,FW,7,7,passenger,ns-oper.pdf,2026-08-31,2025-09-30,2019-09-26,BY-356,2019,"Bellary Iron Ores Private Ltd Hospet Road, Alipur, Ballari- 583104",Same As Owner
VT-SNB,800D06,MSPL,MSPL Ltd.,non-scheduled,#02/2009,2027-02-11,P-180 AVANTI II,P180,Piaggio,Piaggio P.180 Avanti,FW,8,8,passenger,ns-oper.pdf,2026-08-31,2025-09-30,2018-12-05,3012,2018,MSPL LIMITED,-
VT-SNP,800661,Sobha Puravankara Aviation,Sobha Puravankara Aviation Pvt. Ltd.,non-scheduled,#03/2012,2028-03-14,GULFSTREAM G-200,GALX,Gulfstream,Gulfstream G200,FW,9,9,passenger,ns-oper.pdf,2026-08-31,2013-05-02,2012-01-19,,,,
VT-SQA,800D03,SpiceJet,Spice Jet Ltd.,scheduled,S-16,2028-05-16,Q400,DH8D,De Havilland Canada,Dash 8 Q400,FW,78,78,passenger,sch-oper.pdf,2026-08-31,2018-10-31,,,,,
VT-SQB,800D08,SpiceJet,Spice Jet Ltd.,scheduled,S-16,2028-05-16,Q400,DH8D,De Havilland Canada,Dash 8 Q400,FW,78,78,passenger,sch-oper.pdf,2026-08-31,2019-07-15,,,,,
VT-SQC,800D17,SpiceJet,Spice Jet Ltd.,scheduled,S-16,2028-05-16,Q400,DH8D,De Havilland Canada,Dash 8 Q400,FW,78,78,passenger,sch-oper.pdf,2026-08-31,2019-07-15,,,,,
VT-SQD,800D18,SpiceJet,Spice Jet Ltd.,scheduled,S-16,2028-05-16,Q400,DH8D,De Havilland Canada,Dash 8 Q400,FW,78,78,passenger,sch-oper.pdf,2026-08-31,2019-07-15,,,,,
VT-SQE,800D42,SpiceJet,Spice Jet Ltd.,scheduled,S-16,2028-05-16,Q400,DH8D,De Havilland Canada,Dash 8 Q400,FW,78,78,passenger,sch-oper.pdf,2026-08-31,2019-07-15,2019-01-09,4591,2018,"Industrial International Aircraft Leasing 2 Limited Dublin 1, Irelan",Same As Owner
VT-SQI,800D56,SpiceJet,Spice Jet Ltd.,scheduled,S-16,2028-05-16,Q400,DH8D,De Havilland Canada,Dash 8 Q400,FW,78,78,passenger,sch-oper.pdf,2026-08-31,2019-07-15,2019-06-10,4596,2019,WILMINGTON TRUST SP SERVICES (DUBLIN) LIMITED,WILMINGTON TRUST SP SERVICES (DUBLIN) LIMITED
VT-SRC,8006E2,VSR Ventures,VSR Ventures Pvt. Ltd.,non-scheduled,#07/2014,2028-04-20,BEECHCRAFT KING AIR B200,BE20,Beechcraft,Beechcraft King Air 200,FW,8,8,passenger,ns-oper.pdf,2026-08-31,2006-01-20,2011-12-05,,,,M/S WHITE CITY
VT-SRE,80181C,Rithwik Green Power and Aviation,Rithwik Green Power and Aviation Pvt. Ltd.,non-scheduled,#12/2022,2027-10-25,CITATION 525A CJ2+,C25B,Cessna,Cessna Citation CJ series,FW,7,7,passenger,ns-oper.pdf,2026-08-31,2026-05-31,2025-10-09,525A- 0399,2008,Rithwik Green Power and Aviation Pvt. Ltd.,-
VT-SRK,80183C,Saffron Strokes,Saffron Strokes Private Limited,non-scheduled,#04/2024,2029-02-18,BEECHCRAFT PREMIER 1A-390,PRM1,Hawker Beechcraft,Beechcraft Premier I,FW,6,6,passenger,ns-oper.pdf,2026-08-31,2026-05-31,2025-11-28,RB 228,2008,Saffron Strokes Private Limited,-
VT-SSF,8005F5,Simm Samm Airways,Simm Samm Airways Pvt. Ltd.,non-scheduled,#14/2009,2029-04-08,HAWKER BEECHCRAFT (PREMIER 1A),PRM1,Hawker Beechcraft,Beechcraft Premier I,FW,6,6,passenger,ns-oper.pdf,2026-08-31,2010-10-07,2010-09-15,,,,
VT-SSJ,,Fairwinds Aviation,Fairwinds Aviation Pvt. Ltd.,non-scheduled,#01/2019,2029-01-10,CESSNA 206H,C206,Cessna,Cessna 206 Stationair,FW,4,4,passenger,ns-oper.pdf,2026-08-31,2019-03-31,2018-06-01,20608175,2002,FAIRWINDS AVIATION PVT LTD,-
VT-SSO,,Simm Samm Airways,Simm Samm Airways Pvt. Ltd.,non-scheduled,#14/2009,2029-04-08,SIKORSKY S-76C++,S76,Sikorsky,Sikorsky S-76,RW,6,6,passenger,ns-oper.pdf,2026-08-31,2025-09-30,2025-04-17,760775,2009,Eagle Copters Ltd,Eagle Copters Ltd
VT-SSR,8015C3,FLYSBS AVIATION,FLYSBS AVIATION LIMITED,non-scheduled,#13/2023,2028-12-18,EMB-135 (LEGACY 600),E35L,Embraer,Embraer Legacy 600/650,FW,13,13,passenger,ns-oper.pdf,2026-08-31,2025-09-30,2023-05-25,14501038,2008,Redwood Investments Corp Limited,Redwood Investments Corp Limited
VT-SUB,800655,SpiceJet,Spice Jet Ltd.,scheduled,S-16,2028-05-16,Q400,DH8D,De Havilland Canada,Dash 8 Q400,FW,78,78,passenger,sch-oper.pdf,2026-08-31,2011-09-30,2011-08-25,,,M/s MAPLE LEAF FINANCING LIMITED,M/s MAPLE LEAF FINANCING LIMITED
VT-SUD,800657,SpiceJet,Spice Jet Ltd.,scheduled,S-16,2028-05-16,Q400,DH8D,De Havilland Canada,Dash 8 Q400,FW,78,78,passenger,sch-oper.pdf,2026-08-31,2011-09-30,2011-09-02,,,M/s MAPLE LEAF FINANCING LIMITED,M/s MAPLE LEAF FINANCING LIMITED
VT-SUE,800670,SpiceJet,Spice Jet Ltd.,scheduled,S-16,2028-05-16,Q400,DH8D,De Havilland Canada,Dash 8 Q400,FW,78,78,passenger,sch-oper.pdf,2026-08-31,2011-11-16,,,,,
VT-SUG,800672,SpiceJet,Spice Jet Ltd.,scheduled,S-16,2028-05-16,Q400,DH8D,De Havilland Canada,Dash 8 Q400,FW,78,78,passenger,sch-oper.pdf,2026-08-31,2011-11-16,2011-10-31,,,M/s MAPLE LEAF FINANCING LIMITED,M/s MAPLE LEAF FINANCING LIMITED
VT-SUH,800673,SpiceJet,Spice Jet Ltd.,scheduled,S-16,2028-05-16,Q400,DH8D,De Havilland Canada,Dash 8 Q400,FW,78,78,passenger,sch-oper.pdf,2026-08-31,2013-05-02,2012-06-29,,,M/S MAPLE LEAF FINANCING LIMITED,M/S MAPLE LEAF FINANCING LIMITED
VT-SUI,8006E8,SpiceJet,Spice Jet Ltd.,scheduled,S-16,2028-05-16,Q400,DH8D,De Havilland Canada,Dash 8 Q400,FW,78,78,passenger,sch-oper.pdf,2026-08-31,2013-05-02,2012-06-30,,,M/S MAPLE LEAF FINANCING LIMITED,M/S MAPLE LEAF FINANCING LIMITED
VT-SUJ,8006E9,SpiceJet,Spice Jet Ltd.,scheduled,S-16,2028-05-16,Q400,DH8D,De Havilland Canada,Dash 8 Q400,FW,78,78,passenger,sch-oper.pdf,2026-08-31,2013-05-02,2012-12-18,,,M/S MAPLE LEAF FINANCING LIMITED,
VT-SUK,8006EA,SpiceJet,Spice Jet Ltd.,scheduled,S-16,2028-05-16,Q400,DH8D,De Havilland Canada,Dash 8 Q400,FW,78,78,passenger,sch-oper.pdf,2026-08-31,2013-05-02,2012-12-18,,,M/S MAPLE LEAF FINANCING LIMITED,
VT-SUL,8006EB,SpiceJet,Spice Jet Ltd.,scheduled,S-16,2028-05-16,Q400,DH8D,De Havilland Canada,Dash 8 Q400,FW,78,78,passenger,sch-oper.pdf,2026-08-31,2013-05-02,2012-06-30,,,M/S MAPLE LEAF FINANCING LIMITED,M/S MAPLE LEAF FINANCING LIMITED
VT-SUM,8006EC,SpiceJet,Spice Jet Ltd.,scheduled,S-16,2028-05-16,Q400,DH8D,De Havilland Canada,Dash 8 Q400,FW,78,78,passenger,sch-oper.pdf,2026-08-31,2013-05-02,2012-06-30,,,M/S MAPLE LEAF FINANCING LIMITED,M/S MAPLE LEAF FINANCING LIMITED
VT-SUO,8006ED,SpiceJet,Spice Jet Ltd.,scheduled,S-16,2028-05-16,Q400,DH8D,De Havilland Canada,Dash 8 Q400,FW,78,78,passenger,sch-oper.pdf,2026-08-31,2013-05-02,2012-06-30,,,M/S MAPLE LEAF FINANCING LIMITED,M/S MAPLE LEAF FINANCING LIMITED
VT-SUP,800712,SpiceJet,Spice Jet Ltd.,scheduled,S-16,2028-05-16,Q400,DH8D,De Havilland Canada,Dash 8 Q400,FW,78,78,passenger,sch-oper.pdf,2026-08-31,2013-05-02,2013-12-13,,,,
VT-SUQ,800BB1,SpiceJet,Spice Jet Ltd.,scheduled,S-16,2028-05-16,Q400,DH8D,De Havilland Canada,Dash 8 Q400,FW,78,78,passenger,sch-oper.pdf,2026-08-31,2017-03-07,2018-07-31,4406,2012,NAC AVIATION 7 LIMITED,NAC AVIATION 7 LIMITED
VT-SUR,8001E0,SpiceJet,Spice Jet Ltd.,scheduled,S-16,2028-05-16,Q400,DH8D,De Havilland Canada,Dash 8 Q400,FW,78,78,passenger,sch-oper.pdf,2026-08-31,2017-03-07,2016-11-21,4342,2010,M/S NAC AVIATION 23 LIMITED,M/S NAC AVIATION 23 LIMITED
VT-SUS,8000C1,SpiceJet,Spice Jet Ltd.,scheduled,S-16,2028-05-16,Q400,DH8D,De Havilland Canada,Dash 8 Q400,FW,78,78,passenger,sch-oper.pdf,2026-08-31,2017-03-07,2016-10-27,4346,2011,M/S NAC AVIATION 23 LIMITED,M/S NAC AVIATION 23 LIMITED
VT-SUV,800C25,SpiceJet,Spice Jet Ltd.,scheduled,S-16,2028-05-16,Q400,DH8D,De Havilland Canada,Dash 8 Q400,FW,78,78,passenger,sch-oper.pdf,2026-08-31,2017-07-20,2017-05-22,4340,2010,NAC AVIATION 23 LIMITED,NAC AVIATION 23 LIMITED
VT-SUY,800C67,SpiceJet,Spice Jet Ltd.,scheduled,S-16,2028-05-16,Q400,DH8D,De Havilland Canada,Dash 8 Q400,FW,78,78,passenger,sch-oper.pdf,2026-08-31,2018-02-01,2017-11-27,4339,2010,NAC AVIATION 23 LIMITED,NAC AVIATION 23 LIMITED
VT-SXA,800DA3,SpiceJet,Spice Jet Ltd.,scheduled,S-16,2028-05-16,B737-800,B738,Boeing,Boeing 737-800,FW,189,189,passenger,sch-oper.pdf,2026-08-31,2019-07-15,2019-06-07,34804,2007,"Sasof Iii (A19) Aviation Ireland Dac Dublin 4, Ireland",Same As Owner
VT-SXE,800DA9,SpiceJet,Spice Jet Ltd.,scheduled,S-16,2028-05-16,B737-800,B738,Boeing,Boeing 737-800,FW,189,189,passenger,sch-oper.pdf,2026-08-31,2019-07-15,2019-07-02,34802,2007,"Alterna Aircraft V B Limited Dublin 2, Ireland",Same As Owner
VT-SYI,800D79,SpiceJet,Spice Jet Ltd.,scheduled,S-16,2028-05-16,B737-800,B738,Boeing,Boeing 737-800,FW,189,189,passenger,sch-oper.pdf,2026-08-31,2019-07-15,2019-05-02,33555,2004,"As Air Lease 41 (Ireland) Limited Dublin 2, Ireland",Same As Owner
VT-SYJ,800D7A,SpiceJet,Spice Jet Ltd.,scheduled,S-16,2028-05-16,B737-800,B738,Boeing,Boeing 737-800,FW,189,189,passenger,sch-oper.pdf,2026-08-31,2019-07-15,2019-05-02,33556,2003,"As Air Lease 41 (Ireland) Limited Dublin 2, Ireland",Same As Owner
VT-SYT,800D90,SpiceJet,Spice Jet Ltd.,scheduled,S-16,2028-05-16,B737-700,B737,Boeing,Boeing 737-700,FW,149,149,passenger,sch-oper.pdf,2026-08-31,2019-07-15,,,,,
VT-SYU,800D91,SpiceJet,Spice Jet Ltd.,scheduled,S-16,2028-05-16,B737-700,B737,Boeing,Boeing 737-700,FW,149,149,passenger,sch-oper.pdf,2026-08-31,2019-07-15,2019-05-24,34806,2007,"Echelon Ireland Madison One Limited Dublin 2, Ireland",Same As Owner
VT-SYZ,800DA2,SpiceJet,Spice Jet Ltd.,scheduled,S-16,2028-05-16,B737-800,B738,Boeing,Boeing 737-800,FW,189,189,passenger,sch-oper.pdf,2026-08-31,2019-09-30,2019-08-13,34803,2007,"Sasof III (A19) Aviation Ireland Dac Dublin 4, Ireland",Same As Owner
VT-SZL,800AF7,SpiceJet,Spice Jet Ltd.,scheduled,S-16,2028-05-16,B737-900,B737,Boeing,Boeing 737,FW,212,212,passenger,sch-oper.pdf,2026-08-31,2016-02-10,,,,,
VT-TAA,,Pinnacle Air,Pinnacle Air Pvt. Ltd.,non-scheduled,#25/2008,2028-10-02,P68 Obeserver-2,P68,Vulcanair / Partenavia,Partenavia P.68,FW,4,4,passenger,ns-oper.pdf,2026-08-31,2006-08-04,2013-10-04,NC 398 07,1994,M/S MIDEAST INTEGRATED STEELS LTD,-
VT-TAT,8013C5,Tara Aviation Services,Tara Aviation Services Pvt. Ltd.,non-scheduled,#03/2026,2031-02-11,FALCON 2000,F2TH,Dassault,Dassault Falcon 2000,FW,8,8,passenger,ns-oper.pdf,2026-08-31,2006-01-20,2018-05-07,65,1998,GLOBAL COAL AND MINING PRIVATE LIMITED,GLOBAL COAL AND MINING PRIVATE LIMITED
VT-TAZ,8017ED,Zest Aviation,Zest Aviation Pvt. Ltd.,non-scheduled,#07/2012,2028-06-27,Cessna Citation 560XL,C56X,Cessna,Cessna Citation XLS,FW,8,8,passenger,ns-oper.pdf,2026-08-31,2025-09-30,2025-07-09,560-6376,2025,ZEST AVIATION PRIVATE LIMITED,-
VT-TBC,,Trans Bharat Aviation,Trans Bharat Aviation Pvt. Ltd.,non-scheduled,#01/1991,2029-02-27,BELL 407,B407,Bell,Bell 407,RW,6,6/Aerial Work,aerial-work,ns-oper.pdf,2026-08-31,2006-01-20,2012-03-15,,,,
VT-TBF,,Trans Bharat Aviation,Trans Bharat Aviation Pvt. Ltd.,non-scheduled,#01/1991,2029-02-27,BELL 407,B407,Bell,Bell 407,RW,6,6,passenger,ns-oper.pdf,2026-08-31,2009-01-20,2012-03-15,,,,
VT-TBT,800140,RPS Aviation,RPS Aviation Pvt. Ltd.,non-scheduled,#02/2022,2027-04-10,FALCON 2000,F2TH,Dassault,Dassault Falcon 2000,FW,8,8,passenger,ns-oper.pdf,2026-08-31,2006-01-20,2012-12-26,,,,
VT-TDT,8004AF,Taj Air,Taj Air Ltd.,non-scheduled,#09/1993,2028-11-14,FALCON 2000 LX,F2TH,Dassault,Dassault Falcon 2000,FW,9,9,passenger,ns-oper.pdf,2026-08-31,2009-04-30,,,,,
VT-TEN,801504,Arrow Aircrafts Sales & Charters,Arrow Aircrafts Sales & Charters Pvt. Ltd.,non-scheduled,#4/2014,2028-03-10,Embraer EMB135BJ (Legacy 650),E35L,Embraer,Embraer Legacy 600/650,FW,10,10,passenger,ns-oper.pdf,2026-08-31,2025-09-30,2022-08-29,14501179,2013,APCO INFRATECH PRIVATE LIMITED,
VT-TGG,800DB4,Air India Express,Air India Express Ltd.,scheduled,S-14,2028-04-21,B737-800,B738,Boeing,Boeing 737-800,FW,186,186,passenger,sch-oper.pdf,2026-08-31,2019-09-30,,,,,
VT-TGH,800DB5,Air India Express,Air India Express Ltd.,scheduled,S-14,2028-04-21,B737-800,B738,Boeing,Boeing 737-800,FW,186,186,passenger,sch-oper.pdf,2026-08-31,2019-09-30,,,,,
VT-TIS,,Jhankar Aviation,Jhankar Aviation Pvt. Ltd.,non-scheduled,#13/2022,2027-11-10,King Air C90A,BE9L,Beechcraft,Beechcraft King Air C90,FW,6,6,passenger,ns-oper.pdf,2026-08-31,2016-02-10,,,,,
VT-TKG,80185A,Tara Aviation Services,Tara Aviation Services Pvt. Ltd.,non-scheduled,#03/2026,2031-02-11,PC-12/47E,PC12,Pilatus,Pilatus PC-12,FW,8,8,passenger,ns-oper.pdf,2026-08-31,2026-08-31,2025-12-19,1924,2019,M/s Cloudcruze Aviation Leasing Services IFSC Private Limited,M/s Cloudcruze Aviation Leasing Services IFSC Private Limited
VT-TLC,,Wings Aviation,Wings Aviation Pvt. Ltd.,non-scheduled,#05/2026,2031-03-23,P68C,P68,Vulcanair / Partenavia,Partenavia P.68,FW,5,5,passenger,ns-oper.pdf,2026-08-31,2006-01-20,,,,,
VT-TNB,800C0B,Air India,Air India Ltd.,scheduled,S-9,2028-06-30,A320-251N,A20N,Airbus,Airbus A320neo,FW,162,162,passenger,sch-oper.pdf,2026-08-31,2017-07-20,2017-05-25,7606,2017,ARCU AIRCRAFT LEASING LIMITED,WILMINGTON TRUST SP SERVICES (DUBLIN) LIMITED
VT-TNC,800C0C,Air India,Air India Ltd.,scheduled,S-9,2028-06-30,A320-251N,A20N,Airbus,Airbus A320neo,FW,162,162,passenger,sch-oper.pdf,2026-08-31,2017-09-26,2017-07-21,7682,2017,ARCU AIRCRAFT LEASING LIMITED,WILMINGTON TRUST SP SERVICES (DUBLIN) LIMITED
VT-TNE,800C3C,Air India,Air India Ltd.,scheduled,S-9,2028-06-30,A320-251N,A20N,Airbus,Airbus A320neo,FW,162,162,passenger,sch-oper.pdf,2026-08-31,2017-09-26,2017-09-01,7733,2017,ARCU AIRCRAFT LEASING LIMITED,WILMINGTON TRUST SP SERVICES (DUBLIN) LIMITED
VT-TNF,800C64,Air India,Air India Ltd.,scheduled,S-9,2028-06-30,A320-251N,A20N,Airbus,Airbus A320neo,FW,162,162,passenger,sch-oper.pdf,2026-08-31,2018-02-01,2017-12-07,7822,2017,WILMINGTON TRUST SP SERVICES DUBLIN LIMITED,WILMINGTON TRUST SP SERVICES DUBLIN LIMITED
VT-TNH,800C8E,Air India,Air India Ltd.,scheduled,S-9,2028-06-30,A320-251N,A20N,Airbus,Airbus A320neo,FW,162,162,passenger,sch-oper.pdf,2026-08-31,2018-05-01,2018-02-26,7980,2018,ARCU AIRCRAFT LEASING LIMITED,WILMINGTON TRUST SP SERVICES (DUBLIN) LIMITED
VT-TNI,800C8F,Air India,Air India Ltd.,scheduled,S-9,2028-06-30,A320-251N,A20N,Airbus,Airbus A320neo,FW,162,162,passenger,sch-oper.pdf,2026-08-31,2018-05-01,2018-03-05,8099,2018,WILMINGTON TRUST SP SERVICES DUBLIN LIMITED,WILMINGTON TRUST SP SERVICES DUBLIN LIMITED
VT-TNJ,800CB9,Air India,Air India Ltd.,scheduled,S-9,2028-06-30,A320-251N,A20N,Airbus,Airbus A320neo,FW,162,162,passenger,sch-oper.pdf,2026-08-31,2018-05-01,2018-04-04,8138,2018,WILMINGTON TRUST SP SERVICES DUBLIN LIMITED,WILMINGTON TRUST SP SERVICES DUBLIN LIMITED
VT-TNK,800CBA,Air India,Air India Ltd.,scheduled,S-9,2028-06-30,A320-251N,A20N,Airbus,Airbus A320neo,FW,162,162,passenger,sch-oper.pdf,2026-08-31,2018-10-31,2018-06-14,8294,2018,WILMINGTON TRUST SP SERVICES DUBLIN LIMITED,WILMINGTON TRUST SP SERVICES DUBLIN LIMITED
VT-TNL,800DAF,Air India,Air India Ltd.,scheduled,S-9,2028-06-30,A320-251N,A20N,Airbus,Airbus A320neo,FW,162,162,passenger,sch-oper.pdf,2026-08-31,2023-01-31,2019-11-07,9153,2019,WILMINGTON TRUST SP,SAME AS OWNER
VT-TNM,800DB0,Air India,Air India Ltd.,scheduled,S-9,2028-06-30,A320-251N,A20N,Airbus,Airbus A320neo,FW,162,162,passenger,sch-oper.pdf,2026-08-31,2023-01-31,2019-11-29,9170,2019,"WILMINGTON TRUST SP SERVICES (DUBLIN) LIMITED FOURTH FLOOR, 3 GEORGE'S DOCK, IFSC, DUBLIN 1, IRELAND",SAME AS OWNER
VT-TNN,800DA0,Air India Express,Air India Express Ltd.,scheduled,S-14,2028-04-21,A320-251N,A20N,Airbus,Airbus A320neo,FW,186,186,passenger,sch-oper.pdf,2026-08-31,2019-07-15,2019-06-07,7560,2017,"Alc Blarney Aircraft Limited Dublin 2, Ireland",Same As Owner
VT-TNP,801396,Air India,Air India Ltd.,scheduled,S-9,2028-06-30,A320-251N,A20N,Airbus,Airbus A320neo,FW,162,162,passenger,sch-oper.pdf,2026-08-31,2023-01-31,2019-10-24,9203,2019,"WILMINGTON TRUST SP SERVICES (DUBLIN) LIMITED FOURTH FLOOR, 3 GEORGE'S DOCK, IFSC, DUBLIN 1, IRELAND",SAME AS OWNER
VT-TNQ,80139B,Air India,Air India Ltd.,scheduled,S-9,2028-06-30,A320-251N,A20N,Airbus,Airbus A320neo,FW,162,162,passenger,sch-oper.pdf,2026-08-31,2023-01-31,2019-10-23,9277,2019,"WILMINGTON TRUST SP SERVICES (DUBLIN) LIMITED FOURTH FLOOR, 3 GEORGE'S DOCK, IFSC, DUBLIN 1, IRELAND",SAME AS OWNER
VT-TNR,80139E,Air India,Air India Ltd.,scheduled,S-9,2028-06-30,A320-251N,A20N,Airbus,Airbus A320neo,FW,162,162,passenger,sch-oper.pdf,2026-08-31,2023-01-31,2019-10-28,9296,2019,"WILMINGTON TRUST SP SERVICES (DUBLIN) LIMITED FOURTH FLOOR, 3 GEORGE'S DOCK, IFSC, DUBLIN 1, IRELAND",SAME AS OWNER
VT-TNS,8013B1,Air India,Air India Ltd.,scheduled,S-9,2028-06-30,A320-251N,A20N,Airbus,Airbus A320neo,FW,162,162,passenger,sch-oper.pdf,2026-08-31,2023-01-31,2019-12-23,9363,2019,"CELESTIAL AVIATION TRADING 62 LIMITED AVIATION HOUSE, SHANNON, COUNTY CLARE, IRELAND. V14AN29",SAME AS OWNER
VT-TNU,8013A3,Air India,Air India Ltd.,scheduled,S-9,2028-06-30,A320-251N,A20N,Airbus,Airbus A320neo,FW,162,162,passenger,sch-oper.pdf,2026-08-31,2023-01-31,2019-11-28,9367,2019,"CELESTIAL AVIATION TRADING 62 LIMITED AVIATION HOUSE, SHANNON, COUNTY CLARE, IRELAND. V14AN29",SAME AS OWNER
VT-TNV,8013A4,Air India,Air India Ltd.,scheduled,S-9,2028-06-30,A320-251N,A20N,Airbus,Airbus A320neo,FW,162,162,passenger,sch-oper.pdf,2026-08-31,2023-01-31,2019-12-05,9381,2019,"CELESTIAL AVIATION TRADING 62 LIMITED AVIATION HOUSE, SHANNON, COUNTY CLARE, IRELAND. V14AN29",SAME AS OWNER
VT-TNW,8013B2,Air India,Air India Ltd.,scheduled,S-9,2028-06-30,A320-251N,A20N,Airbus,Airbus A320neo,FW,162,162,passenger,sch-oper.pdf,2026-08-31,2023-01-31,2019-12-18,9421,2019,"CELESTIAL TRADING 62 LIMITED AVIATION HOUSE, SHANNON, COUNTY CLARE, IRELAND. V14AN29",SAME AS OWNER
VT-TNX,8013EA,Air India,Air India Ltd.,scheduled,S-9,2028-06-30,A320-251N,A20N,Airbus,Airbus A320neo,FW,162,162,passenger,sch-oper.pdf,2026-08-31,2023-01-31,2020-07-13,9572,2020,WILMINGTON TRUST SP SERVICES DUBLIN LIMITED,WILMINGTON TRUST SP SERVICES DUBLIN LIMITE
VT-TNY,8013CC,Air India,Air India Ltd.,scheduled,S-9,2028-06-30,A320-251N,A20N,Airbus,Airbus A320neo,FW,162,162,passenger,sch-oper.pdf,2026-08-31,2023-01-31,,,,,
VT-TNZ,8013FE,Air India,Air India Ltd.,scheduled,S-9,2028-06-30,A320-251N,A20N,Airbus,Airbus A320neo,FW,162,162,passenger,sch-oper.pdf,2026-08-31,2023-01-31,2020-10-06,10075,2020,CELESTIAL AVIATION TRADING 69 LIMITED,CELESTIAL AVIATION TRADING 69 LIMITED
VT-TOP,801692,Arrow Aircrafts Sales & Charters,Arrow Aircrafts Sales & Charters Pvt. Ltd.,non-scheduled,#4/2014,2028-03-10,AW169,A169,Leonardo,Leonardo AW169,RW,6,6,passenger,ns-oper.pdf,2026-08-31,2025-09-30,2024-04-19,69057,2018,APCO INFRATECH PRIVATE LIMITED,SAME AS OWNER
VT-TQA,801408,Air India,Air India Ltd.,scheduled,S-9,2028-06-30,A320-251N,A20N,Airbus,Airbus A320neo,FW,162,162,passenger,sch-oper.pdf,2026-08-31,2023-01-31,2020-12-01,10237,2020,WILMINGTON TRUST SP SERVICES DUBLIN LIMITED,WILMINGTON TRUST SP SERVICES DUBLIN LIMITED
VT-TQB,801409,Air India,Air India Ltd.,scheduled,S-9,2028-06-30,A320-251N,A20N,Airbus,Airbus A320neo,FW,162,162,passenger,sch-oper.pdf,2026-08-31,2023-01-31,2020-12-01,10261,2020,CELESTIAL AVIATION TRADING 69 LIMITED,CELESTIAL AVIATION TRADING 69 LIMITED
VT-TQC,80141E,Air India,Air India Ltd.,scheduled,S-9,2028-06-30,A320-251N,A20N,Airbus,Airbus A320neo,FW,162,162,passenger,sch-oper.pdf,2026-08-31,2023-01-31,2021-03-01,10274,2021,WILMINGTON TRUST SP SERVICES (DUBLIN) LIMITED,WILMINGTON TRUST SP SERVICES (DUBLIN) LIMITED
VT-TQD,80141D,Air India,Air India Ltd.,scheduled,S-9,2028-06-30,A320-251N,A20N,Airbus,Airbus A320neo,FW,162,162,passenger,sch-oper.pdf,2026-08-31,2023-01-31,2021-03-19,10355,2021,CELESTIAL AVIATION TRADING 62 LIMITED,CELESTIAL AVIATION TRADING 62 LIMITED
VT-TQE,801439,Air India,Air India Ltd.,scheduled,S-9,2028-06-30,A320-251N,A20N,Airbus,Airbus A320neo,FW,162,162,passenger,sch-oper.pdf,2026-08-31,2023-01-31,2021-05-27,10464,2021,AIRAVAT LEASING LIMITED,AIRAVAT LEASING LIMITED
VT-TQF,801424,Air India,Air India Ltd.,scheduled,S-9,2028-06-30,A320-251N,A20N,Airbus,Airbus A320neo,FW,162,162,passenger,sch-oper.pdf,2026-08-31,2023-01-31,2021-03-25,10536,2021,ALC Blarney Aircraft Limited,ALC Blarney Aircraft Limited
VT-TQG,801495,Air India,Air India Ltd.,scheduled,S-9,2028-06-30,A320-251N,A20N,Airbus,Airbus A320neo,FW,162,162,passenger,sch-oper.pdf,2026-08-31,2023-01-31,,,,,
VT-TQH,80145A,Air India,Air India Ltd.,scheduled,S-9,2028-06-30,A320-251N,A20N,Airbus,Airbus A320neo,FW,162,162,passenger,sch-oper.pdf,2026-08-31,2023-01-31,,,,,
VT-TQI,8014DA,Air India,Air India Ltd.,scheduled,S-9,2028-06-30,A320-251N,A20N,Airbus,Airbus A320neo,FW,162,162,passenger,sch-oper.pdf,2026-08-31,2023-01-31,2022-06-02,10555,2022,ALC BLARNEY AIRCRAFT LIMITED,ALC BLARNEY AIRCRAFT LIMITED
VT-TQJ,8014DB,Air India,Air India Ltd.,scheduled,S-9,2028-06-30,A320-251N,A20N,Airbus,Airbus A320neo,FW,162,162,passenger,sch-oper.pdf,2026-08-31,2023-01-31,2022-05-26,10732,2022,ALC BLARNEY AIRCRAFT LIMITED,ALC BLARNEY AIRCRAFT LIMITED
VT-TQK,8014D0,Air India,Air India Ltd.,scheduled,S-9,2028-06-30,A320-251N,A20N,Airbus,Airbus A320neo,FW,162,162,passenger,sch-oper.pdf,2026-08-31,2023-01-31,2022-04-22,10717,2022,IRAVATI AVIATION LIMITED,IRAVATI AVIATION LIMITED
VT-TQL,8014C4,Air India,Air India Ltd.,scheduled,S-9,2028-06-30,A320-251N,A20N,Airbus,Airbus A320neo,FW,162,162,passenger,sch-oper.pdf,2026-08-31,2023-01-31,2022-03-25,10748,2022,ALC BLARNEY AIRCRAFT LIMITED,ALC BLARNEY AIRCRAFT LIMITED
VT-TQM,8014ED,Air India,Air India Ltd.,scheduled,S-9,2028-06-30,A320-251N,A20N,Airbus,Airbus A320neo,FW,162,162,passenger,sch-oper.pdf,2026-08-31,2023-01-31,2022-09-08,10982,2022,GRIFFIN AIRCRAFT LEASING LIMITED,GRIFFIN AIRCRAFT LEASING LIMITED
VT-TQN,801534,Air India,Air India Ltd.,scheduled,S-9,2028-06-30,A320-251N,A20N,Airbus,Airbus A320neo,FW,162,162,passenger,sch-oper.pdf,2026-08-31,2023-01-31,2022-11-07,11097,2022,WILMINGTON TRUST SP SERVICES (DUBLIN) LIMITED,WILMINGTON TRUST SP SERVICES (DUBLIN) LIMITED
VT-TQO,801553,Air India,Air India Ltd.,scheduled,S-9,2028-06-30,A320-251N,A20N,Airbus,Airbus A320neo,FW,162,162,passenger,sch-oper.pdf,2026-08-31,2023-01-31,2023-02-01,11033,2022,SHEDU AIRCRAFT LEASING LIMITED,SHEDU AIRCRAFT LEASING LIMITED
VT-TQP,80159C,Air India,Air India Ltd.,scheduled,S-9,2028-06-30,A320-251N,A20N,Airbus,Airbus A320neo,FW,162,162,passenger,sch-oper.pdf,2026-08-31,2023-06-15,2023-03-29,11378,2023,GRIFFIN AIRCRAFT LEASING LIMITED,GRIFFIN AIRCRAFT LEASING LIMITED
VT-TQQ,80159D,Air India,Air India Ltd.,scheduled,S-9,2028-06-30,A320-251N,A20N,Airbus,Airbus A320neo,FW,162,162,passenger,sch-oper.pdf,2026-08-31,2023-06-15,2023-04-21,11438,2023,SHEDU AIRCRAFT LEASING LIMITED,SHEDU AIRCRAFT LEASING LIMITED
VT-TQR,801602,Air India,Air India Ltd.,scheduled,S-9,2028-06-30,A320-251N,A20N,Airbus,Airbus A320neo,FW,162,162,passenger,sch-oper.pdf,2026-08-31,2024-06-10,2023-09-20,11633,2023,Valiant Aircraft Leasing Limited,Valiant Aircraft Leasing Limited
VT-TQS,801603,Air India,Air India Ltd.,scheduled,S-9,2028-06-30,A320-251N,A20N,Airbus,Airbus A320neo,FW,162,162,passenger,sch-oper.pdf,2026-08-31,2024-06-10,2023-09-29,11667,2023,Valiant Aircraft Leasing Limited,Valiant Aircraft Leasing Limited
VT-TQT,80162E,Air India,Air India Ltd.,scheduled,S-9,2028-06-30,A320-251N,A20N,Airbus,Airbus A320neo,FW,162,162,passenger,sch-oper.pdf,2026-08-31,2024-06-10,2023-07-12,11811,2023,Avolon Leasing Ireland 3 Limited,Avolon Leasing Ireland 3 Limited
VT-TQU,80162F,Air India,Air India Ltd.,scheduled,S-9,2028-06-30,A320-251N,A20N,Airbus,Airbus A320neo,FW,162,162,passenger,sch-oper.pdf,2026-08-31,2024-06-10,2023-12-12,11770,2023,Avolon Leasing Ireland 3 Limited,Avolon Leasing Ireland 3 Limited
VT-TQV,,Air India,Air India Ltd.,scheduled,S-9,2028-06-30,A320-251N,A20N,Airbus,Airbus A320neo,FW,162,162,passenger,sch-oper.pdf,2026-08-31,2024-06-10,2023-12-27,11854,2023,Avolon Leasing Ireland 3 Limited,Avolon Leasing Ireland 3 Limited
VT-TQW,801672,Air India,Air India Ltd.,scheduled,S-9,2028-06-30,A320-251N,A20N,Airbus,Airbus A320neo,FW,162,162,passenger,sch-oper.pdf,2026-08-31,2024-06-10,2024-03-20,11979,2024,VIVACIOUS AIRCRAFT LEASING LEASING LIMITED,AI FLEET SERVICES LIMITED
VT-TQX,80167B,Air India,Air India Ltd.,scheduled,S-9,2028-06-30,A320-251N,A20N,Airbus,Airbus A320neo,FW,162,162,passenger,sch-oper.pdf,2026-08-31,2024-06-10,2024-03-13,12018,2024,VIVACIOUS AIRCRAFT LEASING LEASING LIMITED,AI FLEET SERVICES LIMITED
VT-TRI,8007F5,VSR Ventures,VSR Ventures Pvt. Ltd.,non-scheduled,#07/2014,2028-04-20,LEARJET-45 XR,LJ45,Bombardier,Learjet 40/45,FW,9,9,passenger,ns-oper.pdf,2026-08-31,2019-09-30,,,,,
VT-TSD,8013C2,Air India,Air India Ltd.,scheduled,S-9,2028-06-30,B787-9,B789,Boeing,Boeing 787-9,FW,299,299,passenger,sch-oper.pdf,2026-08-31,2023-01-31,2020-02-27,66526,2020,"GYRFALCON TRADING (IRELAND) LIMITED DUBLIN2, IRELAND",SAME AS OWNER
VT-TSE,8013C3,Air India,Air India Ltd.,scheduled,S-9,2028-06-30,B787-9,B789,Boeing,Boeing 787-9,FW,299,299,passenger,sch-oper.pdf,2026-08-31,2023-01-31,2020-08-14,66527,2020,GYRFALCON TRADING IRELAND LIMITED,GYRFALCON TRADING IRELAND LIMITED
VT-TSG,800CC6,Deccan Charters,Deccan Charters Pvt. Ltd.,non-scheduled,#26/2008,2028-10-06,Hawker 900XP,H25B,Hawker Beechcraft,Hawker 800/850/900,FW,9,9,passenger,ns-oper.pdf,2026-08-31,2025-09-30,,,,,
VT-TSH,801406,Air India,Air India Ltd.,scheduled,S-9,2028-06-30,B787-9,B789,Boeing,Boeing 787-9,FW,299,299,passenger,sch-oper.pdf,2026-08-31,2024-06-10,2023-11-28,66528,2023,Valorous Aircraft Leasing Limited,Valorous Aircraft Leasing Limited
VT-TSN,80166C,Air India,Air India Ltd.,scheduled,S-9,2028-06-30,B787-9,B789,Boeing,Boeing 787-9,FW,299,299,passenger,sch-oper.pdf,2026-08-31,2024-06-10,2024-03-27,66529,2024,VALIANT AIRCRAFT LEASING LIMITED,SAME AS OWNER
VT-TSO,8015CD,Air India,Air India Ltd.,scheduled,S-9,2028-06-30,B787-9,B789,Boeing,Boeing 787-9,FW,299,299,passenger,sch-oper.pdf,2026-08-31,2024-06-10,2023-08-31,66530,2023,Airavat Leasing Limited,Airavat Leasing Limited
VT-TSP,80158C,Air India,Air India Ltd.,scheduled,S-9,2028-06-30,B787-9,B789,Boeing,Boeing 787-9,FW,299,299,passenger,sch-oper.pdf,2026-08-31,2023-06-15,2023-03-27,66531,2023,Resolute Aircraft Leasing Limited,Resolute Aircraft Leasing Limited
VT-TUS,801628,Zest Aviation,Zest Aviation Pvt. Ltd.,non-scheduled,#07/2012,2028-06-27,GLOBAL EXPRESS XRS,GLEX,Bombardier,Bombardier Global Express,FW,13,13,passenger,ns-oper.pdf,2026-08-31,2025-09-30,2023-12-27,9309,2008,ZEST AVIATION PVT LTD,
VT-TVA,8013D6,Air India,Air India Ltd.,scheduled,S-9,2028-06-30,A321-251NX,A21N,Airbus,Airbus A321neo,FW,192,192,passenger,sch-oper.pdf,2026-08-31,2023-01-31,2020-07-23,9297,2020,ALC BLARNEY AIRCRAFT LIMITED,ALC BLARNEY AIRCRAFT LIMITED
VT-TVB,8013ED,Air India,Air India Ltd.,scheduled,S-9,2028-06-30,A321-251NX,A21N,Airbus,Airbus A321neo,FW,192,192,passenger,sch-oper.pdf,2026-08-31,2023-01-31,,,,,
VT-TVC,80143A,Air India,Air India Ltd.,scheduled,S-9,2028-06-30,A321-251NX,A21N,Airbus,Airbus A321neo,FW,192,192,passenger,sch-oper.pdf,2026-08-31,2023-01-31,2021-06-07,10395,2021,ALC BLARNEY AIRCRAFT LIMITED,ALC BLARNEY AIRCRAFT LIMITED
VT-TVD,801464,Air India,Air India Ltd.,scheduled,S-9,2028-06-30,A321-251NX,A21N,Airbus,Airbus A321neo,FW,192,192,passenger,sch-oper.pdf,2026-08-31,2023-01-31,,,,,
VT-TVE,8014DD,Air India,Air India Ltd.,scheduled,S-9,2028-06-30,A321-251NX,A21N,Airbus,Airbus A321neo,FW,192,192,passenger,sch-oper.pdf,2026-08-31,2023-01-31,2022-05-31,10660,2022,COMPANY ALC BLARNEY AIRCRAFT LIMITED,ALC BLARNEY AIRCRAFT LIMITED
VT-TVF,801552,Air India,Air India Ltd.,scheduled,S-9,2028-06-30,A321-251NX,A21N,Airbus,Airbus A321neo,FW,192,192,passenger,sch-oper.pdf,2026-08-31,2023-06-15,2023-02-28,11095,2023,ALC Blarney Aircraft Limited,ALC Blarney Aircraft Limited
VT-TVG,80155F,Air India,Air India Ltd.,scheduled,S-9,2028-06-30,A321-251NX,A21N,Airbus,Airbus A321neo,FW,192,192,passenger,sch-oper.pdf,2026-08-31,2023-06-15,2023-03-02,11138,2023,ALC BLARNEY AIRCRAFT LIMITED,ALC BLARNEY AIRCRAFT LIMITED
VT-TVH,801597,Air India,Air India Ltd.,scheduled,S-9,2028-06-30,A321-251NX,A21N,Airbus,Airbus A321neo,FW,192,192,passenger,sch-oper.pdf,2026-08-31,2023-06-15,2023-03-20,11297,2023,ALC BLARNEY AIRCRAFT LIMITED,ALC BLARNEY AIRCRAFT LIMITED
VT-TVI,8015C1,Air India,Air India Ltd.,scheduled,S-9,2028-06-30,A321-251NX,A21N,Airbus,Airbus A321neo,FW,192,192,passenger,sch-oper.pdf,2026-08-31,2023-06-15,2023-10-05,11325,2023,ALC BLARNEY AIRCRAFT LIMITED,ALC BLARNEY AIRCRAFT LIMITED
VT-TVJ,8015C5,Air India,Air India Ltd.,scheduled,S-9,2028-06-30,A321-251NX,A21N,Airbus,Airbus A321neo,FW,192,192,passenger,sch-oper.pdf,2026-08-31,2023-06-15,2023-05-23,11323,2023,ALC CLOVER IRELAND LIMITED,ALC CLOVER IRELAND LIMITED
VT-TVM,800634,Rithwik Green Power and Aviation,Rithwik Green Power and Aviation Pvt. Ltd.,non-scheduled,#12/2022,2027-10-25,CITATION 525A CJ2+,C25B,Cessna,Cessna Citation CJ series,FW,7,7,passenger,ns-oper.pdf,2026-08-31,2026-08-31,,,,,
VT-TWJ,8018B8,Transworld Jets,Transworld Jets Pvt Ltd,non-scheduled,#07/2024,2029-07-11,FALCON 2000 EX EASY,F2TH,Dassault,Dassault Falcon 2000,FW,9,9,passenger,ns-oper.pdf,2026-08-31,2026-05-31,,,,,
VT-TWO,80057E,Universal Airways,Universal Airways Pvt. Ltd.,non-scheduled,#04/2006,2028-07-31,AW139,A139,Leonardo,Leonardo AW139,RW,8,8,passenger,ns-oper.pdf,2026-08-31,2010-06-30,2015-10-27,31149,2008,M/S DLF LIMITED,-
VT-TYA,801420,Air India,Air India Ltd.,scheduled,S-9,2028-06-30,A320-251N,A20N,Airbus,Airbus A320neo,FW,162,162,passenger,sch-oper.pdf,2026-08-31,2023-01-31,2021-03-03,10277,2021,WILMINGTON TRUST SP SERVICES (DUBLIN) LIMITED,WILMINGTON TRUST SP SERVICES (DUBLIN) LIMITED
VT-TYB,801441,Air India,Air India Ltd.,scheduled,S-9,2028-06-30,A320-251N,A20N,Airbus,Airbus A320neo,FW,162,162,passenger,sch-oper.pdf,2026-08-31,2023-01-31,2021-06-30,10433,2021,WILMINGTON TRUST SP SERVICES (DUBLIN) LIMITED,WILMINGTON TRUST SP SERVICES (DUBLIN) LIMITED
VT-TYC,801493,Air India,Air India Ltd.,scheduled,S-9,2028-06-30,A320-251N,A20N,Airbus,Airbus A320neo,FW,162,162,passenger,sch-oper.pdf,2026-08-31,2023-01-31,,,,,
VT-TYD,8014AE,Air India,Air India Ltd.,scheduled,S-9,2028-06-30,A320-251N,A20N,Airbus,Airbus A320neo,FW,162,162,passenger,sch-oper.pdf,2026-08-31,2023-01-31,,,,,
VT-TYE,8014F3,Air India,Air India Ltd.,scheduled,S-9,2028-06-30,A320-251N,A20N,Airbus,Airbus A320neo,FW,162,162,passenger,sch-oper.pdf,2026-08-31,2023-01-31,2022-08-25,11006,2022,WILMINGTON TRUST SP SERVICES (DUBLIN) LIMITED,WILMINGTON TRUST SP SERVICES (DUBLIN) LIMITED
VT-TYF,80158B,Air India Express,Air India Express Ltd.,scheduled,S-14,2028-04-21,A320-251N,A20N,Airbus,Airbus A320neo,FW,186,186,passenger,sch-oper.pdf,2026-08-31,2023-06-15,2023-02-03,11223,2023,Wilmington Trust SP Services (Dublin) Limited,Wilmington Trust SP Services (Dublin) Limited
VT-TYG,801584,Air India,Air India Ltd.,scheduled,S-9,2028-06-30,A320-251N,A20N,Airbus,Airbus A320neo,FW,162,162,passenger,sch-oper.pdf,2026-08-31,2023-06-15,2023-02-17,11315,2023,WILMINGTON TRUST SP SERVICES (DUBLIN) LIMITED,WILMINGTON TRUST SP SERVICES (DUBLIN) LIMITED
VT-UDA,8014E9,Alliance Air,Alliance Air Aviation Ltd.,scheduled,S-8,2028-04-30,ATR42-500,AT46,ATR,ATR 42,FW,48,48,passenger,sch-oper.pdf,2026-08-31,2023-01-31,2022-07-29,1608,2022,TRUENOORD ZANSKAR LIMITED,TRUENOORD ZANSKAR LIMITED
VT-UDB,8014EA,Alliance Air,Alliance Air Aviation Ltd.,scheduled,S-8,2028-04-30,ATR42-500,AT46,ATR,ATR 42,FW,48,48,passenger,sch-oper.pdf,2026-08-31,2023-01-31,2022-09-15,1609,2022,TRUENOORD ZANSKAR LIMITED,TRUENOORD ZANSKAR LIMITED
VT-UDY,,Deccan Charters,Deccan Charters Pvt. Ltd.,non-scheduled,#26/2008,2028-10-06,AS 350 B3,AS50,Airbus Helicopters,Airbus H125 (AS350),RW,6,6,passenger,ns-oper.pdf,2026-08-31,2026-05-31,2011-01-11,,,,
VT-UHE,,United Helicharters,United Helicharters Pvt. Ltd.,non-scheduled,#04/2026,2031-02-19,AS350B3,AS50,Airbus Helicopters,Airbus H125 (AS350),RW,6,6,passenger,ns-oper.pdf,2026-08-31,2026-05-31,2025-09-16,4752,2010,M/s United Helicharters Pvt Ltd,-
VT-UPA,80004F,Jhankar Aviation,Jhankar Aviation Pvt. Ltd.,non-scheduled,#13/2022,2027-11-10,BEECHCRAFT 300LW,B350,Beechcraft,Beechcraft King Air 350,FW,9,9,passenger,ns-oper.pdf,2026-08-31,2017-03-07,2018-03-22,FA-230,1993,M/S JYOTI INFRASTRUCTURE PRIVATE LIMITED,-
VT-UYK,800C04,Vimaan Airlines,Vimaan Airlines Pvt. Ltd.,non-scheduled,#03/2025,2030-02-03,Hawker 800XP,H25B,Hawker Beechcraft,Hawker 800/850/900,FW,8,8,passenger,ns-oper.pdf,2026-08-31,2018-02-01,2017-03-01,258479,2000,M/S U. Y. AVIATION PRIVATE LIMITED,-
VT-VAD,,Indocopters,Indocopters Pvt. Ltd.,non-scheduled,#06/2006,2028-08-24,AS 350 B3 ECUREUIL,AS50,Airbus Helicopters,Airbus H125 (AS350),RW,6,6,passenger,ns-oper.pdf,2026-08-31,2006-10-13,2016-12-05,3744,2005,M/S INDOCOPTERS PRIVATE LIMITED,M/S INDOCOPTERS PRIVATE LIMITED
VT-VAK,,Ventura Airconnect,Ventura Airconnect Ltd.,non-scheduled,#08/2011,2028-06-08,CESSNA CARAVAN 208B,C208,Cessna,Cessna 208 Grand Caravan,FW,9,9,passenger,ns-oper.pdf,2026-08-31,2011-11-16,2018-08-06,208B2281,2011,MAHENDRAKUMAR BHIKHALAL DHANDHUKIA,R D SPARKLE PTE LTD
VT-VAM,800676,Ventura Airconnect,Ventura Airconnect Ltd.,non-scheduled,#08/2011,2028-06-08,CESSNA CARAVAN 208B,C208,Cessna,Cessna 208 Grand Caravan,FW,9,9,passenger,ns-oper.pdf,2026-08-31,2011-11-16,2018-09-20,208B2269,2011,MAHENDRAKUMAR BHIKHALAL DHANDHUKIA,PARESHKUMAR JAYSUKHBHAI DOBARIYA
VT-VAP,80061C,Sai Construction,Sai Construction Pvt. Ltd.,non-scheduled,#04/2025,2030-02-18,Hawker800XP,H25B,Hawker Beechcraft,Hawker 800/850/900,FW,8,8,passenger,ns-oper.pdf,2026-08-31,2011-07-15,2018-07-05,258384,1998,B G SHIRKE CONSTRUCTION TECHNOLOGY PBT LTD,-
VT-VBS,,Jhankar Aviation,Jhankar Aviation Pvt. Ltd.,non-scheduled,#13/2022,2027-11-10,King Air C90A,BE9L,Beechcraft,Beechcraft King Air C90,FW,6,6,passenger,ns-oper.pdf,2026-08-31,2011-07-15,2010-11-16,,,,
VT-VEL,801494,Pinnacle Air,Pinnacle Air Pvt. Ltd.,non-scheduled,#25/2008,2028-10-02,G-200,GALX,Gulfstream,Gulfstream G200,FW,9,9,passenger,ns-oper.pdf,2026-08-31,2025-09-30,,,,,
VT-VIK,80177F,Rithwik Green Power and Aviation,Rithwik Green Power and Aviation Pvt. Ltd.,non-scheduled,#12/2022,2027-10-25,EMB-135 (LEGACY 600),E35L,Embraer,Embraer Legacy 600/650,FW,13,13,passenger,ns-oper.pdf,2026-08-31,2025-09-30,2025-04-08,14501004,2007,Rithwik Green Power and Aviation Pvt. Ltd.,-
VT-VIN,8014EC,Rithwik Green Power and Aviation,Rithwik Green Power and Aviation Pvt. Ltd.,non-scheduled,#12/2022,2027-10-25,King Air B200 GT,BE20,Beechcraft,Beechcraft King Air 200,FW,8,8,passenger,ns-oper.pdf,2026-08-31,2025-09-30,2022-08-26,BY354,2019,RITHWIK GREEN POWER AND AVIATION PRIVATE LIMITED,
VT-VKK,801555,IndiaOne Air,India One Air Private Limited,scheduled,SC-09,2027-06-23,Cessna Grand Caravan 208B,C208,Cessna,Cessna 208 Grand Caravan,FW,9,9,passenger,sch-oper.pdf,2026-08-31,2024-06-10,2023-05-23,208B5701,2022,REDOUND AVIATION LTD.,REDOUND AVIATION LTD.
VT-VNS,8013CA,Air India Express,Air India Express Ltd.,scheduled,S-14,2028-04-21,A320-216,A320,Airbus,Airbus A320,FW,180,180,passenger,sch-oper.pdf,2026-08-31,2023-01-31,2020-02-21,6178,2014,"CIT AEROSPACE INTERNATIONAL DUBLIN 4, IRELAND",SAME AS OWNER
VT-VRA,8014FC,VSR Ventures,VSR Ventures Pvt. Ltd.,non-scheduled,#07/2014,2028-04-20,LEARJET-40 XR,LJ45,Bombardier,Learjet 40/45,FW,7,7,passenger,ns-oper.pdf,2026-08-31,2025-09-30,2022-08-04,2016,2004,VSR VENTURES PRIVATE LIMITED,
VT-VRL,800436,NIBE AERONAUTICS,NIBE AERONAUTICS LIMITED,non-scheduled,#06/2025,2029-05-27,BEECHCRAFT PREMIER 1A,PRM1,Hawker Beechcraft,Beechcraft Premier I,FW,6,6,passenger,ns-oper.pdf,2026-08-31,2009-01-20,,,,,
VT-VRR,8014E7,VSR Ventures,VSR Ventures Pvt. Ltd.,non-scheduled,#07/2014,2028-04-20,LEARJET-45XR,LJ45,Bombardier,Learjet 40/45,FW,9,9,passenger,ns-oper.pdf,2026-08-31,2025-09-30,2023-05-31,342,2007,VSR VENTURES PVT LTD,
VT-VRS,800D4E,VSR Ventures,VSR Ventures Pvt. Ltd.,non-scheduled,#07/2014,2028-04-20,LEARJET-40XR,LJ45,Bombardier,Learjet 40/45,FW,7,7,passenger,ns-oper.pdf,2026-08-31,2025-09-30,2021-05-13,2080,2007,VSR VENTURES PRIVATE LIMITED,NA
VT-VRV,8014E3,VSR Ventures,VSR Ventures Pvt. Ltd.,non-scheduled,#07/2014,2028-04-20,LEARJET-45 XR,LJ45,Bombardier,Learjet 40/45,FW,9,9,passenger,ns-oper.pdf,2026-08-31,2025-09-30,2022-06-16,281,2005,VSR VENTURES PRIVATE LIMITED,
VT-VSB,,Kestrel Aviation,Kestrel Aviation Pvt. Ltd.,non-scheduled,#14/2008,2029-05-08,AS350B3E,AS50,Airbus Helicopters,Airbus H125 (AS350),RW,6,6,passenger,ns-oper.pdf,2026-08-31,2026-08-31,2025-12-19,9848,2025,Kestrel Aviation Pvt Ltd,-
VT-VSG,80167A,VSR Ventures,VSR Ventures Pvt. Ltd.,non-scheduled,#07/2014,2028-04-20,EMB 135 (Legacy600),E35L,Embraer,Embraer Legacy 600/650,FW,13,13,passenger,ns-oper.pdf,2026-08-31,2025-09-30,2024-07-26,14501015,2007,VSR VENTURES PVT LTD,SAME AS OWNER
VT-VSK,,Kestrel Aviation,Kestrel Aviation Pvt. Ltd.,non-scheduled,#14/2008,2029-05-08,AS350B3E,AS50,Airbus Helicopters,Airbus H125 (AS350),RW,6,6,passenger,ns-oper.pdf,2026-08-31,2026-08-31,2025-12-18,9844,2025,Kestrel Aviation Pvt. Ltd.,-
VT-VSR,800610,Golden Crane Aviation,Golden Crane Aviation Pvt. Ltd.,non-scheduled,#03/2023,2028-03-08,Agusta A109E,A109,Leonardo,Leonardo AW109,RW,6,6,passenger,ns-oper.pdf,2026-08-31,2011-07-15,2018-07-11,11783,2010,CRESCENT EPC PROJECTS AND TECHNICCAL SERVICES LIMITED,-
VT-VSS,8015FF,VSR Ventures,VSR Ventures Pvt. Ltd.,non-scheduled,#07/2014,2028-04-20,EMB 135 (Legacy600),E35L,Embraer,Embraer Legacy 600/650,FW,13,13,passenger,ns-oper.pdf,2026-08-31,2025-09-30,2023-10-23,14500966,2006,VSR VENTURES PVT LTD,
VT-VSV,80180A,VSR Ventures,VSR Ventures Pvt. Ltd.,non-scheduled,#07/2014,2028-04-20,EMB 135 BJ (Legacy650),E35L,Embraer,Embraer Legacy 600/650,FW,14,14,passenger,ns-oper.pdf,2026-08-31,2026-05-31,2025-12-04,14501134,2010,VSR VENTURES PVT LTD,-
VT-VTZ,800CE4,Air India Express,Air India Express Ltd.,scheduled,S-14,2028-04-21,A320-214,A320,Airbus,Airbus A320,FW,180,180,passenger,sch-oper.pdf,2026-08-31,2018-10-31,,,,,
VT-WCL,8014A8,Property Ventures (India),Property Ventures (India) Pvt. Ltd.,non-scheduled,#04/2022,2027-04-18,AW169,A169,Leonardo,Leonardo AW169,RW,7,7,passenger,ns-oper.pdf,2026-08-31,2025-09-30,2022-03-16,69145,2022,PROPERTY VENTURES (INDIA) PVT LTD,
VT-WOW,,E-Factor Adventure Tourism (P),E-Factor Adventure Tourism (P) Ltd.,non-scheduled,#1/2008,2029-01-01,CAMERON A-105 (HOT AIR BALLOON),BALL,Hot air balloon,Hot air balloon,B,5,5,passenger,ns-oper.pdf,2026-08-31,2011-07-15,2009-10-09,,,,
VT-XIA,8015DE,Aviation Connectivity & Infrastructure Developers,Aviation Connectivity & Infrastructure Developers Pvt. Ltd.,non-scheduled,#07/2023,2028-07-02,TECNAM P2010TDI,P06T,Tecnam,Tecnam P2006T,FW,3,3,passenger,ns-oper.pdf,2026-08-31,2026-05-31,2023-07-24,218,2023,AMANRA FZC,AMANRA FZC
VT-XIB,80164A,Aviation Connectivity & Infrastructure Developers,Aviation Connectivity & Infrastructure Developers Pvt. Ltd.,non-scheduled,#07/2023,2028-07-02,TECNAM P2010TDI,P06T,Tecnam,Tecnam P2006T,FW,3,3,passenger,ns-oper.pdf,2026-08-31,2026-05-31,2024-02-06,248,2023,AMANRA FZC,SAME AS OWNER
VT-YAA,8014E6,Akasa Air,SNV Aviation Pvt. Ltd.,scheduled,S-33,2027-07-06,B737-8,B38M,Boeing,Boeing 737-8,FW,189,189,passenger,sch-oper.pdf,2026-08-31,2023-01-31,2022-06-16,62871,2022,CORRS ISSUER DESIGNATED ACTIVITY COMPANY,CORRS ISSUER DESIGNATED ACTIVITY COMPANY
VT-YAB,8014F2,Akasa Air,SNV Aviation Pvt. Ltd.,scheduled,S-33,2027-07-06,B737-8,B38M,Boeing,Boeing 737-8,FW,189,189,passenger,sch-oper.pdf,2026-08-31,2023-01-31,2022-07-21,62875,2022,CORRS ISSUER DESIGNATED ACTIVITY COMPANY,CORRS ISSUER DESIGNATED ACTIVITY COMPANY
VT-YAC,8014F8,Akasa Air,SNV Aviation Pvt. Ltd.,scheduled,S-33,2027-07-06,B737-8,B38M,Boeing,Boeing 737-8,FW,189,189,passenger,sch-oper.pdf,2026-08-31,2023-01-31,2022-08-11,43563,2022,CORRS ISSUER DESIGNATED ACTIVITY COMPANY,CORRS ISSUER DESIGNATED ACTIVITY COMPANY
VT-YAD,8014FD,Akasa Air,SNV Aviation Pvt. Ltd.,scheduled,S-33,2027-07-06,B737-8,B38M,Boeing,Boeing 737-8,FW,189,189,passenger,sch-oper.pdf,2026-08-31,2023-01-31,2022-09-26,60717,2022,INCLINE II B SHANNON 15 LIMITED,INCLINE II B SHANNON 15 LIMITED
VT-YAE,8014FE,Akasa Air,SNV Aviation Pvt. Ltd.,scheduled,S-33,2027-07-06,B737-8,B38M,Boeing,Boeing 737-8,FW,189,189,passenger,sch-oper.pdf,2026-08-31,2023-01-31,2022-08-30,43922,2022,CORRS ISSUER DESIGNATED ACTIVITY COMPANY,CORRS ISSUER DESIGNATED ACTIVITY COMPANY
VT-YAF,801509,Akasa Air,SNV Aviation Pvt. Ltd.,scheduled,S-33,2027-07-06,B737-8,B38M,Boeing,Boeing 737-8,FW,189,189,passenger,sch-oper.pdf,2026-08-31,2023-01-31,2022-09-27,43923,2022,INCLINE II B SHANNON 15 LIMITED,INCLINE II B SHANNON 15 LIMITED
VT-YAG,801524,Akasa Air,SNV Aviation Pvt. Ltd.,scheduled,S-33,2027-07-06,B737-8,B38M,Boeing,Boeing 737-8,FW,189,189,passenger,sch-oper.pdf,2026-08-31,2023-01-31,2022-11-15,43924,2022,INCLINE II B SHANNON 16 LIMITED,INCLINE II B SHANNON 16 LIMITED
VT-YAH,801526,Akasa Air,SNV Aviation Pvt. Ltd.,scheduled,S-33,2027-07-06,B737-8,B38M,Boeing,Boeing 737-8,FW,189,189,passenger,sch-oper.pdf,2026-08-31,2023-01-31,2022-11-16,44866,2022,CORRS ISSUER DESIGNATED ACTIVITY COMPANY,CORRS ISSUER DESIGNATED ACTIVITY COMPANY
VT-YAI,801508,Akasa Air,SNV Aviation Pvt. Ltd.,scheduled,S-33,2027-07-06,B737-8,B38M,Boeing,Boeing 737-8,FW,189,189,passenger,sch-oper.pdf,2026-08-31,2023-01-31,2022-10-14,61802,2022,INCLINE II B SHANNON 15 LIMITED,INCLINE II B SHANNON 15 LIMITED
VT-YAJ,801539,Akasa Air,SNV Aviation Pvt. Ltd.,scheduled,S-33,2027-07-06,B737-8,B38M,Boeing,Boeing 737-8,FW,189,189,passenger,sch-oper.pdf,2026-08-31,2023-01-31,2022-12-14,44865,2022,INCLINE II B SHANNON 16 LIMITED,INCLINE II B SHANNON 16 LIMITED
VT-YAK,801546,Akasa Air,SNV Aviation Pvt. Ltd.,scheduled,S-33,2027-07-06,B737-8,B38M,Boeing,Boeing 737-8,FW,189,189,passenger,sch-oper.pdf,2026-08-31,2023-01-31,2023-02-01,44869,2022,AVOLON LEASING IRELAND 3 LIMITED,AVOLON LEASING IRELAND 3 LIMITED
VT-YAL,801547,Akasa Air,SNV Aviation Pvt. Ltd.,scheduled,S-33,2027-07-06,B737-8,B38M,Boeing,Boeing 737-8,FW,189,189,passenger,sch-oper.pdf,2026-08-31,2023-01-31,2022-12-13,44870,2022,AVOLON LEASING IRELAND 3 LIMITED,AVOLON LEASING IRELAND 3 LIMITED
VT-YAM,801548,Akasa Air,SNV Aviation Pvt. Ltd.,scheduled,S-33,2027-07-06,B737-8,B38M,Boeing,Boeing 737-8,FW,189,189,passenger,sch-oper.pdf,2026-08-31,2023-01-31,2022-12-20,44871,2022,AVOLON LEASING IRELAND 3 LIMITED,AVOLON LEASING IRELAND 3 LIMITED
VT-YAN,8014A7,Arrow Aircrafts Sales & Charters,Arrow Aircrafts Sales & Charters Pvt. Ltd.,non-scheduled,#4/2014,2028-03-10,BEECH SKA B200GT,BE20,Beechcraft,Beechcraft King Air 200,FW,9,9,passenger,ns-oper.pdf,2026-08-31,2025-09-30,,,,,
VT-YAO,801549,Akasa Air,SNV Aviation Pvt. Ltd.,scheduled,S-33,2027-07-06,B737-8,B38M,Boeing,Boeing 737-8,FW,189,189,passenger,sch-oper.pdf,2026-08-31,2023-01-31,2023-01-18,44867,2022,AVOLON LEASING IRELAND 3 LIMITED,AVOLON LEASING IRELAND 3 LIMITED
VT-YAP,80154A,Akasa Air,SNV Aviation Pvt. Ltd.,scheduled,S-33,2027-07-06,B737-8,B38M,Boeing,Boeing 737-8,FW,189,189,passenger,sch-oper.pdf,2026-08-31,2023-01-31,2023-01-19,44872,2023,AVOLON LEASING IRELAND 3 LIMITED,AVOLON LEASING IRELAND 3 LIMITED
VT-YAQ,80155D,Akasa Air,SNV Aviation Pvt. Ltd.,scheduled,S-33,2027-07-06,B737-8,B38M,Boeing,Boeing 737-8,FW,189,189,passenger,sch-oper.pdf,2026-08-31,2023-01-31,2023-05-01,44874,2022,PEMBROKE AIRCRAFT LEASING 13 LIMITED,PEMBROKE AIRCRAFT LEASING 13 LIMITED
VT-YAR,80157C,Akasa Air,SNV Aviation Pvt. Ltd.,scheduled,S-33,2027-07-06,B737-8,B38M,Boeing,Boeing 737-8,FW,189,189,passenger,sch-oper.pdf,2026-08-31,2023-06-15,2023-01-31,44868,2023,PEMBROKE AIRCRAFT LEASING 13 LIMITED,PEMBROKE AIRCRAFT LEASING 13 LIMITED
VT-YAS,80157A,Akasa Air,SNV Aviation Pvt. Ltd.,scheduled,S-33,2027-07-06,B737-8,B38M,Boeing,Boeing 737-8,FW,189,189,passenger,sch-oper.pdf,2026-08-31,2023-06-15,2023-02-20,44873,2023,PEMBROKE AIRCRAFT LEASING 13 LIMITED,PEMBROKE AIRCRAFT LEASING 13 LIMITED
VT-YAT,801587,Akasa Air,SNV Aviation Pvt. Ltd.,scheduled,S-33,2027-07-06,B737-8,B38M,Boeing,Boeing 737-8,FW,189,189,passenger,sch-oper.pdf,2026-08-31,2023-06-15,2023-02-03,43579,2023,PEMBROKE AIRCRAFT LEASING 13 LIMITED,PEMBROKE AIRCRAFT LEASING 13 LIMITED
VT-YAU,80161E,Akasa Air,SNV Aviation Pvt. Ltd.,scheduled,S-33,2027-07-06,B737-8,B38M,Boeing,Boeing 737-8,FW,189,189,passenger,sch-oper.pdf,2026-08-31,2024-06-10,2023-12-27,66148,2023,AVOLON LEASING IRELAND 3 LIMITED,AVOLON LEASING IRELAND 3 LIMITED
VT-YAV,8015AB,Akasa Air,SNV Aviation Pvt. Ltd.,scheduled,S-33,2027-07-06,B737-8200,B38M,Boeing,Boeing 737-8-200,FW,197,197,passenger,sch-oper.pdf,2026-08-31,2024-06-10,2023-07-28,63870,2023,PEMBROKE AIRCRAFT LEASING 13 LIMITED,PEMBROKE AIRCRAFT LEASING 13 LIMITED
VT-YAW,80161D,Akasa Air,SNV Aviation Pvt. Ltd.,scheduled,S-33,2027-07-06,B737-8,B38M,Boeing,Boeing 737-8,FW,189,189,passenger,sch-oper.pdf,2026-08-31,2024-06-10,2023-12-26,66149,2023,AVOLON LEASING IRELAND 3 LIMITED,AVOLON LEASING IRELAND 3 LIMITED
VT-YAX,801633,Akasa Air,SNV Aviation Pvt. Ltd.,scheduled,S-33,2027-07-06,B737-8,B38M,Boeing,Boeing 737-8,FW,189,189,passenger,sch-oper.pdf,2026-08-31,2024-06-10,2024-02-06,61288,2024,AIRCASTLE (IRELAND) DESIGNATED ACIVITY COMPANY,SAME AS OWNER
VT-YBA,801632,Akasa Air,SNV Aviation Pvt. Ltd.,scheduled,S-33,2027-07-06,B737-8,B38M,Boeing,Boeing 737-8,FW,189,189,passenger,sch-oper.pdf,2026-08-31,2024-06-10,2024-01-30,61289,2024,AIRCASTLE (IRELAND) DESIGNATED ACIVITY COMPANY,SAME AS OWNER
VT-YBB,80166A,Akasa Air,SNV Aviation Pvt. Ltd.,scheduled,S-33,2027-07-06,B737-8200,B38M,Boeing,Boeing 737-8-200,FW,197,197,passenger,sch-oper.pdf,2026-08-31,2024-11-15,2024-09-05,63871,2024,CALF ( E) AVIATION IRELAND DAC,SAME AS OWNER
VT-YBC,80169E,Akasa Air,SNV Aviation Pvt. Ltd.,scheduled,S-33,2027-07-06,B737-8200,B38M,Boeing,Boeing 737-8-200,FW,197,197,passenger,sch-oper.pdf,2026-08-31,2024-11-15,2024-10-16,63873,2024,CALF ( E) AVIATION IRELAND DAC,SAME AS OWNER
VT-YBD,8016A1,Akasa Air,SNV Aviation Pvt. Ltd.,scheduled,S-33,2027-07-06,B737-8200,B38M,Boeing,Boeing 737-8-200,FW,197,197,passenger,sch-oper.pdf,2026-08-31,2025-04-30,2025-01-22,63872,2025,CALF (E) AVIATION IRELAND DAC,CALF (E) AVIATION IRELAND DAC
VT-YBE,8016A2,Akasa Air,SNV Aviation Pvt. Ltd.,scheduled,S-33,2027-07-06,B737-8200,B38M,Boeing,Boeing 737-8-200,FW,197,197,passenger,sch-oper.pdf,2026-08-31,2025-06-30,2025-04-24,63874,2025,CALF (A6) AVIATION IRELAND DAC,CALF (A6) AVIATION IRELAND DAC
VT-YBF,801786,Akasa Air,SNV Aviation Pvt. Ltd.,scheduled,S-33,2027-07-06,B737-8200,B38M,Boeing,Boeing 737-8-200,FW,197,197,passenger,sch-oper.pdf,2026-08-31,2025-06-30,2025-06-10,63875,2025,CALF (A7) AVIATION IRELAND DAC,CALF (A7) AVIATION IRELAND DAC
VT-YBG,801785,Akasa Air,SNV Aviation Pvt. Ltd.,scheduled,S-33,2027-07-06,B737-8200,B38M,Boeing,Boeing 737-8-200,FW,197,197,passenger,sch-oper.pdf,2026-08-31,2025-06-30,2025-06-05,63876,2025,ALTITUDE II AIRCRAFT NINE DAC,ALTITUDE II AIRCRAFT NINE DAC
VT-YBH,80179B,Akasa Air,SNV Aviation Pvt. Ltd.,scheduled,S-33,2027-07-06,B737-8200,B38M,Boeing,Boeing 737-8-200,FW,197,197,passenger,sch-oper.pdf,2026-08-31,2026-05-31,2025-12-05,63877,2025,ALTITUDE II AIRCRAFT NINE DAC,ALTITUDE II AIRCRAFT NINE DAC
VT-YBI,8017E3,Akasa Air,SNV Aviation Pvt. Ltd.,scheduled,S-33,2027-07-06,B737-8200,B38M,Boeing,Boeing 737-8-200,FW,197,197,passenger,sch-oper.pdf,2026-08-31,2026-05-31,,,,,
VT-YBJ,801811,Akasa Air,SNV Aviation Pvt. Ltd.,scheduled,S-33,2027-07-06,B737-8200,B38M,Boeing,Boeing 737-8-200,FW,197,197,passenger,sch-oper.pdf,2026-08-31,2026-05-31,,,,,
VT-YBK,801810,Akasa Air,SNV Aviation Pvt. Ltd.,scheduled,S-33,2027-07-06,B737-8200,B38M,Boeing,Boeing 737-8-200,FW,197,197,passenger,sch-oper.pdf,2026-08-31,2026-05-31,,,,,
VT-YBL,801831,Akasa Air,SNV Aviation Pvt. Ltd.,scheduled,S-33,2027-07-06,B737-8200,B38M,Boeing,Boeing 737-8-200,FW,197,197,passenger,sch-oper.pdf,2026-08-31,2026-05-31,,,,,
VT-YBM,801832,Akasa Air,SNV Aviation Pvt. Ltd.,scheduled,S-33,2027-07-06,B737-8200,B38M,Boeing,Boeing 737-8-200,FW,197,197,passenger,sch-oper.pdf,2026-08-31,2026-05-31,,,,,
VT-YBN,,Akasa Air,SNV Aviation Pvt. Ltd.,scheduled,S-33,2027-07-06,B737-8200,B38M,Boeing,Boeing 737-8-200,FW,197,197,passenger,sch-oper.pdf,2026-08-31,2026-05-31,,,,,
VT-YBO,801835,Akasa Air,SNV Aviation Pvt. Ltd.,scheduled,S-33,2027-07-06,B737-8200,B38M,Boeing,Boeing 737-8-200,FW,197,197,passenger,sch-oper.pdf,2026-08-31,2026-05-31,,,,,
VT-YBP,801833,Akasa Air,SNV Aviation Pvt. Ltd.,scheduled,S-33,2027-07-06,B737-8200,B38M,Boeing,Boeing 737-8-200,FW,197,197,passenger,sch-oper.pdf,2026-08-31,2026-08-31,,,,,
VT-YBQ,801834,Akasa Air,SNV Aviation Pvt. Ltd.,scheduled,S-33,2027-07-06,B737-8200,B38M,Boeing,Boeing 737-8-200,FW,197,197,passenger,sch-oper.pdf,2026-08-31,2026-08-31,,,,,
VT-YBR,8018C2,Akasa Air,SNV Aviation Pvt. Ltd.,scheduled,S-33,2027-07-06,B737-8200,B38M,Boeing,Boeing 737-8-200,FW,197,197,passenger,sch-oper.pdf,2026-08-31,2026-08-31,,,,,
VT-YUD,,Aerokalinga Aviation,Aerokalinga Aviation Pvt. Ltd.,non-scheduled,#17/2025,2030-10-15,Beech Super King Air B200,BE20,Beechcraft,Beechcraft King Air 200,FW,8,8,passenger,ns-oper.pdf,2026-08-31,2026-05-31,2011-07-15,,,"M/S ORISSA STEVEDORES LIMITEDOSL TOWER, LINK ROAD, CUTTACK-753012","M/S ORISSA STEVEDORES LIMITEDOSL TOWER, LINK ROAD, CUTTACK-753012"
VT-YVV,8018D8,Air Charters Services,Air Charters Services Pvt. Ltd.,non-scheduled,#15/2008,2029-05-14,Falcon 6X,FA6X,Dassault,Dassault Falcon,FW,14,14,passenger,ns-oper.pdf,2026-08-31,2026-08-31,,,,,
VT-ZEN,,Indo Pacific Aviation,Indo Pacific Aviation Pvt. Ltd.,non-scheduled,#03/1997,2028-10-14,AW109SP,A109,Leonardo,Leonardo AW109,RW,6,6,passenger,ns-oper.pdf,2026-08-31,2025-09-30,2022-11-16,22331,2015,Indo Pacific Aviation Pvt. Ltd.,
VT-ZIN,,Dhillon Aviation,Dhillon Aviation Pvt. Ltd.,non-scheduled,#5/2005,2028-09-07,BELL206 L4,B06,Bell,Bell 206 JetRanger,RW,6,6/Aerial Work,aerial-work,ns-oper.pdf,2026-08-31,2018-10-31,2018-07-27,52315,2005,BANK OF UTAH,BANK OF UTAH
VT-ZJM,,Jet Serve Aviation,Jet Serve Aviation Pvt. Ltd.,non-scheduled,#02/2017,2029-02-09,ROBINSON-44 RAVEN II,R44,Robinson,Robinson R44,RW,3,3/Aerial Work,aerial-work,ns-oper.pdf,2026-08-31,2009-01-20,2017-01-06,12210,2008,JETSERVE AVIATION PRIVATE LIMITED,-
VT-ZST,800709,Dunes Aviation,Dunes Aviation Private Limited,non-scheduled,#08/2024,2029-10-13,CHALLENGER CL 600-2B16-CL 604,CL60,Bombardier,Bombardier Challenger 600 series,FW,9,9,passenger,ns-oper.pdf,2026-08-31,2013-05-02,2012-06-06,,,,M/S MERC CO.LTD
VT-ZTP,80178D,Zest Aviation,Zest Aviation Pvt. Ltd.,non-scheduled,#07/2012,2028-06-27,BD-700-1A11 (GLOBAL 5500),GL5T,Bombardier,Bombardier Global 5000/5500/6000/6500,FW,13,13,passenger,ns-oper.pdf,2026-08-31,2025-09-30,2025-05-09,60161,2024,ZEST AVIATION PRIVATE LIMITED,-
VT-ZTT,801660,Zest Aviation,Zest Aviation Pvt. Ltd.,non-scheduled,#07/2012,2028-06-27,CHALLENGER 650 CL-600-2B16,CL60,Bombardier,Bombardier Challenger 600 series,FW,10,10,passenger,ns-oper.pdf,2026-08-31,2025-09-30,2024-03-26,6090,2017,ZEST AVIATION PVT LTD,