reg,hex,operator,operator_legal,category,permit_no,permit_valid_until,model,type_icao,type_manufacturer,type_name,wing,seats,seats_raw,role,source_file,source_as_on,first_seen
VT-AAZ,801530,Quikjet Cargo,Quikjet Cargo Airlines Pvt. Ltd. (Quikjet),scheduled,S-34,2027-12-11,B737-800 (Freighter),B738,Boeing,Boeing 737-800,FW,,Cargo,cargo,sch-oper.pdf,2024-06-10,2024-06-10
VT-AEE,801538,Air India,Air India Ltd.,scheduled,S-9,2028-06-30,B777-200 LR,B772,Boeing,Boeing 777-200LR,FW,238,238,passenger,sch-oper.pdf,2024-06-10,2024-06-10
VT-AEF,80153C,Air India,Air India Ltd.,scheduled,S-9,2028-06-30,B777-200 LR,B772,Boeing,Boeing 777-200LR,FW,238,238,passenger,sch-oper.pdf,2024-06-10,2024-06-10
VT-AEG,80153F,Air India,Air India Ltd.,scheduled,S-9,2028-06-30,B777-200 LR,B772,Boeing,Boeing 777-200LR,FW,238,238,passenger,sch-oper.pdf,2024-06-10,2024-06-10
VT-AEH,80153D,Air India,Air India Ltd.,scheduled,S-9,2028-06-30,B777-200 LR,B772,Boeing,Boeing 777-200LR,FW,238,238,passenger,sch-oper.pdf,2024-06-10,2024-06-10
VT-AEI,80153B,Air India,Air India Ltd.,scheduled,S-9,2028-06-30,B777-200 LR,B772,Boeing,Boeing 777-200LR,FW,238,238,passenger,sch-oper.pdf,2024-06-10,2024-06-10
VT-AEM,8015A5,Air India,Air India Ltd.,scheduled,S-9,2028-06-30,B777-300 ER,B77W,Boeing,Boeing 777-300ER,FW,342,342,passenger,sch-oper.pdf,2024-06-10,2024-06-10
VT-AEN,8015A8,Air India,Air India Ltd.,scheduled,S-9,2028-06-30,B777-300 ER,B77W,Boeing,Boeing 777-300ER,FW,342,342,passenger,sch-oper.pdf,2024-06-10,2024-06-10
VT-AEO,80159E,Air India,Air India Ltd.,scheduled,S-9,2028-06-30,B777-300 ER,B77W,Boeing,Boeing 777-300ER,FW,342,342,passenger,sch-oper.pdf,2024-06-10,2024-06-10
VT-AEP,80159F,Air India,Air India Ltd.,scheduled,S-9,2028-06-30,B777-300 ER,B77W,Boeing,Boeing 777-300ER,FW,342,342,passenger,sch-oper.pdf,2024-06-10,2024-06-10
VT-AEQ,8015A6,Air India,Air India Ltd.,scheduled,S-9,2028-06-30,B777-300 ER,B77W,Boeing,Boeing 777-300ER,FW,342,342,passenger,sch-oper.pdf,2024-06-10,2024-06-10
VT-AER,8015A7,Air India,Air India Ltd.,scheduled,S-9,2028-06-30,B777-200 LR,B772,Boeing,Boeing 777-200LR,FW,238,238,passenger,sch-oper.pdf,2024-06-10,2024-06-10
VT-AII,800B52,Alliance Air,Alliance Air Aviation Ltd. (Alliance Air),scheduled,S-8,2028-04-30,ATR72-600,AT76,ATR,ATR 72-600,FW,70,70,passenger,sch-oper.pdf,2024-06-10,2024-06-10
VT-AIT,800B53,Alliance Air,Alliance Air Aviation Ltd. (Alliance Air),scheduled,S-8,2028-04-30,ATR72-600,AT76,ATR,ATR 72-600,FW,70,70,passenger,sch-oper.pdf,2024-06-10,2024-06-10
VT-AIU,800B54,Alliance Air,Alliance Air Aviation Ltd. (Alliance Air),scheduled,S-8,2028-04-30,ATR72-600,AT76,ATR,ATR 72-600,FW,70,70,passenger,sch-oper.pdf,2024-06-10,2024-06-10
VT-AIV,800B55,Alliance Air,Alliance Air Aviation Ltd. (Alliance Air),scheduled,S-8,2028-04-30,ATR72-600,AT76,ATR,ATR 72-600,FW,70,70,passenger,sch-oper.pdf,2024-06-10,2024-06-10
VT-AIW,800B56,Alliance Air,Alliance Air Aviation Ltd. (Alliance Air),scheduled,S-8,2028-04-30,ATR72-600,AT76,ATR,ATR 72-600,FW,70,70,passenger,sch-oper.pdf,2024-06-10,2024-06-10
VT-AIX,800B9F,Alliance Air,Alliance Air Aviation Ltd. (Alliance Air),scheduled,S-8,2028-04-30,ATR72-600,AT76,ATR,ATR 72-600,FW,70,70,passenger,sch-oper.pdf,2024-06-10,2024-06-10
VT-AIY,800BA0,Alliance Air,Alliance Air Aviation Ltd. (Alliance Air),scheduled,S-8,2028-04-30,ATR72-600,AT76,ATR,ATR 72-600,FW,70,70,passenger,sch-oper.pdf,2024-06-10,2024-06-10
VT-AIZ,800BA1,Alliance Air,Alliance Air Aviation Ltd. (Alliance Air),scheduled,S-8,2028-04-30,ATR72-600,AT76,ATR,ATR 72-600,FW,70,70,passenger,sch-oper.pdf,2024-06-10,2024-06-10
VT-ALF,8004DA,Air India,Air India Ltd.,scheduled,S-9,2028-06-30,B777-200 LR,B772,Boeing,Boeing 777-200LR,FW,238,238,passenger,sch-oper.pdf,2024-06-10,2024-06-10
VT-ALG,8004DB,Air India,Air India Ltd.,scheduled,S-9,2028-06-30,B777-200 LR,B772,Boeing,Boeing 777-200LR,FW,238,238,passenger,sch-oper.pdf,2024-06-10,2024-06-10
VT-ALH,8004DC,Air India,Air India Ltd.,scheduled,S-9,2028-06-30,B777-200 LR,B772,Boeing,Boeing 777-200LR,FW,238,238,passenger,sch-oper.pdf,2024-06-10,2024-06-10
VT-ALJ,8003E2,Air India,Air India Ltd.,scheduled,S-9,2028-06-30,B777-300 ER,B77W,Boeing,Boeing 777-300ER,FW,342,342,passenger,sch-oper.pdf,2024-06-10,2024-06-10
VT-ALK,8003E3,Air India,Air India Ltd.,scheduled,S-9,2028-06-30,B777-300 ER,B77W,Boeing,Boeing 777-300ER,FW,342,342,passenger,sch-oper.pdf,2024-06-10,2024-06-10
VT-ALL,8003E4,Air India,Air India Ltd.,scheduled,S-9,2028-06-30,B777-300 ER,B77W,Boeing,Boeing 777-300ER,FW,342,342,passenger,sch-oper.pdf,2024-06-10,2024-06-10
VT-ALM,800462,Air India,Air India Ltd.,scheduled,S-9,2028-06-30,B777-300 ER,B77W,Boeing,Boeing 777-300ER,FW,342,342,passenger,sch-oper.pdf,2024-06-10,2024-06-10
VT-ALN,800463,Air India,Air India Ltd.,scheduled,S-9,2028-06-30,B777-300 ER,B77W,Boeing,Boeing 777-300ER,FW,342,342,passenger,sch-oper.pdf,2024-06-10,2024-06-10
VT-ALO,8004DD,Air India,Air India Ltd.,scheduled,S-9,2028-06-30,B777-300 ER,B77W,Boeing,Boeing 777-300ER,FW,342,342,passenger,sch-oper.pdf,2024-06-10,2024-06-10
VT-ALP,8004DE,Air India,Air India Ltd.,scheduled,S-9,2028-06-30,B777-300 ER,B77W,Boeing,Boeing 777-300ER,FW,342,342,passenger,sch-oper.pdf,2024-06-10,2024-06-10
VT-ALQ,8004DF,Air India,Air India Ltd.,scheduled,S-9,2028-06-30,B777-300 ER,B77W,Boeing,Boeing 777-300ER,FW,342,342,passenger,sch-oper.pdf,2024-06-10,2024-06-10
VT-ALR,8004E0,Air India,Air India Ltd.,scheduled,S-9,2028-06-30,B777-300 ER,B77W,Boeing,Boeing 777-300ER,FW,342,342,passenger,sch-oper.pdf,2024-06-10,2024-06-10
VT-ALS,800582,Air India,Air India Ltd.,scheduled,S-9,2028-06-30,B777-300 ER,B77W,Boeing,Boeing 777-300ER,FW,342,342,passenger,sch-oper.pdf,2024-06-10,2024-06-10
VT-ALT,800583,Air India,Air India Ltd.,scheduled,S-9,2028-06-30,B777-300 ER,B77W,Boeing,Boeing 777-300ER,FW,342,342,passenger,sch-oper.pdf,2024-06-10,2024-06-10
VT-ALU,800584,Air India,Air India Ltd.,scheduled,S-9,2028-06-30,B777-300 ER,B77W,Boeing,Boeing 777-300ER,FW,342,342,passenger,sch-oper.pdf,2024-06-10,2024-06-10
VT-ALX,800C3E,Air India,Air India Ltd.,scheduled,S-9,2028-06-30,B777-300 ER,B77W,Boeing,Boeing 777-300ER,FW,342,342,passenger,sch-oper.pdf,2024-06-10,2024-06-10
VT-AMD,,Air India Express,AIX Connect Pvt. Ltd.,scheduled,S-26,2029-05-06,A320-214,A320,Airbus,Airbus A320,FW,180,180,passenger,sch-oper.pdf,2024-06-10,2024-06-10
VT-ANA,8005EB,Air India,Air India Ltd.,scheduled,S-9,2028-06-30,B787-8,B788,Boeing,Boeing 787-8,FW,256,256,passenger,sch-oper.pdf,2024-06-10,2024-06-10
VT-ANB,8005EC,Air India,Air India Ltd.,scheduled,S-9,2028-06-30,B787-8,B788,Boeing,Boeing 787-8,FW,256,256,passenger,sch-oper.pdf,2024-06-10,2024-06-10
VT-ANC,8005ED,Air India,Air India Ltd.,scheduled,S-9,2028-06-30,B787-8,B788,Boeing,Boeing 787-8,FW,256,256,passenger,sch-oper.pdf,2024-06-10,2024-06-10
VT-AND,8005EE,Air India,Air India Ltd.,scheduled,S-9,2028-06-30,B787-8,B788,Boeing,Boeing 787-8,FW,256,256,passenger,sch-oper.pdf,2024-06-10,2024-06-10
VT-ANE,8005EF,Air India,Air India Ltd.,scheduled,S-9,2028-06-30,B787-8,B788,Boeing,Boeing 787-8,FW,256,256,passenger,sch-oper.pdf,2024-06-10,2024-06-10
VT-ANG,8005F0,Air India,Air India Ltd.,scheduled,S-9,2028-06-30,B787-8,B788,Boeing,Boeing 787-8,FW,256,256,passenger,sch-oper.pdf,2024-06-10,2024-06-10
VT-ANH,8005F1,Air India,Air India Ltd.,scheduled,S-9,2028-06-30,B787-8,B788,Boeing,Boeing 787-8,FW,256,256,passenger,sch-oper.pdf,2024-06-10,2024-06-10
VT-ANI,8005F2,Air India,Air India Ltd.,scheduled,S-9,2028-06-30,B787-8,B788,Boeing,Boeing 787-8,FW,256,256,passenger,sch-oper.pdf,2024-06-10,2024-06-10
VT-ANJ,8005F3,Air India,Air India Ltd.,scheduled,S-9,2028-06-30,B787-8,B788,Boeing,Boeing 787-8,FW,256,256,passenger,sch-oper.pdf,2024-06-10,2024-06-10
VT-ANK,8005F4,Air India,Air India Ltd.,scheduled,S-9,2028-06-30,B787-8,B788,Boeing,Boeing 787-8,FW,256,256,passenger,sch-oper.pdf,2024-06-10,2024-06-10
VT-ANL,800732,Air India,Air India Ltd.,scheduled,S-9,2028-06-30,B787-8,B788,Boeing,Boeing 787-8,FW,256,256,passenger,sch-oper.pdf,2024-06-10,2024-06-10
VT-ANM,800733,Air India,Air India Ltd.,scheduled,S-9,2028-06-30,B787-8,B788,Boeing,Boeing 787-8,FW,256,256,passenger,sch-oper.pdf,2024-06-10,2024-06-10
VT-ANN,800734,Air India,Air India Ltd.,scheduled,S-9,2028-06-30,B787-8,B788,Boeing,Boeing 787-8,FW,256,256,passenger,sch-oper.pdf,2024-06-10,2024-06-10
VT-ANO,800735,Air India,Air India Ltd.,scheduled,S-9,2028-06-30,B787-8,B788,Boeing,Boeing 787-8,FW,256,256,passenger,sch-oper.pdf,2024-06-10,2024-06-10
VT-ANP,800736,Air India,Air India Ltd.,scheduled,S-9,2028-06-30,B787-8,B788,Boeing,Boeing 787-8,FW,256,256,passenger,sch-oper.pdf,2024-06-10,2024-06-10
VT-ANQ,800737,Air India,Air India Ltd.,scheduled,S-9,2028-06-30,B787-8,B788,Boeing,Boeing 787-8,FW,256,256,passenger,sch-oper.pdf,2024-06-10,2024-06-10
VT-ANR,800738,Air India,Air India Ltd.,scheduled,S-9,2028-06-30,B787-8,B788,Boeing,Boeing 787-8,FW,256,256,passenger,sch-oper.pdf,2024-06-10,2024-06-10
VT-ANS,800739,Air India,Air India Ltd.,scheduled,S-9,2028-06-30,B787-8,B788,Boeing,Boeing 787-8,FW,256,256,passenger,sch-oper.pdf,2024-06-10,2024-06-10
VT-ANT,80073A,Air India,Air India Ltd.,scheduled,S-9,2028-06-30,B787-8,B788,Boeing,Boeing 787-8,FW,256,256,passenger,sch-oper.pdf,2024-06-10,2024-06-10
VT-ANU,80073B,Air India,Air India Ltd.,scheduled,S-9,2028-06-30,B787-8,B788,Boeing,Boeing 787-8,FW,256,256,passenger,sch-oper.pdf,2024-06-10,2024-06-10
VT-ANV,80073C,Air India,Air India Ltd.,scheduled,S-9,2028-06-30,B787-8,B788,Boeing,Boeing 787-8,FW,256,256,passenger,sch-oper.pdf,2024-06-10,2024-06-10
VT-ANW,80073D,Air India,Air India Ltd.,scheduled,S-9,2028-06-30,B787-8,B788,Boeing,Boeing 787-8,FW,256,256,passenger,sch-oper.pdf,2024-06-10,2024-06-10
VT-ANX,80073E,Air India,Air India Ltd.,scheduled,S-9,2028-06-30,B787-8,B788,Boeing,Boeing 787-8,FW,256,256,passenger,sch-oper.pdf,2024-06-10,2024-06-10
VT-ANY,80073F,Air India,Air India Ltd.,scheduled,S-9,2028-06-30,B787-8,B788,Boeing,Boeing 787-8,FW,256,256,passenger,sch-oper.pdf,2024-06-10,2024-06-10
VT-ANZ,800740,Air India,Air India Ltd.,scheduled,S-9,2028-06-30,B787-8,B788,Boeing,Boeing 787-8,FW,256,256,passenger,sch-oper.pdf,2024-06-10,2024-06-10
VT-APJ,800B8C,Air India Express,AIX Connect Pvt. Ltd.,scheduled,S-26,2029-05-06,A320-216,A320,Airbus,Airbus A320,FW,180,180,passenger,sch-oper.pdf,2024-06-10,2024-06-10
VT-ATB,800B0A,Air India Express,AIX Connect Pvt. Ltd.,scheduled,S-26,2029-05-06,A320-216,A320,Airbus,Airbus A320,FW,180,180,passenger,sch-oper.pdf,2024-06-10,2024-06-10
VT-ATD,801403,Air India Express,Air India Express Ltd.,scheduled,S-14,2028-04-21,A320-251N,A20N,Airbus,Airbus A320neo,FW,186,186,passenger,sch-oper.pdf,2024-06-10,2024-06-10
VT-ATE,801407,Air India Express,Air India Express Ltd.,scheduled,S-14,2028-04-21,A320-251N,A20N,Airbus,Airbus A320neo,FW,186,186,passenger,sch-oper.pdf,2024-06-10,2024-06-10
VT-ATF,,Air India Express,Air India Express Ltd.,scheduled,S-14,2028-04-21,A320-251N,A20N,Airbus,Airbus A320neo,FW,186,186,passenger,sch-oper.pdf,2024-06-10,2024-06-10
VT-ATG,80140E,Air India Express,Air India Express Ltd.,scheduled,S-14,2028-04-21,A320-251N,A20N,Airbus,Airbus A320neo,FW,186,186,passenger,sch-oper.pdf,2024-06-10,2024-06-10
VT-ATH,801435,Air India Express,AIX Connect Pvt. Ltd.,scheduled,S-26,2029-05-06,A320-251N,A20N,Airbus,Airbus A320neo,FW,186,186,passenger,sch-oper.pdf,2024-06-10,2024-06-10
VT-ATJ,801444,Air India Express,Air India Express Ltd.,scheduled,S-14,2028-04-21,A320-251N,A20N,Airbus,Airbus A320neo,FW,186,186,passenger,sch-oper.pdf,2024-06-10,2024-06-10
VT-ATQ,800DB8,Air India Express,AIX Connect Pvt. Ltd.,scheduled,S-26,2029-05-06,A320-216,A320,Airbus,Airbus A320,FW,180,180,passenger,sch-oper.pdf,2024-06-10,2024-06-10
VT-ATV,800CE8,Vistara,Tata SIA Airlines Ltd.,scheduled,S-27,2024-12-14,A320-251N,A20N,Airbus,Airbus A320neo,FW,164,164,passenger,sch-oper.pdf,2024-06-10,2024-06-10
VT-AXI,800396,Air India Express,Air India Express Ltd.,scheduled,S-14,2028-04-21,B737-800,B738,Boeing,Boeing 737-800,FW,186,186,passenger,sch-oper.pdf,2024-06-10,2024-06-10
VT-AXJ,8003B0,Air India Express,Air India Express Ltd.,scheduled,S-14,2028-04-21,B737-800,B738,Boeing,Boeing 737-800,FW,186,186,passenger,sch-oper.pdf,2024-06-10,2024-06-10
VT-AXM,8003B1,Air India Express,Air India Express Ltd.,scheduled,S-14,2028-04-21,B737-800,B738,Boeing,Boeing 737-800,FW,186,186,passenger,sch-oper.pdf,2024-06-10,2024-06-10
VT-AXN,8003B2,Air India Express,Air India Express Ltd.,scheduled,S-14,2028-04-21,B737-800,B738,Boeing,Boeing 737-800,FW,186,186,passenger,sch-oper.pdf,2024-06-10,2024-06-10
VT-AXP,8003B3,Air India Express,Air India Express Ltd.,scheduled,S-14,2028-04-21,B737-800,B738,Boeing,Boeing 737-800,FW,186,186,passenger,sch-oper.pdf,2024-06-10,2024-06-10
VT-AXQ,8003F0,Air India Express,Air India Express Ltd.,scheduled,S-14,2028-04-21,B737-800,B738,Boeing,Boeing 737-800,FW,186,186,passenger,sch-oper.pdf,2024-06-10,2024-06-10
VT-AXR,8003F1,Air India Express,Air India Express Ltd.,scheduled,S-14,2028-04-21,B737-800,B738,Boeing,Boeing 737-800,FW,186,186,passenger,sch-oper.pdf,2024-06-10,2024-06-10
VT-AXT,8003F2,Air India Express,Air India Express Ltd.,scheduled,S-14,2028-04-21,B737-800,B738,Boeing,Boeing 737-800,FW,186,186,passenger,sch-oper.pdf,2024-06-10,2024-06-10
VT-AXU,8003F3,Air India Express,Air India Express Ltd.,scheduled,S-14,2028-04-21,B737-800,B738,Boeing,Boeing 737-800,FW,186,186,passenger,sch-oper.pdf,2024-06-10,2024-06-10
VT-AXW,800448,Air India Express,Air India Express Ltd.,scheduled,S-14,2028-04-21,B737-800,B738,Boeing,Boeing 737-800,FW,186,186,passenger,sch-oper.pdf,2024-06-10,2024-06-10
VT-AXX,800449,Air India Express,Air India Express Ltd.,scheduled,S-14,2028-04-21,B737-800,B738,Boeing,Boeing 737-800,FW,186,186,passenger,sch-oper.pdf,2024-06-10,2024-06-10
VT-AXZ,80044A,Air India Express,Air India Express Ltd.,scheduled,S-14,2028-04-21,B737-800,B738,Boeing,Boeing 737-800,FW,186,186,passenger,sch-oper.pdf,2024-06-10,2024-06-10
VT-AYA,80044B,Air India Express,Air India Express Ltd.,scheduled,S-14,2028-04-21,B737-800,B738,Boeing,Boeing 737-800,FW,186,186,passenger,sch-oper.pdf,2024-06-10,2024-06-10
VT-AYB,80044C,Air India Express,Air India Express Ltd.,scheduled,S-14,2028-04-21,B737-800,B738,Boeing,Boeing 737-800,FW,186,186,passenger,sch-oper.pdf,2024-06-10,2024-06-10
VT-AYC,80044D,Air India Express,Air India Express Ltd.,scheduled,S-14,2028-04-21,B737-800,B738,Boeing,Boeing 737-800,FW,186,186,passenger,sch-oper.pdf,2024-06-10,2024-06-10
VT-AYD,80044E,Air India Express,Air India Express Ltd.,scheduled,S-14,2028-04-21,B737-800,B738,Boeing,Boeing 737-800,FW,186,186,passenger,sch-oper.pdf,2024-06-10,2024-06-10
VT-BAZ,80154E,Quikjet Cargo,Quikjet Cargo Airlines Pvt. Ltd. (Quikjet),scheduled,S-34,2027-12-11,B737-800 (Freighter),B738,Boeing,Boeing 737-800,FW,,Cargo,cargo,sch-oper.pdf,2024-06-10,2024-06-10
VT-BDA,800B45,Blue Dart Aviation,Blue Dart Aviation Ltd.,scheduled,S-13,2027-12-30,B757-200,B752,Boeing,Boeing 757,FW,,Cargo,cargo,sch-oper.pdf,2024-06-10,2024-06-10
VT-BDB,800BA9,Blue Dart Aviation,Blue Dart Aviation Ltd.,scheduled,S-13,2027-12-30,B757-200,B752,Boeing,Boeing 757,FW,,Cargo,cargo,sch-oper.pdf,2024-06-10,2024-06-10
VT-BDC,80156E,Blue Dart Aviation,Blue Dart Aviation Ltd.,scheduled,S-13,2027-12-30,B737-800 Freighter,B738,Boeing,Boeing 737-800,FW,,Cargo,cargo,sch-oper.pdf,2024-06-10,2024-06-10
VT-BDD,801570,Blue Dart Aviation,Blue Dart Aviation Ltd.,scheduled,S-13,2027-12-30,B737-800 Freighter,B738,Boeing,Boeing 737-800,FW,,Cargo,cargo,sch-oper.pdf,2024-06-10,2024-06-10
VT-BDM,800446,Blue Dart Aviation,Blue Dart Aviation Ltd.,scheduled,S-13,2027-12-30,B757-200,B752,Boeing,Boeing 757,FW,,Cargo,cargo,sch-oper.pdf,2024-06-10,2024-06-10
VT-BDN,8004FB,Blue Dart Aviation,Blue Dart Aviation Ltd.,scheduled,S-13,2027-12-30,B757-200,B752,Boeing,Boeing 757,FW,,Cargo,cargo,sch-oper.pdf,2024-06-10,2024-06-10
VT-BDO,800728,Blue Dart Aviation,Blue Dart Aviation Ltd.,scheduled,S-13,2027-12-30,B757-200,B752,Boeing,Boeing 757,FW,,Cargo,cargo,sch-oper.pdf,2024-06-10,2024-06-10
VT-BDQ,800B05,Blue Dart Aviation,Blue Dart Aviation Ltd.,scheduled,S-13,2027-12-30,B757-200,B752,Boeing,Boeing 757,FW,,Cargo,cargo,sch-oper.pdf,2024-06-10,2024-06-10
VT-BHK,801644,FlyBig,Big Charter Pvt. Ltd.,scheduled,SC-07,2025-12-13,DHC-6-400 (Twin Otter),DHC6,De Havilland Canada,DHC-6 Twin Otter,FW,19,19,passenger,sch-oper.pdf,2024-06-10,2024-06-10
VT-BKK,800D8B,Air India Express,AIX Connect Pvt. Ltd.,scheduled,S-26,2029-05-06,A320-214,A320,Airbus,Airbus A320,FW,180,180,passenger,sch-oper.pdf,2024-06-10,2024-06-10
VT-BOM,80138D,Air India Express,AIX Connect Pvt. Ltd.,scheduled,S-26,2029-05-06,A320-214,A320,Airbus,Airbus A320,FW,180,180,passenger,sch-oper.pdf,2024-06-10,2024-06-10
VT-BXA,8015F0,Air India Express,Air India Express Ltd.,scheduled,S-14,2028-04-21,B737-8,B38M,Boeing,Boeing 737-8,FW,176,176,passenger,sch-oper.pdf,2024-06-10,2024-06-10
VT-BXB,8015EF,Air India Express,Air India Express Ltd.,scheduled,S-14,2028-04-21,B737-8,B38M,Boeing,Boeing 737-8,FW,176,176,passenger,sch-oper.pdf,2024-06-10,2024-06-10
VT-BXC,8015EE,Air India Express,Air India Express Ltd.,scheduled,S-14,2028-04-21,B737-8,B38M,Boeing,Boeing 737-8,FW,176,176,passenger,sch-oper.pdf,2024-06-10,2024-06-10
VT-BXD,801607,Air India Express,Air India Express Ltd.,scheduled,S-14,2028-04-21,B737-8,B38M,Boeing,Boeing 737-8,FW,176,176,passenger,sch-oper.pdf,2024-06-10,2024-06-10
VT-BXE,801604,Air India Express,Air India Express Ltd.,scheduled,S-14,2028-04-21,B737-8,B38M,Boeing,Boeing 737-8,FW,176,176,passenger,sch-oper.pdf,2024-06-10,2024-06-10
VT-BXF,801605,Air India Express,Air India Express Ltd.,scheduled,S-14,2028-04-21,B737-8,B38M,Boeing,Boeing 737-8,FW,176,176,passenger,sch-oper.pdf,2024-06-10,2024-06-10
VT-BXG,801606,Air India Express,Air India Express Ltd.,scheduled,S-14,2028-04-21,B737-8,B38M,Boeing,Boeing 737-8,FW,176,176,passenger,sch-oper.pdf,2024-06-10,2024-06-10
VT-BXH,801623,Air India Express,Air India Express Ltd.,scheduled,S-14,2028-04-21,B737-8,B38M,Boeing,Boeing 737-8,FW,176,176,passenger,sch-oper.pdf,2024-06-10,2024-06-10
VT-BXI,80162C,Air India Express,Air India Express Ltd.,scheduled,S-14,2028-04-21,B737-8,B38M,Boeing,Boeing 737-8,FW,176,176,passenger,sch-oper.pdf,2024-06-10,2024-06-10
VT-BXJ,80162D,Air India Express,Air India Express Ltd.,scheduled,S-14,2028-04-21,B737-8,B38M,Boeing,Boeing 737-8,FW,176,176,passenger,sch-oper.pdf,2024-06-10,2024-06-10
VT-BXK,801643,Air India Express,Air India Express Ltd.,scheduled,S-14,2028-04-21,B737-8,B38M,Boeing,Boeing 737-8,FW,176,176,passenger,sch-oper.pdf,2024-06-10,2024-06-10
VT-BXL,80165E,Air India Express,Air India Express Ltd.,scheduled,S-14,2028-04-21,B737-8,B38M,Boeing,Boeing 737-8,FW,176,176,passenger,sch-oper.pdf,2024-06-10,2024-06-10
VT-BXM,801670,Air India Express,Air India Express Ltd.,scheduled,S-14,2028-04-21,B737-8,B38M,Boeing,Boeing 737-8,FW,176,176,passenger,sch-oper.pdf,2024-06-10,2024-06-10
VT-BXN,80165C,Air India Express,Air India Express Ltd.,scheduled,S-14,2028-04-21,B737-8,B38M,Boeing,Boeing 737-8,FW,176,176,passenger,sch-oper.pdf,2024-06-10,2024-06-10
VT-BXO,80165D,Air India Express,Air India Express Ltd.,scheduled,S-14,2028-04-21,B737-8,B38M,Boeing,Boeing 737-8,FW,176,176,passenger,sch-oper.pdf,2024-06-10,2024-06-10
VT-BXP,80166D,Air India Express,Air India Express Ltd.,scheduled,S-14,2028-04-21,B737-8,B38M,Boeing,Boeing 737-8,FW,176,176,passenger,sch-oper.pdf,2024-06-10,2024-06-10
VT-BXQ,801641,Air India Express,Air India Express Ltd.,scheduled,S-14,2028-04-21,B737-8,B38M,Boeing,Boeing 737-8,FW,176,176,passenger,sch-oper.pdf,2024-06-10,2024-06-10
VT-BXR,801642,Air India Express,Air India Express Ltd.,scheduled,S-14,2028-04-21,B737-8,B38M,Boeing,Boeing 737-8,FW,176,176,passenger,sch-oper.pdf,2024-06-10,2024-06-10
VT-BXS,801650,Air India Express,Air India Express Ltd.,scheduled,S-14,2028-04-21,B737-8,B38M,Boeing,Boeing 737-8,FW,176,176,passenger,sch-oper.pdf,2024-06-10,2024-06-10
VT-BXZ,801673,Air India Express,Air India Express Ltd.,scheduled,S-14,2028-04-21,B737-8,B38M,Boeing,Boeing 737-8,FW,176,176,passenger,sch-oper.pdf,2024-06-10,2024-06-10
VT-CID,800BE5,Air India,Air India Ltd.,scheduled,S-9,2028-06-30,A320-251N,A20N,Airbus,Airbus A320neo,FW,162,162,passenger,sch-oper.pdf,2024-06-10,2024-06-10
VT-CIE,800BE6,Air India,Air India Ltd.,scheduled,S-9,2028-06-30,A320-251N,A20N,Airbus,Airbus A320neo,FW,162,162,passenger,sch-oper.pdf,2024-06-10,2024-06-10
VT-CIF,800BFB,Air India,Air India Ltd.,scheduled,S-9,2028-06-30,A320-251N,A20N,Airbus,Airbus A320neo,FW,162,162,passenger,sch-oper.pdf,2024-06-10,2024-06-10
VT-CIG,800C42,Air India,Air India Ltd.,scheduled,S-9,2028-06-30,A320-251N,A20N,Airbus,Airbus A320neo,FW,162,162,passenger,sch-oper.pdf,2024-06-10,2024-06-10
VT-CIH,800C4A,Air India,Air India Ltd.,scheduled,S-9,2028-06-30,A320-251N,A20N,Airbus,Airbus A320neo,FW,162,162,passenger,sch-oper.pdf,2024-06-10,2024-06-10
VT-CIM,800C85,Air India,Air India Ltd.,scheduled,S-9,2028-06-30,A320-251N,A20N,Airbus,Airbus A320neo,FW,162,162,passenger,sch-oper.pdf,2024-06-10,2024-06-10
VT-CIN,800C86,Air India,Air India Ltd.,scheduled,S-9,2028-06-30,A320-251N,A20N,Airbus,Airbus A320neo,FW,162,162,passenger,sch-oper.pdf,2024-06-10,2024-06-10
VT-CIO,800C87,Air India,Air India Ltd.,scheduled,S-9,2028-06-30,A320-251N,A20N,Airbus,Airbus A320neo,FW,162,162,passenger,sch-oper.pdf,2024-06-10,2024-06-10
VT-CIP,800C88,Air India,Air India Ltd.,scheduled,S-9,2028-06-30,A320-251N,A20N,Airbus,Airbus A320neo,FW,162,162,passenger,sch-oper.pdf,2024-06-10,2024-06-10
VT-CIQ,800C89,Air India,Air India Ltd.,scheduled,S-9,2028-06-30,A320-251N,A20N,Airbus,Airbus A320neo,FW,162,162,passenger,sch-oper.pdf,2024-06-10,2024-06-10
VT-EDC,80057D,Air India,Air India Ltd.,scheduled,S-9,2028-06-30,A320-214,A320,Airbus,Airbus A320,FW,150,150,passenger,sch-oper.pdf,2024-06-10,2024-06-10
VT-EDD,80057C,Air India,Air India Ltd.,scheduled,S-9,2028-06-30,A320-214,A320,Airbus,Airbus A320,FW,150,150,passenger,sch-oper.pdf,2024-06-10,2024-06-10
VT-EDE,800588,Air India,Air India Ltd.,scheduled,S-9,2028-06-30,A320-214,A320,Airbus,Airbus A320,FW,150,150,passenger,sch-oper.pdf,2024-06-10,2024-06-10
VT-EDF,800589,Air India,Air India Ltd.,scheduled,S-9,2028-06-30,A320-214,A320,Airbus,Airbus A320,FW,150,150,passenger,sch-oper.pdf,2024-06-10,2024-06-10
VT-EXA,800B30,Air India,Air India Ltd.,scheduled,S-9,2028-06-30,A320-214,A320,Airbus,Airbus A320,FW,150,150,passenger,sch-oper.pdf,2024-06-10,2024-06-10
VT-EXB,800B44,Air India,Air India Ltd.,scheduled,S-9,2028-06-30,A320-214,A320,Airbus,Airbus A320,FW,150,150,passenger,sch-oper.pdf,2024-06-10,2024-06-10
VT-EXC,800B61,Air India,Air India Ltd.,scheduled,S-9,2028-06-30,A320-214,A320,Airbus,Airbus A320,FW,150,150,passenger,sch-oper.pdf,2024-06-10,2024-06-10
VT-EXD,800B62,Air India,Air India Ltd.,scheduled,S-9,2028-06-30,A320-214,A320,Airbus,Airbus A320,FW,150,150,passenger,sch-oper.pdf,2024-06-10,2024-06-10
VT-EXE,800B63,Air India,Air India Ltd.,scheduled,S-9,2028-06-30,A320-214,A320,Airbus,Airbus A320,FW,150,150,passenger,sch-oper.pdf,2024-06-10,2024-06-10
VT-EXF,800BD4,Air India,Air India Ltd.,scheduled,S-9,2028-06-30,A320-251N,A20N,Airbus,Airbus A320neo,FW,162,162,passenger,sch-oper.pdf,2024-06-10,2024-06-10
VT-EXG,800BEF,Air India,Air India Ltd.,scheduled,S-9,2028-06-30,A320-251N,A20N,Airbus,Airbus A320neo,FW,162,162,passenger,sch-oper.pdf,2024-06-10,2024-06-10
VT-EXH,800C07,Air India,Air India Ltd.,scheduled,S-9,2028-06-30,A320-251N,A20N,Airbus,Airbus A320neo,FW,162,162,passenger,sch-oper.pdf,2024-06-10,2024-06-10
VT-EXI,800C08,Air India,Air India Ltd.,scheduled,S-9,2028-06-30,A320-251N,A20N,Airbus,Airbus A320neo,FW,162,162,passenger,sch-oper.pdf,2024-06-10,2024-06-10
VT-EXJ,800C43,Air India,Air India Ltd.,scheduled,S-9,2028-06-30,A320-251N,A20N,Airbus,Airbus A320neo,FW,162,162,passenger,sch-oper.pdf,2024-06-10,2024-06-10
VT-EXK,800C44,Air India,Air India Ltd.,scheduled,S-9,2028-06-30,A320-251N,A20N,Airbus,Airbus A320neo,FW,162,162,passenger,sch-oper.pdf,2024-06-10,2024-06-10
VT-EXL,800C48,Air India,Air India Ltd.,scheduled,S-9,2028-06-30,A320-251N,A20N,Airbus,Airbus A320neo,FW,162,162,passenger,sch-oper.pdf,2024-06-10,2024-06-10
VT-EXM,800C4B,Air India,Air India Ltd.,scheduled,S-9,2028-06-30,A320-251N,A20N,Airbus,Airbus A320neo,FW,162,162,passenger,sch-oper.pdf,2024-06-10,2024-06-10
VT-EXN,800CC7,Air India,Air India Ltd.,scheduled,S-9,2028-06-30,A320-251N,A20N,Airbus,Airbus A320neo,FW,162,162,passenger,sch-oper.pdf,2024-06-10,2024-06-10
VT-EXO,800CC8,Air India,Air India Ltd.,scheduled,S-9,2028-06-30,A320-251N,A20N,Airbus,Airbus A320neo,FW,162,162,passenger,sch-oper.pdf,2024-06-10,2024-06-10
VT-EXP,800CFE,Air India,Air India Ltd.,scheduled,S-9,2028-06-30,A320-251N,A20N,Airbus,Airbus A320neo,FW,162,162,passenger,sch-oper.pdf,2024-06-10,2024-06-10
VT-EXQ,800CFF,Air India,Air India Ltd.,scheduled,S-9,2028-06-30,A320-251N,A20N,Airbus,Airbus A320neo,FW,162,162,passenger,sch-oper.pdf,2024-06-10,2024-06-10
VT-EXR,800D40,Air India,Air India Ltd.,scheduled,S-9,2028-06-30,A320-251N,A20N,Airbus,Airbus A320neo,FW,162,162,passenger,sch-oper.pdf,2024-06-10,2024-06-10
VT-EXS,800D41,Air India,Air India Ltd.,scheduled,S-9,2028-06-30,A320-251N,A20N,Airbus,Airbus A320neo,FW,162,162,passenger,sch-oper.pdf,2024-06-10,2024-06-10
VT-EXT,800BE7,Air India,Air India Ltd.,scheduled,S-9,2028-06-30,A320-251N,A20N,Airbus,Airbus A320neo,FW,162,162,passenger,sch-oper.pdf,2024-06-10,2024-06-10
VT-EXU,800BF9,Air India,Air India Ltd.,scheduled,S-9,2028-06-30,A320-251N,A20N,Airbus,Airbus A320neo,FW,162,162,passenger,sch-oper.pdf,2024-06-10,2024-06-10
VT-EXV,800BFA,Air India,Air India Ltd.,scheduled,S-9,2028-06-30,A320-251N,A20N,Airbus,Airbus A320neo,FW,162,162,passenger,sch-oper.pdf,2024-06-10,2024-06-10
VT-FIB,801653,Fly91,Just Udo Aviation Pvt.,scheduled,SC-10,2027-03-05,ATR72-600,AT76,ATR,ATR 72-600,FW,72,72,passenger,sch-oper.pdf,2024-06-10,2024-06-10
VT-FIC,801684,Fly91,Just Udo Aviation Pvt.,scheduled,SC-10,2027-03-05,ATR72-600,AT76,ATR,ATR 72-600,FW,72,72,passenger,sch-oper.pdf,2024-06-10,2024-06-10
VT-GHA,800B99,Air India Express,Air India Express Ltd.,scheduled,S-14,2028-04-21,B737-800,B738,Boeing,Boeing 737-800,FW,186,186,passenger,sch-oper.pdf,2024-06-10,2024-06-10
VT-GHB,800B9A,Air India Express,Air India Express Ltd.,scheduled,S-14,2028-04-21,B737-800,B738,Boeing,Boeing 737-800,FW,186,186,passenger,sch-oper.pdf,2024-06-10,2024-06-10
VT-GHC,800B9B,Air India Express,Air India Express Ltd.,scheduled,S-14,2028-04-21,B737-800,B738,Boeing,Boeing 737-800,FW,186,186,passenger,sch-oper.pdf,2024-06-10,2024-06-10
VT-GHD,800B9C,Air India Express,Air India Express Ltd.,scheduled,S-14,2028-04-21,B737-800,B738,Boeing,Boeing 737-800,FW,186,186,passenger,sch-oper.pdf,2024-06-10,2024-06-10
VT-GHE,800B9D,Air India Express,Air India Express Ltd.,scheduled,S-14,2028-04-21,B737-800,B738,Boeing,Boeing 737-800,FW,186,186,passenger,sch-oper.pdf,2024-06-10,2024-06-10
VT-GHF,800B9E,Air India Express,Air India Express Ltd.,scheduled,S-14,2028-04-21,B737-800,B738,Boeing,Boeing 737-800,FW,186,186,passenger,sch-oper.pdf,2024-06-10,2024-06-10
VT-GHI,800CD5,Air India Express,Air India Express Ltd.,scheduled,S-14,2028-04-21,B737-800,B738,Boeing,Boeing 737-800,FW,186,186,passenger,sch-oper.pdf,2024-06-10,2024-06-10
VT-GHK,800CD6,Air India Express,Air India Express Ltd.,scheduled,S-14,2028-04-21,B737-800,B738,Boeing,Boeing 737-800,FW,186,186,passenger,sch-oper.pdf,2024-06-10,2024-06-10
VT-GSC,800C8A,Star Air,Ghodawat Enterprises Pvt. Ltd.,scheduled,SC-04,2028-12-31,EMB-145LR,E145,Embraer,Embraer ERJ 145,FW,50,50,passenger,sch-oper.pdf,2024-06-10,2024-06-10
VT-GSE,800CC1,Star Air,Ghodawat Enterprises Pvt. Ltd.,scheduled,SC-04,2028-12-31,EMB-145LR,E145,Embraer,Embraer ERJ 145,FW,50,50,passenger,sch-oper.pdf,2024-06-10,2024-06-10
VT-GSF,8013B3,Star Air,Ghodawat Enterprises Pvt. Ltd.,scheduled,SC-04,2028-12-31,EMB-145LR,E145,Embraer,Embraer ERJ 145,FW,50,50,passenger,sch-oper.pdf,2024-06-10,2024-06-10
VT-GSH,8015DD,Star Air,Ghodawat Enterprises Pvt. Ltd.,scheduled,SC-04,2028-12-31,EMB-170,E170,Embraer,Embraer E170,FW,76,76,passenger,sch-oper.pdf,2024-06-10,2024-06-10
VT-GSI,801580,Star Air,Ghodawat Enterprises Pvt. Ltd.,scheduled,SC-04,2028-12-31,EMB-170,E170,Embraer,Embraer E170,FW,76,76,passenger,sch-oper.pdf,2024-06-10,2024-06-10
VT-GSJ,80159B,Star Air,Ghodawat Enterprises Pvt. Ltd.,scheduled,SC-04,2028-12-31,EMB-170,E170,Embraer,Embraer E170,FW,76,76,passenger,sch-oper.pdf,2024-06-10,2024-06-10
VT-GSN,8013EE,Star Air,Ghodawat Enterprises Pvt. Ltd.,scheduled,SC-04,2028-12-31,EMB-145LR,E145,Embraer,Embraer ERJ 145,FW,50,50,passenger,sch-oper.pdf,2024-06-10,2024-06-10
VT-GSS,801418,Star Air,Ghodawat Enterprises Pvt. Ltd.,scheduled,SC-04,2028-12-31,EMB-145LR,E145,Embraer,Embraer ERJ 145,FW,50,50,passenger,sch-oper.pdf,2024-06-10,2024-06-10
VT-GSU,801618,Star Air,Ghodawat Enterprises Pvt. Ltd.,scheduled,SC-04,2028-12-31,EMB-170,E170,Embraer,Embraer E170,FW,76,76,passenger,sch-oper.pdf,2024-06-10,2024-06-10
VT-GWH,800CB8,Air India Express,AIX Connect Pvt. Ltd.,scheduled,S-26,2029-05-06,A320-216,A320,Airbus,Airbus A320,FW,180,180,passenger,sch-oper.pdf,2024-06-10,2024-06-10
VT-HIT,8015F2,FlyBig,Big Charter Pvt. Ltd.,scheduled,SC-07,2025-12-13,DHC-6-400 (Twin Otter),DHC6,De Havilland Canada,DHC-6 Twin Otter,FW,19,19,passenger,sch-oper.pdf,2024-06-10,2024-06-10
VT-HJS,,GSEC Monarch & Deccan Charters,GSEC Monarch and Deccan Aviation Pvt.,scheduled,SC-09,2025-06-23,Cessna Grand,,Other,Cessna Grand,FW,9,9,passenger,sch-oper.pdf,2024-06-10,2024-06-10
VT-HKG,,Air India Express,AIX Connect Pvt. Ltd.,scheduled,S-26,2029-05-06,A320-214,A320,Airbus,Airbus A320,FW,180,180,passenger,sch-oper.pdf,2024-06-10,2024-06-10
VT-HYD,800BE9,Air India Express,AIX Connect Pvt. Ltd.,scheduled,S-26,2029-05-06,A320-216,A320,Airbus,Airbus A320,FW,180,180,passenger,sch-oper.pdf,2024-06-10,2024-06-10
VT-IAN,800AF4,IndiGo,Interglobe Aviation Ltd.,scheduled,S-19,2027-08-02,A320-232,A320,Airbus,Airbus A320,FW,180,180,passenger,sch-oper.pdf,2024-06-10,2024-06-10
VT-IAO,800AF5,IndiGo,Interglobe Aviation Ltd.,scheduled,S-19,2027-08-02,A320-232,A320,Airbus,Airbus A320,FW,180,180,passenger,sch-oper.pdf,2024-06-10,2024-06-10
VT-IAQ,800B12,IndiGo,Interglobe Aviation Ltd.,scheduled,S-19,2027-08-02,A320-232,A320,Airbus,Airbus A320,FW,180,180,passenger,sch-oper.pdf,2024-06-10,2024-06-10
VT-IAR,800B13,IndiGo,Interglobe Aviation Ltd.,scheduled,S-19,2027-08-02,A320-232,A320,Airbus,Airbus A320,FW,180,180,passenger,sch-oper.pdf,2024-06-10,2024-06-10
VT-IAS,800B14,IndiGo,Interglobe Aviation Ltd.,scheduled,S-19,2027-08-02,A320-232,A320,Airbus,Airbus A320,FW,180,180,passenger,sch-oper.pdf,2024-06-10,2024-06-10
VT-IAX,800B2B,IndiGo,Interglobe Aviation Ltd.,scheduled,S-19,2027-08-02,A320-232,A320,Airbus,Airbus A320,FW,180,180,passenger,sch-oper.pdf,2024-06-10,2024-06-10
VT-IBB,80153E,IndiGo,Interglobe Aviation Ltd.,scheduled,S-19,2027-08-02,A321-252NX,A21N,Airbus,Airbus A321neo,FW,232,232,passenger,sch-oper.pdf,2024-06-10,2024-06-10
VT-IBC,80154B,IndiGo,Interglobe Aviation Ltd.,scheduled,S-19,2027-08-02,A321-252NX,A21N,Airbus,Airbus A321neo,FW,232,232,passenger,sch-oper.pdf,2024-06-10,2024-06-10
VT-IBD,80154D,IndiGo,Interglobe Aviation Ltd.,scheduled,S-19,2027-08-02,A321-252NX,A21N,Airbus,Airbus A321neo,FW,232,232,passenger,sch-oper.pdf,2024-06-10,2024-06-10
VT-IBE,801551,IndiGo,Interglobe Aviation Ltd.,scheduled,S-19,2027-08-02,A321-252NX,A21N,Airbus,Airbus A321neo,FW,232,232,passenger,sch-oper.pdf,2024-06-10,2024-06-10
VT-IBF,80155B,IndiGo,Interglobe Aviation Ltd.,scheduled,S-19,2027-08-02,A321-252NX,A21N,Airbus,Airbus A321neo,FW,232,232,passenger,sch-oper.pdf,2024-06-10,2024-06-10
VT-IBH,80155C,IndiGo,Interglobe Aviation Ltd.,scheduled,S-19,2027-08-02,A321-252NX,A21N,Airbus,Airbus A321neo,FW,232,232,passenger,sch-oper.pdf,2024-06-10,2024-06-10
VT-IBI,80158A,IndiGo,Interglobe Aviation Ltd.,scheduled,S-19,2027-08-02,A321-252NX,A21N,Airbus,Airbus A321neo,FW,232,232,passenger,sch-oper.pdf,2024-06-10,2024-06-10
VT-IBJ,80156A,IndiGo,Interglobe Aviation Ltd.,scheduled,S-19,2027-08-02,A321-252NX,A21N,Airbus,Airbus A321neo,FW,232,232,passenger,sch-oper.pdf,2024-06-10,2024-06-10
VT-IBK,8015AD,IndiGo,Interglobe Aviation Ltd.,scheduled,S-19,2027-08-02,A321-252NX,A21N,Airbus,Airbus A321neo,FW,232,232,passenger,sch-oper.pdf,2024-06-10,2024-06-10
VT-IBL,8015B2,IndiGo,Interglobe Aviation Ltd.,scheduled,S-19,2027-08-02,A321-252NX,A21N,Airbus,Airbus A321neo,FW,232,232,passenger,sch-oper.pdf,2024-06-10,2024-06-10
VT-IBM,8015BC,IndiGo,Interglobe Aviation Ltd.,scheduled,S-19,2027-08-02,A321-252NX,A21N,Airbus,Airbus A321neo,FW,232,232,passenger,sch-oper.pdf,2024-06-10,2024-06-10
VT-IBN,8015C7,IndiGo,Interglobe Aviation Ltd.,scheduled,S-19,2027-08-02,A321-252NX,A21N,Airbus,Airbus A321neo,FW,232,232,passenger,sch-oper.pdf,2024-06-10,2024-06-10
VT-IBO,8015C2,IndiGo,Interglobe Aviation Ltd.,scheduled,S-19,2027-08-02,A321-252NX,A21N,Airbus,Airbus A321neo,FW,232,232,passenger,sch-oper.pdf,2024-06-10,2024-06-10
VT-IBQ,8015CB,IndiGo,Interglobe Aviation Ltd.,scheduled,S-19,2027-08-02,A321-252NX,A21N,Airbus,Airbus A321neo,FW,232,232,passenger,sch-oper.pdf,2024-06-10,2024-06-10
VT-IBT,8015C6,IndiGo,Interglobe Aviation Ltd.,scheduled,S-19,2027-08-02,A321-252NX,A21N,Airbus,Airbus A321neo,FW,232,232,passenger,sch-oper.pdf,2024-06-10,2024-06-10
VT-IBU,8015C9,IndiGo,Interglobe Aviation Ltd.,scheduled,S-19,2027-08-02,A321-252NX,A21N,Airbus,Airbus A321neo,FW,232,232,passenger,sch-oper.pdf,2024-06-10,2024-06-10
VT-IBV,8015D3,IndiGo,Interglobe Aviation Ltd.,scheduled,S-19,2027-08-02,A321-252NX,A21N,Airbus,Airbus A321neo,FW,232,232,passenger,sch-oper.pdf,2024-06-10,2024-06-10
VT-IBW,8015E6,IndiGo,Interglobe Aviation Ltd.,scheduled,S-19,2027-08-02,A321-252NX,A21N,Airbus,Airbus A321neo,FW,232,232,passenger,sch-oper.pdf,2024-06-10,2024-06-10
VT-IBX,8015DB,IndiGo,Interglobe Aviation Ltd.,scheduled,S-19,2027-08-02,A321-252NX,A21N,Airbus,Airbus A321neo,FW,232,232,passenger,sch-oper.pdf,2024-06-10,2024-06-10
VT-IBY,8015E5,IndiGo,Interglobe Aviation Ltd.,scheduled,S-19,2027-08-02,A321-252NX,A21N,Airbus,Airbus A321neo,FW,232,232,passenger,sch-oper.pdf,2024-06-10,2024-06-10
VT-IBZ,8015E7,IndiGo,Interglobe Aviation Ltd.,scheduled,S-19,2027-08-02,A321-252NX,A21N,Airbus,Airbus A321neo,FW,232,232,passenger,sch-oper.pdf,2024-06-10,2024-06-10
VT-ICN,801608,IndiGo,Interglobe Aviation Ltd.,scheduled,S-19,2027-08-02,A321-252NX,A21N,Airbus,Airbus A321neo,FW,232,232,passenger,sch-oper.pdf,2024-06-10,2024-06-10
VT-ICO,80160F,IndiGo,Interglobe Aviation Ltd.,scheduled,S-19,2027-08-02,A321-252NX,A21N,Airbus,Airbus A321neo,FW,232,232,passenger,sch-oper.pdf,2024-06-10,2024-06-10
VT-ICP,80169D,IndiGo,Interglobe Aviation Ltd.,scheduled,S-19,2027-08-02,A321-252NX,A21N,Airbus,Airbus A321neo,FW,232,232,passenger,sch-oper.pdf,2024-06-10,2024-06-10
VT-IFH,800756,IndiGo,Interglobe Aviation Ltd.,scheduled,S-19,2027-08-02,A320-232,A320,Airbus,Airbus A320,FW,180,180,passenger,sch-oper.pdf,2024-06-10,2024-06-10
VT-IFI,8007B0,IndiGo,Interglobe Aviation Ltd.,scheduled,S-19,2027-08-02,A320-232,A320,Airbus,Airbus A320,FW,180,180,passenger,sch-oper.pdf,2024-06-10,2024-06-10
VT-IFK,8007B2,IndiGo,Interglobe Aviation Ltd.,scheduled,S-19,2027-08-02,A320-232,A320,Airbus,Airbus A320,FW,180,180,passenger,sch-oper.pdf,2024-06-10,2024-06-10
VT-IFL,8007B3,IndiGo,Interglobe Aviation Ltd.,scheduled,S-19,2027-08-02,A320-232,A320,Airbus,Airbus A320,FW,180,180,passenger,sch-oper.pdf,2024-06-10,2024-06-10
VT-IFM,8007C9,IndiGo,Interglobe Aviation Ltd.,scheduled,S-19,2027-08-02,A320-232,A320,Airbus,Airbus A320,FW,180,180,passenger,sch-oper.pdf,2024-06-10,2024-06-10
VT-IFN,8007CA,IndiGo,Interglobe Aviation Ltd.,scheduled,S-19,2027-08-02,A320-232,A320,Airbus,Airbus A320,FW,180,180,passenger,sch-oper.pdf,2024-06-10,2024-06-10
VT-IFP,8007CC,IndiGo,Interglobe Aviation Ltd.,scheduled,S-19,2027-08-02,A320-232,A320,Airbus,Airbus A320,FW,180,180,passenger,sch-oper.pdf,2024-06-10,2024-06-10
VT-IFQ,8007CD,IndiGo,Interglobe Aviation Ltd.,scheduled,S-19,2027-08-02,A320-232,A320,Airbus,Airbus A320,FW,180,180,passenger,sch-oper.pdf,2024-06-10,2024-06-10
VT-IFR,8007CE,IndiGo,Interglobe Aviation Ltd.,scheduled,S-19,2027-08-02,A320-232,A320,Airbus,Airbus A320,FW,180,180,passenger,sch-oper.pdf,2024-06-10,2024-06-10
VT-IFS,8007CF,IndiGo,Interglobe Aviation Ltd.,scheduled,S-19,2027-08-02,A320-232,A320,Airbus,Airbus A320,FW,180,180,passenger,sch-oper.pdf,2024-06-10,2024-06-10
VT-IFV,8007DF,IndiGo,Interglobe Aviation Ltd.,scheduled,S-19,2027-08-02,A320-232,A320,Airbus,Airbus A320,FW,180,180,passenger,sch-oper.pdf,2024-06-10,2024-06-10
VT-IFZ,800AF1,IndiGo,Interglobe Aviation Ltd.,scheduled,S-19,2027-08-02,A320-232,A320,Airbus,Airbus A320,FW,180,180,passenger,sch-oper.pdf,2024-06-10,2024-06-10
VT-IHZ,800D43,IndiGo,Interglobe Aviation Ltd.,scheduled,S-19,2027-08-02,A320-232,A320,Airbus,Airbus A320,FW,180,180,passenger,sch-oper.pdf,2024-06-10,2024-06-10
VT-IIA,801455,IndiGo,Interglobe Aviation Ltd.,scheduled,S-19,2027-08-02,A320-251N,A20N,Airbus,Airbus A320neo,FW,186,186,passenger,sch-oper.pdf,2024-06-10,2024-06-10
VT-IIB,80145C,IndiGo,Interglobe Aviation Ltd.,scheduled,S-19,2027-08-02,A320-251N,A20N,Airbus,Airbus A320neo,FW,186,186,passenger,sch-oper.pdf,2024-06-10,2024-06-10
VT-IID,80145D,IndiGo,Interglobe Aviation Ltd.,scheduled,S-19,2027-08-02,A320-251N,A20N,Airbus,Airbus A320neo,FW,186,186,passenger,sch-oper.pdf,2024-06-10,2024-06-10
VT-IIE,80145E,IndiGo,Interglobe Aviation Ltd.,scheduled,S-19,2027-08-02,A320-251N,A20N,Airbus,Airbus A320neo,FW,186,186,passenger,sch-oper.pdf,2024-06-10,2024-06-10
VT-IIF,801470,IndiGo,Interglobe Aviation Ltd.,scheduled,S-19,2027-08-02,A320-251N,A20N,Airbus,Airbus A320neo,FW,186,186,passenger,sch-oper.pdf,2024-06-10,2024-06-10
VT-IIG,80145F,IndiGo,Interglobe Aviation Ltd.,scheduled,S-19,2027-08-02,A320-251N,A20N,Airbus,Airbus A320neo,FW,186,186,passenger,sch-oper.pdf,2024-06-10,2024-06-10
VT-IIH,80148F,IndiGo,Interglobe Aviation Ltd.,scheduled,S-19,2027-08-02,A320-251N,A20N,Airbus,Airbus A320neo,FW,186,186,passenger,sch-oper.pdf,2024-06-10,2024-06-10
VT-IIJ,80148E,IndiGo,Interglobe Aviation Ltd.,scheduled,S-19,2027-08-02,A320-251N,A20N,Airbus,Airbus A320neo,FW,186,186,passenger,sch-oper.pdf,2024-06-10,2024-06-10
VT-IIK,80149A,IndiGo,Interglobe Aviation Ltd.,scheduled,S-19,2027-08-02,A320-251N,A20N,Airbus,Airbus A320neo,FW,186,186,passenger,sch-oper.pdf,2024-06-10,2024-06-10
VT-IIL,80149C,IndiGo,Interglobe Aviation Ltd.,scheduled,S-19,2027-08-02,A320-251N,A20N,Airbus,Airbus A320neo,FW,186,186,passenger,sch-oper.pdf,2024-06-10,2024-06-10
VT-IIM,801499,IndiGo,Interglobe Aviation Ltd.,scheduled,S-19,2027-08-02,A320-251N,A20N,Airbus,Airbus A320neo,FW,186,186,passenger,sch-oper.pdf,2024-06-10,2024-06-10
VT-IIN,8014B0,IndiGo,Interglobe Aviation Ltd.,scheduled,S-19,2027-08-02,A320-251N,A20N,Airbus,Airbus A320neo,FW,186,186,passenger,sch-oper.pdf,2024-06-10,2024-06-10
VT-IIO,8014AF,IndiGo,Interglobe Aviation Ltd.,scheduled,S-19,2027-08-02,A320-251N,A20N,Airbus,Airbus A320neo,FW,186,186,passenger,sch-oper.pdf,2024-06-10,2024-06-10
VT-IIP,8014B2,IndiGo,Interglobe Aviation Ltd.,scheduled,S-19,2027-08-02,A320-251N,A20N,Airbus,Airbus A320neo,FW,186,186,passenger,sch-oper.pdf,2024-06-10,2024-06-10
VT-IIQ,8014BD,IndiGo,Interglobe Aviation Ltd.,scheduled,S-19,2027-08-02,A320-251N,A20N,Airbus,Airbus A320neo,FW,186,186,passenger,sch-oper.pdf,2024-06-10,2024-06-10
VT-IIR,8014BC,IndiGo,Interglobe Aviation Ltd.,scheduled,S-19,2027-08-02,A320-251N,A20N,Airbus,Airbus A320neo,FW,186,186,passenger,sch-oper.pdf,2024-06-10,2024-06-10
VT-IIS,8014C0,IndiGo,Interglobe Aviation Ltd.,scheduled,S-19,2027-08-02,A320-251N,A20N,Airbus,Airbus A320neo,FW,186,186,passenger,sch-oper.pdf,2024-06-10,2024-06-10
VT-IIU,8014D3,IndiGo,Interglobe Aviation Ltd.,scheduled,S-19,2027-08-02,A320-251N,A20N,Airbus,Airbus A320neo,FW,186,186,passenger,sch-oper.pdf,2024-06-10,2024-06-10
VT-IIV,8014D6,IndiGo,Interglobe Aviation Ltd.,scheduled,S-19,2027-08-02,A320-251N,A20N,Airbus,Airbus A320neo,FW,186,186,passenger,sch-oper.pdf,2024-06-10,2024-06-10
VT-IIW,8014DC,IndiGo,Interglobe Aviation Ltd.,scheduled,S-19,2027-08-02,A320-251N,A20N,Airbus,Airbus A320neo,FW,186,186,passenger,sch-oper.pdf,2024-06-10,2024-06-10
VT-IIX,801506,IndiGo,Interglobe Aviation Ltd.,scheduled,S-19,2027-08-02,A320-251N,A20N,Airbus,Airbus A320neo,FW,186,186,passenger,sch-oper.pdf,2024-06-10,2024-06-10
VT-IIY,8014F7,IndiGo,Interglobe Aviation Ltd.,scheduled,S-19,2027-08-02,A320-251N,A20N,Airbus,Airbus A320neo,FW,186,186,passenger,sch-oper.pdf,2024-06-10,2024-06-10
VT-IIZ,8014FA,IndiGo,Interglobe Aviation Ltd.,scheduled,S-19,2027-08-02,A320-251N,A20N,Airbus,Airbus A320neo,FW,186,186,passenger,sch-oper.pdf,2024-06-10,2024-06-10
VT-IJA,,IndiGo,Interglobe Aviation Ltd.,scheduled,S-19,2027-08-02,A320-271N,A20N,Airbus,Airbus A320neo,FW,186,186,passenger,sch-oper.pdf,2024-06-10,2024-06-10
VT-IJB,,IndiGo,Interglobe Aviation Ltd.,scheduled,S-19,2027-08-02,A320-271N,A20N,Airbus,Airbus A320neo,FW,186,186,passenger,sch-oper.pdf,2024-06-10,2024-06-10
VT-IJC,,IndiGo,Interglobe Aviation Ltd.,scheduled,S-19,2027-08-02,A320-271N,A20N,Airbus,Airbus A320neo,FW,186,186,passenger,sch-oper.pdf,2024-06-10,2024-06-10
VT-IJD,,IndiGo,Interglobe Aviation Ltd.,scheduled,S-19,2027-08-02,A320-271N,A20N,Airbus,Airbus A320neo,FW,186,186,passenger,sch-oper.pdf,2024-06-10,2024-06-10
VT-IJE,,IndiGo,Interglobe Aviation Ltd.,scheduled,S-19,2027-08-02,A320-271N,A20N,Airbus,Airbus A320neo,FW,186,186,passenger,sch-oper.pdf,2024-06-10,2024-06-10
VT-IJF,,IndiGo,Interglobe Aviation Ltd.,scheduled,S-19,2027-08-02,A320-271N,A20N,Airbus,Airbus A320neo,FW,186,186,passenger,sch-oper.pdf,2024-06-10,2024-06-10
VT-IJG,800DBA,IndiGo,Interglobe Aviation Ltd.,scheduled,S-19,2027-08-02,A320-271N,A20N,Airbus,Airbus A320neo,FW,186,186,passenger,sch-oper.pdf,2024-06-10,2024-06-10
VT-IJH,800D9C,IndiGo,Interglobe Aviation Ltd.,scheduled,S-19,2027-08-02,A320-271N,A20N,Airbus,Airbus A320neo,FW,186,186,passenger,sch-oper.pdf,2024-06-10,2024-06-10
VT-IJI,800DAA,IndiGo,Interglobe Aviation Ltd.,scheduled,S-19,2027-08-02,A320-271N,A20N,Airbus,Airbus A320neo,FW,186,186,passenger,sch-oper.pdf,2024-06-10,2024-06-10
VT-IJJ,800DAB,IndiGo,Interglobe Aviation Ltd.,scheduled,S-19,2027-08-02,A320-271N,A20N,Airbus,Airbus A320neo,FW,186,186,passenger,sch-oper.pdf,2024-06-10,2024-06-10
VT-IJK,800DAD,IndiGo,Interglobe Aviation Ltd.,scheduled,S-19,2027-08-02,A320-271N,A20N,Airbus,Airbus A320neo,FW,186,186,passenger,sch-oper.pdf,2024-06-10,2024-06-10
VT-IJL,,IndiGo,Interglobe Aviation Ltd.,scheduled,S-19,2027-08-02,A320-271N,A20N,Airbus,Airbus A320neo,FW,186,186,passenger,sch-oper.pdf,2024-06-10,2024-06-10
VT-IJM,800DAC,IndiGo,Interglobe Aviation Ltd.,scheduled,S-19,2027-08-02,A320-271N,A20N,Airbus,Airbus A320neo,FW,186,186,passenger,sch-oper.pdf,2024-06-10,2024-06-10
VT-IJN,8013D3,IndiGo,Interglobe Aviation Ltd.,scheduled,S-19,2027-08-02,A320-271N,A20N,Airbus,Airbus A320neo,FW,186,186,passenger,sch-oper.pdf,2024-06-10,2024-06-10
VT-IJO,80139C,IndiGo,Interglobe Aviation Ltd.,scheduled,S-19,2027-08-02,A320-271N,A20N,Airbus,Airbus A320neo,FW,186,186,passenger,sch-oper.pdf,2024-06-10,2024-06-10
VT-IJP,,IndiGo,Interglobe Aviation Ltd.,scheduled,S-19,2027-08-02,A320-271N,A20N,Airbus,Airbus A320neo,FW,186,186,passenger,sch-oper.pdf,2024-06-10,2024-06-10
VT-IJQ,8013DA,IndiGo,Interglobe Aviation Ltd.,scheduled,S-19,2027-08-02,A320-271N,A20N,Airbus,Airbus A320neo,FW,186,186,passenger,sch-oper.pdf,2024-06-10,2024-06-10
VT-IJR,8013A5,IndiGo,Interglobe Aviation Ltd.,scheduled,S-19,2027-08-02,A320-271N,A20N,Airbus,Airbus A320neo,FW,186,186,passenger,sch-oper.pdf,2024-06-10,2024-06-10
VT-IJT,80139D,IndiGo,Interglobe Aviation Ltd.,scheduled,S-19,2027-08-02,A320-271N,A20N,Airbus,Airbus A320neo,FW,186,186,passenger,sch-oper.pdf,2024-06-10,2024-06-10
VT-IJU,8013AC,IndiGo,Interglobe Aviation Ltd.,scheduled,S-19,2027-08-02,A320-271N,A20N,Airbus,Airbus A320neo,FW,186,186,passenger,sch-oper.pdf,2024-06-10,2024-06-10
VT-IJV,8013B5,IndiGo,Interglobe Aviation Ltd.,scheduled,S-19,2027-08-02,A320-271N,A20N,Airbus,Airbus A320neo,FW,186,186,passenger,sch-oper.pdf,2024-06-10,2024-06-10
VT-IJW,8013CB,IndiGo,Interglobe Aviation Ltd.,scheduled,S-19,2027-08-02,A320-271N,A20N,Airbus,Airbus A320neo,FW,186,186,passenger,sch-oper.pdf,2024-06-10,2024-06-10
VT-IJX,8013C8,IndiGo,Interglobe Aviation Ltd.,scheduled,S-19,2027-08-02,A320-271N,A20N,Airbus,Airbus A320neo,FW,186,186,passenger,sch-oper.pdf,2024-06-10,2024-06-10
VT-IJY,8013C9,IndiGo,Interglobe Aviation Ltd.,scheduled,S-19,2027-08-02,A320-271N,A20N,Airbus,Airbus A320neo,FW,186,186,passenger,sch-oper.pdf,2024-06-10,2024-06-10
VT-IJZ,8013DC,IndiGo,Interglobe Aviation Ltd.,scheduled,S-19,2027-08-02,A320-271N,A20N,Airbus,Airbus A320neo,FW,186,186,passenger,sch-oper.pdf,2024-06-10,2024-06-10
VT-IKK,8015B8,IndiGo,Interglobe Aviation Ltd.,scheduled,S-19,2027-08-02,A320-232,A320,Airbus,Airbus A320,FW,180,180,passenger,sch-oper.pdf,2024-06-10,2024-06-10
VT-IKN,801578,IndiGo,Interglobe Aviation Ltd.,scheduled,S-19,2027-08-02,A320-271N,A20N,Airbus,Airbus A320neo,FW,186,186,passenger,sch-oper.pdf,2024-06-10,2024-06-10
VT-IKW,8014CF,IndiGo,Interglobe Aviation Ltd.,scheduled,S-19,2027-08-02,A321-211 (Freighter),A321,Airbus,Airbus A321,FW,,Cargo,cargo,sch-oper.pdf,2024-06-10,2024-06-10
VT-IKX,8014F4,IndiGo,Interglobe Aviation Ltd.,scheduled,S-19,2027-08-02,A321-211 (Freighter),A321,Airbus,Airbus A321,FW,,Cargo,cargo,sch-oper.pdf,2024-06-10,2024-06-10
VT-IKY,801611,IndiGo,Interglobe Aviation Ltd.,scheduled,S-19,2027-08-02,A321-211 (Freighter),A321,Airbus,Airbus A321,FW,,Cargo,cargo,sch-oper.pdf,2024-06-10,2024-06-10
VT-ILB,801404,IndiGo,Interglobe Aviation Ltd.,scheduled,S-19,2027-08-02,A321-251NX,A21N,Airbus,Airbus A321neo,FW,232,232,passenger,sch-oper.pdf,2024-06-10,2024-06-10
VT-ILC,801405,IndiGo,Interglobe Aviation Ltd.,scheduled,S-19,2027-08-02,A321-251NX,A21N,Airbus,Airbus A321neo,FW,232,232,passenger,sch-oper.pdf,2024-06-10,2024-06-10
VT-ILD,80140B,IndiGo,Interglobe Aviation Ltd.,scheduled,S-19,2027-08-02,A321-251NX,A21N,Airbus,Airbus A321neo,FW,232,232,passenger,sch-oper.pdf,2024-06-10,2024-06-10
VT-ILE,80142B,IndiGo,Interglobe Aviation Ltd.,scheduled,S-19,2027-08-02,A321-251NX,A21N,Airbus,Airbus A321neo,FW,232,232,passenger,sch-oper.pdf,2024-06-10,2024-06-10
VT-ILF,80140C,IndiGo,Interglobe Aviation Ltd.,scheduled,S-19,2027-08-02,A321-251NX,A21N,Airbus,Airbus A321neo,FW,232,232,passenger,sch-oper.pdf,2024-06-10,2024-06-10
VT-ILG,801422,IndiGo,Interglobe Aviation Ltd.,scheduled,S-19,2027-08-02,A321-251NX,A21N,Airbus,Airbus A321neo,FW,232,232,passenger,sch-oper.pdf,2024-06-10,2024-06-10
VT-ILH,80141F,IndiGo,Interglobe Aviation Ltd.,scheduled,S-19,2027-08-02,A321-251NX,A21N,Airbus,Airbus A321neo,FW,232,232,passenger,sch-oper.pdf,2024-06-10,2024-06-10
VT-ILI,801421,IndiGo,Interglobe Aviation Ltd.,scheduled,S-19,2027-08-02,A321-251NX,A21N,Airbus,Airbus A321neo,FW,232,232,passenger,sch-oper.pdf,2024-06-10,2024-06-10
VT-ILJ,801411,IndiGo,Interglobe Aviation Ltd.,scheduled,S-19,2027-08-02,A321-251NX,A21N,Airbus,Airbus A321neo,FW,232,232,passenger,sch-oper.pdf,2024-06-10,2024-06-10
VT-ILL,80142A,IndiGo,Interglobe Aviation Ltd.,scheduled,S-19,2027-08-02,A321-251NX,A21N,Airbus,Airbus A321neo,FW,232,232,passenger,sch-oper.pdf,2024-06-10,2024-06-10
VT-ILM,801410,IndiGo,Interglobe Aviation Ltd.,scheduled,S-19,2027-08-02,A321-251NX,A21N,Airbus,Airbus A321neo,FW,232,232,passenger,sch-oper.pdf,2024-06-10,2024-06-10
VT-ILN,80141C,IndiGo,Interglobe Aviation Ltd.,scheduled,S-19,2027-08-02,A321-251NX,A21N,Airbus,Airbus A321neo,FW,232,232,passenger,sch-oper.pdf,2024-06-10,2024-06-10
VT-ILO,801427,IndiGo,Interglobe Aviation Ltd.,scheduled,S-19,2027-08-02,A321-251NX,A21N,Airbus,Airbus A321neo,FW,232,232,passenger,sch-oper.pdf,2024-06-10,2024-06-10
VT-ILP,801442,IndiGo,Interglobe Aviation Ltd.,scheduled,S-19,2027-08-02,A321-251NX,A21N,Airbus,Airbus A321neo,FW,232,232,passenger,sch-oper.pdf,2024-06-10,2024-06-10
VT-ILQ,801428,IndiGo,Interglobe Aviation Ltd.,scheduled,S-19,2027-08-02,A321-251NX,A21N,Airbus,Airbus A321neo,FW,232,232,passenger,sch-oper.pdf,2024-06-10,2024-06-10
VT-ILR,801445,IndiGo,Interglobe Aviation Ltd.,scheduled,S-19,2027-08-02,A321-251NX,A21N,Airbus,Airbus A321neo,FW,232,232,passenger,sch-oper.pdf,2024-06-10,2024-06-10
VT-ILS,80145B,IndiGo,Interglobe Aviation Ltd.,scheduled,S-19,2027-08-02,A321-251NX,A21N,Airbus,Airbus A321neo,FW,232,232,passenger,sch-oper.pdf,2024-06-10,2024-06-10
VT-ILT,801461,IndiGo,Interglobe Aviation Ltd.,scheduled,S-19,2027-08-02,A321-251NX,A21N,Airbus,Airbus A321neo,FW,232,232,passenger,sch-oper.pdf,2024-06-10,2024-06-10
VT-ILU,80146F,IndiGo,Interglobe Aviation Ltd.,scheduled,S-19,2027-08-02,A321-251NX,A21N,Airbus,Airbus A321neo,FW,232,232,passenger,sch-oper.pdf,2024-06-10,2024-06-10
VT-ILV,801492,IndiGo,Interglobe Aviation Ltd.,scheduled,S-19,2027-08-02,A321-252NX,A21N,Airbus,Airbus A321neo,FW,232,232,passenger,sch-oper.pdf,2024-06-10,2024-06-10
VT-ILW,80149B,IndiGo,Interglobe Aviation Ltd.,scheduled,S-19,2027-08-02,A321-251NX,A21N,Airbus,Airbus A321neo,FW,232,232,passenger,sch-oper.pdf,2024-06-10,2024-06-10
VT-ILX,80149E,IndiGo,Interglobe Aviation Ltd.,scheduled,S-19,2027-08-02,A321-252NX,A21N,Airbus,Airbus A321neo,FW,232,232,passenger,sch-oper.pdf,2024-06-10,2024-06-10
VT-ILY,80148D,IndiGo,Interglobe Aviation Ltd.,scheduled,S-19,2027-08-02,A321-252NX,A21N,Airbus,Airbus A321neo,FW,232,232,passenger,sch-oper.pdf,2024-06-10,2024-06-10
VT-ILZ,8014A4,IndiGo,Interglobe Aviation Ltd.,scheduled,S-19,2027-08-02,A321-252NX,A21N,Airbus,Airbus A321neo,FW,232,232,passenger,sch-oper.pdf,2024-06-10,2024-06-10
VT-IMB,8014A3,IndiGo,Interglobe Aviation Ltd.,scheduled,S-19,2027-08-02,A321-252NX,A21N,Airbus,Airbus A321neo,FW,232,232,passenger,sch-oper.pdf,2024-06-10,2024-06-10
VT-IMC,8014AD,IndiGo,Interglobe Aviation Ltd.,scheduled,S-19,2027-08-02,A321-252NX,A21N,Airbus,Airbus A321neo,FW,232,232,passenger,sch-oper.pdf,2024-06-10,2024-06-10
VT-IMD,8014B4,IndiGo,Interglobe Aviation Ltd.,scheduled,S-19,2027-08-02,A321-252NX,A21N,Airbus,Airbus A321neo,FW,232,232,passenger,sch-oper.pdf,2024-06-10,2024-06-10
VT-IME,8014B3,IndiGo,Interglobe Aviation Ltd.,scheduled,S-19,2027-08-02,A321-252NX,A21N,Airbus,Airbus A321neo,FW,232,232,passenger,sch-oper.pdf,2024-06-10,2024-06-10
VT-IMG,8014C1,IndiGo,Interglobe Aviation Ltd.,scheduled,S-19,2027-08-02,A321-252NX,A21N,Airbus,Airbus A321neo,FW,232,232,passenger,sch-oper.pdf,2024-06-10,2024-06-10
VT-IMH,8014BB,IndiGo,Interglobe Aviation Ltd.,scheduled,S-19,2027-08-02,A321-252NX,A21N,Airbus,Airbus A321neo,FW,232,232,passenger,sch-oper.pdf,2024-06-10,2024-06-10
VT-IMI,8014C8,IndiGo,Interglobe Aviation Ltd.,scheduled,S-19,2027-08-02,A321-252NX,A21N,Airbus,Airbus A321neo,FW,232,232,passenger,sch-oper.pdf,2024-06-10,2024-06-10
VT-IMJ,8014D8,IndiGo,Interglobe Aviation Ltd.,scheduled,S-19,2027-08-02,A321-252NX,A21N,Airbus,Airbus A321neo,FW,232,232,passenger,sch-oper.pdf,2024-06-10,2024-06-10
VT-IMK,8014D9,IndiGo,Interglobe Aviation Ltd.,scheduled,S-19,2027-08-02,A321-252NX,A21N,Airbus,Airbus A321neo,FW,232,232,passenger,sch-oper.pdf,2024-06-10,2024-06-10
VT-IML,8014CE,IndiGo,Interglobe Aviation Ltd.,scheduled,S-19,2027-08-02,A321-252NX,A21N,Airbus,Airbus A321neo,FW,232,232,passenger,sch-oper.pdf,2024-06-10,2024-06-10
VT-IMM,8014DE,IndiGo,Interglobe Aviation Ltd.,scheduled,S-19,2027-08-02,A321-252NX,A21N,Airbus,Airbus A321neo,FW,232,232,passenger,sch-oper.pdf,2024-06-10,2024-06-10
VT-IMN,8014E4,IndiGo,Interglobe Aviation Ltd.,scheduled,S-19,2027-08-02,A321-252NX,A21N,Airbus,Airbus A321neo,FW,232,232,passenger,sch-oper.pdf,2024-06-10,2024-06-10
VT-IMP,800C9D,Air India Express,AIX Connect Pvt. Ltd.,scheduled,S-26,2029-05-06,A320-216,A320,Airbus,Airbus A320,FW,180,180,passenger,sch-oper.pdf,2024-06-10,2024-06-10
VT-IMQ,8014E5,IndiGo,Interglobe Aviation Ltd.,scheduled,S-19,2027-08-02,A321-252NX,A21N,Airbus,Airbus A321neo,FW,232,232,passenger,sch-oper.pdf,2024-06-10,2024-06-10
VT-IMR,8014DF,IndiGo,Interglobe Aviation Ltd.,scheduled,S-19,2027-08-02,A321-252NX,A21N,Airbus,Airbus A321neo,FW,232,232,passenger,sch-oper.pdf,2024-06-10,2024-06-10
VT-IMS,8014E8,IndiGo,Interglobe Aviation Ltd.,scheduled,S-19,2027-08-02,A321-252NX,A21N,Airbus,Airbus A321neo,FW,232,232,passenger,sch-oper.pdf,2024-06-10,2024-06-10
VT-IMU,801502,IndiGo,Interglobe Aviation Ltd.,scheduled,S-19,2027-08-02,A321-252NX,A21N,Airbus,Airbus A321neo,FW,232,232,passenger,sch-oper.pdf,2024-06-10,2024-06-10
VT-IMV,801523,IndiGo,Interglobe Aviation Ltd.,scheduled,S-19,2027-08-02,A321-252NX,A21N,Airbus,Airbus A321neo,FW,232,232,passenger,sch-oper.pdf,2024-06-10,2024-06-10
VT-IMW,801531,IndiGo,Interglobe Aviation Ltd.,scheduled,S-19,2027-08-02,A321-252NX,A21N,Airbus,Airbus A321neo,FW,232,232,passenger,sch-oper.pdf,2024-06-10,2024-06-10
VT-IMX,801554,IndiGo,Interglobe Aviation Ltd.,scheduled,S-19,2027-08-02,A321-252NX,A21N,Airbus,Airbus A321neo,FW,232,232,passenger,sch-oper.pdf,2024-06-10,2024-06-10
VT-IMY,80152C,IndiGo,Interglobe Aviation Ltd.,scheduled,S-19,2027-08-02,A321-252NX,A21N,Airbus,Airbus A321neo,FW,232,232,passenger,sch-oper.pdf,2024-06-10,2024-06-10
VT-IMZ,801532,IndiGo,Interglobe Aviation Ltd.,scheduled,S-19,2027-08-02,A321-252NX,A21N,Airbus,Airbus A321neo,FW,232,232,passenger,sch-oper.pdf,2024-06-10,2024-06-10
VT-IPC,801503,IndiGo,Interglobe Aviation Ltd.,scheduled,S-19,2027-08-02,A320-251N,A20N,Airbus,Airbus A320neo,FW,186,186,passenger,sch-oper.pdf,2024-06-10,2024-06-10
VT-IPD,801527,IndiGo,Interglobe Aviation Ltd.,scheduled,S-19,2027-08-02,A320-251N,A20N,Airbus,Airbus A320neo,FW,186,186,passenger,sch-oper.pdf,2024-06-10,2024-06-10
VT-IPE,80152D,IndiGo,Interglobe Aviation Ltd.,scheduled,S-19,2027-08-02,A320-251N,A20N,Airbus,Airbus A320neo,FW,186,186,passenger,sch-oper.pdf,2024-06-10,2024-06-10
VT-IPF,80152F,IndiGo,Interglobe Aviation Ltd.,scheduled,S-19,2027-08-02,A320-251N,A20N,Airbus,Airbus A320neo,FW,186,186,passenger,sch-oper.pdf,2024-06-10,2024-06-10
VT-IPG,80152E,IndiGo,Interglobe Aviation Ltd.,scheduled,S-19,2027-08-02,A320-251N,A20N,Airbus,Airbus A320neo,FW,186,186,passenger,sch-oper.pdf,2024-06-10,2024-06-10
VT-IPH,801536,IndiGo,Interglobe Aviation Ltd.,scheduled,S-19,2027-08-02,A320-251N,A20N,Airbus,Airbus A320neo,FW,186,186,passenger,sch-oper.pdf,2024-06-10,2024-06-10
VT-IPI,801540,IndiGo,Interglobe Aviation Ltd.,scheduled,S-19,2027-08-02,A320-251N,A20N,Airbus,Airbus A320neo,FW,186,186,passenger,sch-oper.pdf,2024-06-10,2024-06-10
VT-IPJ,801562,IndiGo,Interglobe Aviation Ltd.,scheduled,S-19,2027-08-02,A320-251N,A20N,Airbus,Airbus A320neo,FW,186,186,passenger,sch-oper.pdf,2024-06-10,2024-06-10
VT-IPK,80155A,IndiGo,Interglobe Aviation Ltd.,scheduled,S-19,2027-08-02,A320-251N,A20N,Airbus,Airbus A320neo,FW,186,186,passenger,sch-oper.pdf,2024-06-10,2024-06-10
VT-IPL,801569,IndiGo,Interglobe Aviation Ltd.,scheduled,S-19,2027-08-02,A320-251N,A20N,Airbus,Airbus A320neo,FW,186,186,passenger,sch-oper.pdf,2024-06-10,2024-06-10
VT-IPM,801560,IndiGo,Interglobe Aviation Ltd.,scheduled,S-19,2027-08-02,A320-251N,A20N,Airbus,Airbus A320neo,FW,186,186,passenger,sch-oper.pdf,2024-06-10,2024-06-10
VT-IPN,80156D,IndiGo,Interglobe Aviation Ltd.,scheduled,S-19,2027-08-02,A320-251N,A20N,Airbus,Airbus A320neo,FW,186,186,passenger,sch-oper.pdf,2024-06-10,2024-06-10
VT-IPO,80156C,IndiGo,Interglobe Aviation Ltd.,scheduled,S-19,2027-08-02,A320-251N,A20N,Airbus,Airbus A320neo,FW,186,186,passenger,sch-oper.pdf,2024-06-10,2024-06-10
VT-IPP,801581,IndiGo,Interglobe Aviation Ltd.,scheduled,S-19,2027-08-02,A320-251N,A20N,Airbus,Airbus A320neo,FW,186,186,passenger,sch-oper.pdf,2024-06-10,2024-06-10
VT-IPQ,801596,IndiGo,Interglobe Aviation Ltd.,scheduled,S-19,2027-08-02,A320-251N,A20N,Airbus,Airbus A320neo,FW,186,186,passenger,sch-oper.pdf,2024-06-10,2024-06-10
VT-IPR,80159A,IndiGo,Interglobe Aviation Ltd.,scheduled,S-19,2027-08-02,A320-251N,A20N,Airbus,Airbus A320neo,FW,186,186,passenger,sch-oper.pdf,2024-06-10,2024-06-10
VT-IPS,8015A4,IndiGo,Interglobe Aviation Ltd.,scheduled,S-19,2027-08-02,A320-251N,A20N,Airbus,Airbus A320neo,FW,186,186,passenger,sch-oper.pdf,2024-06-10,2024-06-10
VT-IPT,8015C0,IndiGo,Interglobe Aviation Ltd.,scheduled,S-19,2027-08-02,A320-251N,A20N,Airbus,Airbus A320neo,FW,186,186,passenger,sch-oper.pdf,2024-06-10,2024-06-10
VT-IPU,8015FC,IndiGo,Interglobe Aviation Ltd.,scheduled,S-19,2027-08-02,A320-251N,A20N,Airbus,Airbus A320neo,FW,186,186,passenger,sch-oper.pdf,2024-06-10,2024-06-10
VT-IPV,8015CA,IndiGo,Interglobe Aviation Ltd.,scheduled,S-19,2027-08-02,A320-251N,A20N,Airbus,Airbus A320neo,FW,186,186,passenger,sch-oper.pdf,2024-06-10,2024-06-10
VT-IPW,8015CE,IndiGo,Interglobe Aviation Ltd.,scheduled,S-19,2027-08-02,A320-251N,A20N,Airbus,Airbus A320neo,FW,186,186,passenger,sch-oper.pdf,2024-06-10,2024-06-10
VT-IPX,8015D8,IndiGo,Interglobe Aviation Ltd.,scheduled,S-19,2027-08-02,A320-251N,A20N,Airbus,Airbus A320neo,FW,186,186,passenger,sch-oper.pdf,2024-06-10,2024-06-10
VT-IPY,8015DA,IndiGo,Interglobe Aviation Ltd.,scheduled,S-19,2027-08-02,A320-251N,A20N,Airbus,Airbus A320neo,FW,186,186,passenger,sch-oper.pdf,2024-06-10,2024-06-10
VT-IPZ,8015D9,IndiGo,Interglobe Aviation Ltd.,scheduled,S-19,2027-08-02,A320-251N,A20N,Airbus,Airbus A320neo,FW,186,186,passenger,sch-oper.pdf,2024-06-10,2024-06-10
VT-IQA,8015E4,IndiGo,Interglobe Aviation Ltd.,scheduled,S-19,2027-08-02,A320-251N,A20N,Airbus,Airbus A320neo,FW,186,186,passenger,sch-oper.pdf,2024-06-10,2024-06-10
VT-IQC,8015E3,IndiGo,Interglobe Aviation Ltd.,scheduled,S-19,2027-08-02,A320-251N,A20N,Airbus,Airbus A320neo,FW,186,186,passenger,sch-oper.pdf,2024-06-10,2024-06-10
VT-IQD,8015F3,IndiGo,Interglobe Aviation Ltd.,scheduled,S-19,2027-08-02,A320-251N,A20N,Airbus,Airbus A320neo,FW,186,186,passenger,sch-oper.pdf,2024-06-10,2024-06-10
VT-IQE,8015E2,IndiGo,Interglobe Aviation Ltd.,scheduled,S-19,2027-08-02,A320-251N,A20N,Airbus,Airbus A320neo,FW,186,186,passenger,sch-oper.pdf,2024-06-10,2024-06-10
VT-IQF,80160A,IndiGo,Interglobe Aviation Ltd.,scheduled,S-19,2027-08-02,A320-251N,A20N,Airbus,Airbus A320neo,FW,186,186,passenger,sch-oper.pdf,2024-06-10,2024-06-10
VT-IQG,80160B,IndiGo,Interglobe Aviation Ltd.,scheduled,S-19,2027-08-02,A320-251N,A20N,Airbus,Airbus A320neo,FW,186,186,passenger,sch-oper.pdf,2024-06-10,2024-06-10
VT-IQH,80160E,IndiGo,Interglobe Aviation Ltd.,scheduled,S-19,2027-08-02,A320-251N,A20N,Airbus,Airbus A320neo,FW,186,186,passenger,sch-oper.pdf,2024-06-10,2024-06-10
VT-IQI,801616,IndiGo,Interglobe Aviation Ltd.,scheduled,S-19,2027-08-02,A320-251N,A20N,Airbus,Airbus A320neo,FW,186,186,passenger,sch-oper.pdf,2024-06-10,2024-06-10
VT-IQJ,801619,IndiGo,Interglobe Aviation Ltd.,scheduled,S-19,2027-08-02,A320-251N,A20N,Airbus,Airbus A320neo,FW,186,186,passenger,sch-oper.pdf,2024-06-10,2024-06-10
VT-IQK,80161A,IndiGo,Interglobe Aviation Ltd.,scheduled,S-19,2027-08-02,A320-251N,A20N,Airbus,Airbus A320neo,FW,186,186,passenger,sch-oper.pdf,2024-06-10,2024-06-10
VT-IQL,80163C,IndiGo,Interglobe Aviation Ltd.,scheduled,S-19,2027-08-02,A320-251N,A20N,Airbus,Airbus A320neo,FW,186,186,passenger,sch-oper.pdf,2024-06-10,2024-06-10
VT-IQM,801621,IndiGo,Interglobe Aviation Ltd.,scheduled,S-19,2027-08-02,A320-251N,A20N,Airbus,Airbus A320neo,FW,186,186,passenger,sch-oper.pdf,2024-06-10,2024-06-10
VT-IQN,80163D,IndiGo,Interglobe Aviation Ltd.,scheduled,S-19,2027-08-02,A320-251N,A20N,Airbus,Airbus A320neo,FW,186,186,passenger,sch-oper.pdf,2024-06-10,2024-06-10
VT-IQO,801622,IndiGo,Interglobe Aviation Ltd.,scheduled,S-19,2027-08-02,A320-251N,A20N,Airbus,Airbus A320neo,FW,186,186,passenger,sch-oper.pdf,2024-06-10,2024-06-10
VT-IQP,801647,IndiGo,Interglobe Aviation Ltd.,scheduled,S-19,2027-08-02,A320-251N,A20N,Airbus,Airbus A320neo,FW,186,186,passenger,sch-oper.pdf,2024-06-10,2024-06-10
VT-IQS,80164C,IndiGo,Interglobe Aviation Ltd.,scheduled,S-19,2027-08-02,A320-251N,A20N,Airbus,Airbus A320neo,FW,186,186,passenger,sch-oper.pdf,2024-06-10,2024-06-10
VT-IQT,801669,IndiGo,Interglobe Aviation Ltd.,scheduled,S-19,2027-08-02,A320-251N,A20N,Airbus,Airbus A320neo,FW,186,186,passenger,sch-oper.pdf,2024-06-10,2024-06-10
VT-IQU,801663,IndiGo,Interglobe Aviation Ltd.,scheduled,S-19,2027-08-02,A320-251N,A20N,Airbus,Airbus A320neo,FW,186,186,passenger,sch-oper.pdf,2024-06-10,2024-06-10
VT-IQV,801661,IndiGo,Interglobe Aviation Ltd.,scheduled,S-19,2027-08-02,A320-251N,A20N,Airbus,Airbus A320neo,FW,186,186,passenger,sch-oper.pdf,2024-06-10,2024-06-10
VT-IQX,80164B,IndiGo,Interglobe Aviation Ltd.,scheduled,S-19,2027-08-02,A320-251N,A20N,Airbus,Airbus A320neo,FW,186,186,passenger,sch-oper.pdf,2024-06-10,2024-06-10
VT-IQY,801662,IndiGo,Interglobe Aviation Ltd.,scheduled,S-19,2027-08-02,A320-251N,A20N,Airbus,Airbus A320neo,FW,186,186,passenger,sch-oper.pdf,2024-06-10,2024-06-10
VT-IRA,80146E,IndiGo,Interglobe Aviation Ltd.,scheduled,S-19,2027-08-02,ATR72-600,AT76,ATR,ATR 72-600,FW,74,74,passenger,sch-oper.pdf,2024-06-10,2024-06-10
VT-IRB,80149F,IndiGo,Interglobe Aviation Ltd.,scheduled,S-19,2027-08-02,ATR72-600,AT76,ATR,ATR 72-600,FW,74,74,passenger,sch-oper.pdf,2024-06-10,2024-06-10
VT-IRD,80149D,IndiGo,Interglobe Aviation Ltd.,scheduled,S-19,2027-08-02,ATR72-600,AT76,ATR,ATR 72-600,FW,74,74,passenger,sch-oper.pdf,2024-06-10,2024-06-10
VT-IRE,80155E,IndiGo,Interglobe Aviation Ltd.,scheduled,S-19,2027-08-02,ATR72-600,AT76,ATR,ATR 72-600,FW,74,74,passenger,sch-oper.pdf,2024-06-10,2024-06-10
VT-IRF,801573,IndiGo,Interglobe Aviation Ltd.,scheduled,S-19,2027-08-02,ATR72-600,AT76,ATR,ATR 72-600,FW,74,74,passenger,sch-oper.pdf,2024-06-10,2024-06-10
VT-IRG,801566,IndiGo,Interglobe Aviation Ltd.,scheduled,S-19,2027-08-02,ATR72-600,AT76,ATR,ATR 72-600,FW,74,74,passenger,sch-oper.pdf,2024-06-10,2024-06-10
VT-IRH,801571,IndiGo,Interglobe Aviation Ltd.,scheduled,S-19,2027-08-02,ATR72-600,AT76,ATR,ATR 72-600,FW,74,74,passenger,sch-oper.pdf,2024-06-10,2024-06-10
VT-IRI,8015D2,IndiGo,Interglobe Aviation Ltd.,scheduled,S-19,2027-08-02,ATR72-600,AT76,ATR,ATR 72-600,FW,74,74,passenger,sch-oper.pdf,2024-06-10,2024-06-10
VT-IRJ,8015D1,IndiGo,Interglobe Aviation Ltd.,scheduled,S-19,2027-08-02,ATR72-600,AT76,ATR,ATR 72-600,FW,74,74,passenger,sch-oper.pdf,2024-06-10,2024-06-10
VT-IRK,8015ED,IndiGo,Interglobe Aviation Ltd.,scheduled,S-19,2027-08-02,ATR72-600,AT76,ATR,ATR 72-600,FW,74,74,passenger,sch-oper.pdf,2024-06-10,2024-06-10
VT-IRL,801631,IndiGo,Interglobe Aviation Ltd.,scheduled,S-19,2027-08-02,ATR72-600,AT76,ATR,ATR 72-600,FW,74,74,passenger,sch-oper.pdf,2024-06-10,2024-06-10
VT-IRM,80162A,IndiGo,Interglobe Aviation Ltd.,scheduled,S-19,2027-08-02,ATR72-600,AT76,ATR,ATR 72-600,FW,74,74,passenger,sch-oper.pdf,2024-06-10,2024-06-10
VT-IRN,801629,IndiGo,Interglobe Aviation Ltd.,scheduled,S-19,2027-08-02,ATR72-600,AT76,ATR,ATR 72-600,FW,74,74,passenger,sch-oper.pdf,2024-06-10,2024-06-10
VT-ISA,8013D8,IndiGo,Interglobe Aviation Ltd.,scheduled,S-19,2027-08-02,A320-271N,A20N,Airbus,Airbus A320neo,FW,186,186,passenger,sch-oper.pdf,2024-06-10,2024-06-10
VT-ISB,8013DD,IndiGo,Interglobe Aviation Ltd.,scheduled,S-19,2027-08-02,A320-271N,A20N,Airbus,Airbus A320neo,FW,186,186,passenger,sch-oper.pdf,2024-06-10,2024-06-10
VT-ISC,8013DF,IndiGo,Interglobe Aviation Ltd.,scheduled,S-19,2027-08-02,A320-271N,A20N,Airbus,Airbus A320neo,FW,186,186,passenger,sch-oper.pdf,2024-06-10,2024-06-10
VT-ISD,8013DE,IndiGo,Interglobe Aviation Ltd.,scheduled,S-19,2027-08-02,A320-271N,A20N,Airbus,Airbus A320neo,FW,186,186,passenger,sch-oper.pdf,2024-06-10,2024-06-10
VT-ISE,8013F5,IndiGo,Interglobe Aviation Ltd.,scheduled,S-19,2027-08-02,A320-271N,A20N,Airbus,Airbus A320neo,FW,186,186,passenger,sch-oper.pdf,2024-06-10,2024-06-10
VT-ISF,8013E6,IndiGo,Interglobe Aviation Ltd.,scheduled,S-19,2027-08-02,A320-271N,A20N,Airbus,Airbus A320neo,FW,186,186,passenger,sch-oper.pdf,2024-06-10,2024-06-10
VT-ISI,8013E2,IndiGo,Interglobe Aviation Ltd.,scheduled,S-19,2027-08-02,A320-271N,A20N,Airbus,Airbus A320neo,FW,186,186,passenger,sch-oper.pdf,2024-06-10,2024-06-10
VT-ISJ,8013E7,IndiGo,Interglobe Aviation Ltd.,scheduled,S-19,2027-08-02,A320-271N,A20N,Airbus,Airbus A320neo,FW,186,186,passenger,sch-oper.pdf,2024-06-10,2024-06-10
VT-ISK,8013DB,IndiGo,Interglobe Aviation Ltd.,scheduled,S-19,2027-08-02,A320-271N,A20N,Airbus,Airbus A320neo,FW,186,186,passenger,sch-oper.pdf,2024-06-10,2024-06-10
VT-ISL,8013F6,IndiGo,Interglobe Aviation Ltd.,scheduled,S-19,2027-08-02,A320-271N,A20N,Airbus,Airbus A320neo,FW,186,186,passenger,sch-oper.pdf,2024-06-10,2024-06-10
VT-ISM,8013F3,IndiGo,Interglobe Aviation Ltd.,scheduled,S-19,2027-08-02,A320-271N,A20N,Airbus,Airbus A320neo,FW,186,186,passenger,sch-oper.pdf,2024-06-10,2024-06-10
VT-ISN,8013F2,IndiGo,Interglobe Aviation Ltd.,scheduled,S-19,2027-08-02,A320-271N,A20N,Airbus,Airbus A320neo,FW,186,186,passenger,sch-oper.pdf,2024-06-10,2024-06-10
VT-ISO,8013F8,IndiGo,Interglobe Aviation Ltd.,scheduled,S-19,2027-08-02,A320-251N,A20N,Airbus,Airbus A320neo,FW,186,186,passenger,sch-oper.pdf,2024-06-10,2024-06-10
VT-ISP,8013FB,IndiGo,Interglobe Aviation Ltd.,scheduled,S-19,2027-08-02,A320-251N,A20N,Airbus,Airbus A320neo,FW,186,186,passenger,sch-oper.pdf,2024-06-10,2024-06-10
VT-ISQ,8013FC,IndiGo,Interglobe Aviation Ltd.,scheduled,S-19,2027-08-02,A320-251N,A20N,Airbus,Airbus A320neo,FW,186,186,passenger,sch-oper.pdf,2024-06-10,2024-06-10
VT-ISR,8013FD,IndiGo,Interglobe Aviation Ltd.,scheduled,S-19,2027-08-02,A320-251N,A20N,Airbus,Airbus A320neo,FW,186,186,passenger,sch-oper.pdf,2024-06-10,2024-06-10
VT-ISS,80140A,IndiGo,Interglobe Aviation Ltd.,scheduled,S-19,2027-08-02,A320-251N,A20N,Airbus,Airbus A320neo,FW,186,186,passenger,sch-oper.pdf,2024-06-10,2024-06-10
VT-IST,801432,IndiGo,Interglobe Aviation Ltd.,scheduled,S-19,2027-08-02,A320-251N,A20N,Airbus,Airbus A320neo,FW,186,186,passenger,sch-oper.pdf,2024-06-10,2024-06-10
VT-ISU,801434,IndiGo,Interglobe Aviation Ltd.,scheduled,S-19,2027-08-02,A320-251N,A20N,Airbus,Airbus A320neo,FW,186,186,passenger,sch-oper.pdf,2024-06-10,2024-06-10
VT-ISV,801431,IndiGo,Interglobe Aviation Ltd.,scheduled,S-19,2027-08-02,A320-251N,A20N,Airbus,Airbus A320neo,FW,186,186,passenger,sch-oper.pdf,2024-06-10,2024-06-10
VT-ISW,801458,IndiGo,Interglobe Aviation Ltd.,scheduled,S-19,2027-08-02,A320-251N,A20N,Airbus,Airbus A320neo,FW,186,186,passenger,sch-oper.pdf,2024-06-10,2024-06-10
VT-ISX,801454,IndiGo,Interglobe Aviation Ltd.,scheduled,S-19,2027-08-02,A320-251N,A20N,Airbus,Airbus A320neo,FW,186,186,passenger,sch-oper.pdf,2024-06-10,2024-06-10
VT-ISY,801460,IndiGo,Interglobe Aviation Ltd.,scheduled,S-19,2027-08-02,A320-251N,A20N,Airbus,Airbus A320neo,FW,186,186,passenger,sch-oper.pdf,2024-06-10,2024-06-10
VT-ISZ,801462,IndiGo,Interglobe Aviation Ltd.,scheduled,S-19,2027-08-02,A320-251N,A20N,Airbus,Airbus A320neo,FW,186,186,passenger,sch-oper.pdf,2024-06-10,2024-06-10
VT-ITA,800B72,IndiGo,Interglobe Aviation Ltd.,scheduled,S-19,2027-08-02,A320-271N,A20N,Airbus,Airbus A320neo,FW,186,186,passenger,sch-oper.pdf,2024-06-10,2024-06-10
VT-ITB,800B73,IndiGo,Interglobe Aviation Ltd.,scheduled,S-19,2027-08-02,A320-271N,A20N,Airbus,Airbus A320neo,FW,186,186,passenger,sch-oper.pdf,2024-06-10,2024-06-10
VT-ITF,800B77,IndiGo,Interglobe Aviation Ltd.,scheduled,S-19,2027-08-02,A320-271N,A20N,Airbus,Airbus A320neo,FW,186,186,passenger,sch-oper.pdf,2024-06-10,2024-06-10
VT-ITG,800B78,IndiGo,Interglobe Aviation Ltd.,scheduled,S-19,2027-08-02,A320-271N,A20N,Airbus,Airbus A320neo,FW,186,186,passenger,sch-oper.pdf,2024-06-10,2024-06-10
VT-ITI,800BB5,IndiGo,Interglobe Aviation Ltd.,scheduled,S-19,2027-08-02,A320-271N,A20N,Airbus,Airbus A320neo,FW,186,186,passenger,sch-oper.pdf,2024-06-10,2024-06-10
VT-ITK,800BB7,IndiGo,Interglobe Aviation Ltd.,scheduled,S-19,2027-08-02,A320-271N,A20N,Airbus,Airbus A320neo,FW,186,186,passenger,sch-oper.pdf,2024-06-10,2024-06-10
VT-ITL,800BC0,IndiGo,Interglobe Aviation Ltd.,scheduled,S-19,2027-08-02,A320-271N,A20N,Airbus,Airbus A320neo,FW,186,186,passenger,sch-oper.pdf,2024-06-10,2024-06-10
VT-ITM,800BC1,IndiGo,Interglobe Aviation Ltd.,scheduled,S-19,2027-08-02,A320-271N,A20N,Airbus,Airbus A320neo,FW,186,186,passenger,sch-oper.pdf,2024-06-10,2024-06-10
VT-ITN,8008C2,IndiGo,Interglobe Aviation Ltd.,scheduled,S-19,2027-08-02,A320-271N,A20N,Airbus,Airbus A320neo,FW,186,186,passenger,sch-oper.pdf,2024-06-10,2024-06-10
VT-ITO,8008C3,IndiGo,Interglobe Aviation Ltd.,scheduled,S-19,2027-08-02,A320-271N,A20N,Airbus,Airbus A320neo,FW,186,186,passenger,sch-oper.pdf,2024-06-10,2024-06-10
VT-ITP,800BC4,IndiGo,Interglobe Aviation Ltd.,scheduled,S-19,2027-08-02,A320-271N,A20N,Airbus,Airbus A320neo,FW,186,186,passenger,sch-oper.pdf,2024-06-10,2024-06-10
VT-ITQ,800C10,IndiGo,Interglobe Aviation Ltd.,scheduled,S-19,2027-08-02,A320-271N,A20N,Airbus,Airbus A320neo,FW,186,186,passenger,sch-oper.pdf,2024-06-10,2024-06-10
VT-ITR,800C11,IndiGo,Interglobe Aviation Ltd.,scheduled,S-19,2027-08-02,A320-271N,A20N,Airbus,Airbus A320neo,FW,186,186,passenger,sch-oper.pdf,2024-06-10,2024-06-10
VT-ITS,800C01,IndiGo,Interglobe Aviation Ltd.,scheduled,S-19,2027-08-02,A320-271N,A20N,Airbus,Airbus A320neo,FW,186,186,passenger,sch-oper.pdf,2024-06-10,2024-06-10
VT-ITT,800C15,IndiGo,Interglobe Aviation Ltd.,scheduled,S-19,2027-08-02,A320-271N,A20N,Airbus,Airbus A320neo,FW,186,186,passenger,sch-oper.pdf,2024-06-10,2024-06-10
VT-ITU,800C16,IndiGo,Interglobe Aviation Ltd.,scheduled,S-19,2027-08-02,A320-271N,A20N,Airbus,Airbus A320neo,FW,186,186,passenger,sch-oper.pdf,2024-06-10,2024-06-10
VT-ITV,800C12,IndiGo,Interglobe Aviation Ltd.,scheduled,S-19,2027-08-02,A320-271N,A20N,Airbus,Airbus A320neo,FW,186,186,passenger,sch-oper.pdf,2024-06-10,2024-06-10
VT-ITW,800C17,IndiGo,Interglobe Aviation Ltd.,scheduled,S-19,2027-08-02,A320-271N,A20N,Airbus,Airbus A320neo,FW,186,186,passenger,sch-oper.pdf,2024-06-10,2024-06-10
VT-ITX,800C38,IndiGo,Interglobe Aviation Ltd.,scheduled,S-19,2027-08-02,A320-271N,A20N,Airbus,Airbus A320neo,FW,186,186,passenger,sch-oper.pdf,2024-06-10,2024-06-10
VT-ITY,800C39,IndiGo,Interglobe Aviation Ltd.,scheduled,S-19,2027-08-02,A320-271N,A20N,Airbus,Airbus A320neo,FW,186,186,passenger,sch-oper.pdf,2024-06-10,2024-06-10
VT-ITZ,800C63,IndiGo,Interglobe Aviation Ltd.,scheduled,S-19,2027-08-02,A320-271N,A20N,Airbus,Airbus A320neo,FW,186,186,passenger,sch-oper.pdf,2024-06-10,2024-06-10
VT-IUA,800D2F,IndiGo,Interglobe Aviation Ltd.,scheduled,S-19,2027-08-02,A321-271NX,A21N,Airbus,Airbus A321neo,FW,222,222/232,passenger,sch-oper.pdf,2024-06-10,2024-06-10
VT-IUB,,IndiGo,Interglobe Aviation Ltd.,scheduled,S-19,2027-08-02,A321-271NX,A21N,Airbus,Airbus A321neo,FW,222,222/232,passenger,sch-oper.pdf,2024-06-10,2024-06-10
VT-IUC,,IndiGo,Interglobe Aviation Ltd.,scheduled,S-19,2027-08-02,A321-271NX,A21N,Airbus,Airbus A321neo,FW,222,222/232,passenger,sch-oper.pdf,2024-06-10,2024-06-10
VT-IUD,800D58,IndiGo,Interglobe Aviation Ltd.,scheduled,S-19,2027-08-02,A321-271NX,A21N,Airbus,Airbus A321neo,FW,222,222/232,passenger,sch-oper.pdf,2024-06-10,2024-06-10
VT-IUE,800D62,IndiGo,Interglobe Aviation Ltd.,scheduled,S-19,2027-08-02,A321-271NX,A21N,Airbus,Airbus A321neo,FW,222,222/232,passenger,sch-oper.pdf,2024-06-10,2024-06-10
VT-IUF,801394,IndiGo,Interglobe Aviation Ltd.,scheduled,S-19,2027-08-02,A321-271NX,A21N,Airbus,Airbus A321neo,FW,222,222/232,passenger,sch-oper.pdf,2024-06-10,2024-06-10
VT-IUG,800FCF,IndiGo,Interglobe Aviation Ltd.,scheduled,S-19,2027-08-02,A321-271NX,A21N,Airbus,Airbus A321neo,FW,222,222/232,passenger,sch-oper.pdf,2024-06-10,2024-06-10
VT-IUH,,IndiGo,Interglobe Aviation Ltd.,scheduled,S-19,2027-08-02,A321-271NX,A21N,Airbus,Airbus A321neo,FW,222,222/232,passenger,sch-oper.pdf,2024-06-10,2024-06-10
VT-IUI,801395,IndiGo,Interglobe Aviation Ltd.,scheduled,S-19,2027-08-02,A321-271NX,A21N,Airbus,Airbus A321neo,FW,222,222/232,passenger,sch-oper.pdf,2024-06-10,2024-06-10
VT-IUJ,8013AD,IndiGo,Interglobe Aviation Ltd.,scheduled,S-19,2027-08-02,A321-271NX,A21N,Airbus,Airbus A321neo,FW,222,222/232,passenger,sch-oper.pdf,2024-06-10,2024-06-10
VT-IUK,,IndiGo,Interglobe Aviation Ltd.,scheduled,S-19,2027-08-02,A321-271NX,A21N,Airbus,Airbus A321neo,FW,222,222/232,passenger,sch-oper.pdf,2024-06-10,2024-06-10
VT-IUL,,IndiGo,Interglobe Aviation Ltd.,scheduled,S-19,2027-08-02,A321-271NX,A21N,Airbus,Airbus A321neo,FW,222,222/232,passenger,sch-oper.pdf,2024-06-10,2024-06-10
VT-IUM,8013C6,IndiGo,Interglobe Aviation Ltd.,scheduled,S-19,2027-08-02,A321-271NX,A21N,Airbus,Airbus A321neo,FW,222,222/232,passenger,sch-oper.pdf,2024-06-10,2024-06-10
VT-IUN,8013CD,IndiGo,Interglobe Aviation Ltd.,scheduled,S-19,2027-08-02,A321-271NX,A21N,Airbus,Airbus A321neo,FW,222,222/232,passenger,sch-oper.pdf,2024-06-10,2024-06-10
VT-IUO,8013D4,IndiGo,Interglobe Aviation Ltd.,scheduled,S-19,2027-08-02,A321-271NX,A21N,Airbus,Airbus A321neo,FW,222,222/232,passenger,sch-oper.pdf,2024-06-10,2024-06-10
VT-IUP,8013E5,IndiGo,Interglobe Aviation Ltd.,scheduled,S-19,2027-08-02,A321-271NX,A21N,Airbus,Airbus A321neo,FW,222,222/232,passenger,sch-oper.pdf,2024-06-10,2024-06-10
VT-IUQ,8013CE,IndiGo,Interglobe Aviation Ltd.,scheduled,S-19,2027-08-02,A321-271NX,A21N,Airbus,Airbus A321neo,FW,222,222/232,passenger,sch-oper.pdf,2024-06-10,2024-06-10
VT-IUR,8013EF,IndiGo,Interglobe Aviation Ltd.,scheduled,S-19,2027-08-02,A321-271NX,A21N,Airbus,Airbus A321neo,FW,222,222/232,passenger,sch-oper.pdf,2024-06-10,2024-06-10
VT-IUS,8013D5,IndiGo,Interglobe Aviation Ltd.,scheduled,S-19,2027-08-02,A321-271NX,A21N,Airbus,Airbus A321neo,FW,222,222/232,passenger,sch-oper.pdf,2024-06-10,2024-06-10
VT-IUT,8013D9,IndiGo,Interglobe Aviation Ltd.,scheduled,S-19,2027-08-02,A321-271NX,A21N,Airbus,Airbus A321neo,FW,222,222/232,passenger,sch-oper.pdf,2024-06-10,2024-06-10
VT-IUU,8013FF,IndiGo,Interglobe Aviation Ltd.,scheduled,S-19,2027-08-02,A321-271NX,A21N,Airbus,Airbus A321neo,FW,222,222/232,passenger,sch-oper.pdf,2024-06-10,2024-06-10
VT-IUV,8013CF,IndiGo,Interglobe Aviation Ltd.,scheduled,S-19,2027-08-02,A321-271NX,A21N,Airbus,Airbus A321neo,FW,222,222/232,passenger,sch-oper.pdf,2024-06-10,2024-06-10
VT-IUW,8013F0,IndiGo,Interglobe Aviation Ltd.,scheduled,S-19,2027-08-02,A321-271NX,A21N,Airbus,Airbus A321neo,FW,222,222/232,passenger,sch-oper.pdf,2024-06-10,2024-06-10
VT-IUX,801400,IndiGo,Interglobe Aviation Ltd.,scheduled,S-19,2027-08-02,A321-271NX,A21N,Airbus,Airbus A321neo,FW,222,222/232,passenger,sch-oper.pdf,2024-06-10,2024-06-10
VT-IUY,801401,IndiGo,Interglobe Aviation Ltd.,scheduled,S-19,2027-08-02,A321-271NX,A21N,Airbus,Airbus A321neo,FW,222,222/232,passenger,sch-oper.pdf,2024-06-10,2024-06-10
VT-IUZ,801402,IndiGo,Interglobe Aviation Ltd.,scheduled,S-19,2027-08-02,A321-251NX,A21N,Airbus,Airbus A321neo,FW,232,232,passenger,sch-oper.pdf,2024-06-10,2024-06-10
VT-IVA,800C70,IndiGo,Interglobe Aviation Ltd.,scheduled,S-19,2027-08-02,A320-271N,A20N,Airbus,Airbus A320neo,FW,186,186,passenger,sch-oper.pdf,2024-06-10,2024-06-10
VT-IVB,800C71,IndiGo,Interglobe Aviation Ltd.,scheduled,S-19,2027-08-02,A320-271N,A20N,Airbus,Airbus A320neo,FW,186,186,passenger,sch-oper.pdf,2024-06-10,2024-06-10
VT-IVC,800C72,IndiGo,Interglobe Aviation Ltd.,scheduled,S-19,2027-08-02,A320-271N,A20N,Airbus,Airbus A320neo,FW,186,186,passenger,sch-oper.pdf,2024-06-10,2024-06-10
VT-IVD,800C73,IndiGo,Interglobe Aviation Ltd.,scheduled,S-19,2027-08-02,A320-271N,A20N,Airbus,Airbus A320neo,FW,186,186,passenger,sch-oper.pdf,2024-06-10,2024-06-10
VT-IVE,800C74,IndiGo,Interglobe Aviation Ltd.,scheduled,S-19,2027-08-02,A320-271N,A20N,Airbus,Airbus A320neo,FW,186,186,passenger,sch-oper.pdf,2024-06-10,2024-06-10
VT-IVF,800C75,IndiGo,Interglobe Aviation Ltd.,scheduled,S-19,2027-08-02,A320-271N,A20N,Airbus,Airbus A320neo,FW,186,186,passenger,sch-oper.pdf,2024-06-10,2024-06-10
VT-IVG,800C90,IndiGo,Interglobe Aviation Ltd.,scheduled,S-19,2027-08-02,A320-271N,A20N,Airbus,Airbus A320neo,FW,186,186,passenger,sch-oper.pdf,2024-06-10,2024-06-10
VT-IVH,800C91,IndiGo,Interglobe Aviation Ltd.,scheduled,S-19,2027-08-02,A320-271N,A20N,Airbus,Airbus A320neo,FW,186,186,passenger,sch-oper.pdf,2024-06-10,2024-06-10
VT-IVI,800C93,IndiGo,Interglobe Aviation Ltd.,scheduled,S-19,2027-08-02,A320-271N,A20N,Airbus,Airbus A320neo,FW,186,186,passenger,sch-oper.pdf,2024-06-10,2024-06-10
VT-IVJ,800C92,IndiGo,Interglobe Aviation Ltd.,scheduled,S-19,2027-08-02,A320-271N,A20N,Airbus,Airbus A320neo,FW,186,186,passenger,sch-oper.pdf,2024-06-10,2024-06-10
VT-IVK,800CCB,IndiGo,Interglobe Aviation Ltd.,scheduled,S-19,2027-08-02,A320-271N,A20N,Airbus,Airbus A320neo,FW,186,186,passenger,sch-oper.pdf,2024-06-10,2024-06-10
VT-IVL,800CCC,IndiGo,Interglobe Aviation Ltd.,scheduled,S-19,2027-08-02,A320-271N,A20N,Airbus,Airbus A320neo,FW,186,186,passenger,sch-oper.pdf,2024-06-10,2024-06-10
VT-IVM,,IndiGo,Interglobe Aviation Ltd.,scheduled,S-19,2027-08-02,A320-271N,A20N,Airbus,Airbus A320neo,FW,186,186,passenger,sch-oper.pdf,2024-06-10,2024-06-10
VT-IVN,800CCE,IndiGo,Interglobe Aviation Ltd.,scheduled,S-19,2027-08-02,A320-271N,A20N,Airbus,Airbus A320neo,FW,186,186,passenger,sch-oper.pdf,2024-06-10,2024-06-10
VT-IVO,,IndiGo,Interglobe Aviation Ltd.,scheduled,S-19,2027-08-02,A320-271N,A20N,Airbus,Airbus A320neo,FW,186,186,passenger,sch-oper.pdf,2024-06-10,2024-06-10
VT-IVP,800CDC,IndiGo,Interglobe Aviation Ltd.,scheduled,S-19,2027-08-02,A320-271N,A20N,Airbus,Airbus A320neo,FW,186,186,passenger,sch-oper.pdf,2024-06-10,2024-06-10
VT-IVQ,800CDD,IndiGo,Interglobe Aviation Ltd.,scheduled,S-19,2027-08-02,A320-271N,A20N,Airbus,Airbus A320neo,FW,186,186,passenger,sch-oper.pdf,2024-06-10,2024-06-10
VT-IVR,800CDE,IndiGo,Interglobe Aviation Ltd.,scheduled,S-19,2027-08-02,A320-271N,A20N,Airbus,Airbus A320neo,FW,186,186,passenger,sch-oper.pdf,2024-06-10,2024-06-10
VT-IVS,800CE9,IndiGo,Interglobe Aviation Ltd.,scheduled,S-19,2027-08-02,A320-271N,A20N,Airbus,Airbus A320neo,FW,186,186,passenger,sch-oper.pdf,2024-06-10,2024-06-10
VT-IVT,,IndiGo,Interglobe Aviation Ltd.,scheduled,S-19,2027-08-02,A320-271N,A20N,Airbus,Airbus A320neo,FW,186,186,passenger,sch-oper.pdf,2024-06-10,2024-06-10
VT-IVU,800CED,IndiGo,Interglobe Aviation Ltd.,scheduled,S-19,2027-08-02,A320-271N,A20N,Airbus,Airbus A320neo,FW,186,186,passenger,sch-oper.pdf,2024-06-10,2024-06-10
VT-IVV,,IndiGo,Interglobe Aviation Ltd.,scheduled,S-19,2027-08-02,A320-271N,A20N,Airbus,Airbus A320neo,FW,186,186,passenger,sch-oper.pdf,2024-06-10,2024-06-10
VT-IVW,,IndiGo,Interglobe Aviation Ltd.,scheduled,S-19,2027-08-02,A320-271N,A20N,Airbus,Airbus A320neo,FW,186,186,passenger,sch-oper.pdf,2024-06-10,2024-06-10
VT-IVX,800D01,IndiGo,Interglobe Aviation Ltd.,scheduled,S-19,2027-08-02,A320-271N,A20N,Airbus,Airbus A320neo,FW,186,186,passenger,sch-oper.pdf,2024-06-10,2024-06-10
VT-IVY,800D00,IndiGo,Interglobe Aviation Ltd.,scheduled,S-19,2027-08-02,A320-271N,A20N,Airbus,Airbus A320neo,FW,186,186,passenger,sch-oper.pdf,2024-06-10,2024-06-10
VT-IVZ,800CEE,IndiGo,Interglobe Aviation Ltd.,scheduled,S-19,2027-08-02,A320-271N,A20N,Airbus,Airbus A320neo,FW,186,186,passenger,sch-oper.pdf,2024-06-10,2024-06-10
VT-IWW,801649,IndiGo,Interglobe Aviation Ltd.,scheduled,S-19,2027-08-02,A320-214,A320,Airbus,Airbus A320,FW,180,180,passenger,sch-oper.pdf,2024-06-10,2024-06-10
VT-IXA,80169C,IndiGo,Interglobe Aviation Ltd.,scheduled,S-19,2027-08-02,A320-251N,A20N,Airbus,Airbus A320neo,FW,186,186,passenger,sch-oper.pdf,2024-06-10,2024-06-10
VT-IXR,800C83,Air India Express,AIX Connect Pvt. Ltd.,scheduled,S-26,2029-05-06,A320-214,A320,Airbus,Airbus A320,FW,180,180,passenger,sch-oper.pdf,2024-06-10,2024-06-10
VT-IXS,8013E3,IndiGo,Interglobe Aviation Ltd.,scheduled,S-19,2027-08-02,ATR72-600,AT76,ATR,ATR 72-600,FW,74,74,passenger,sch-oper.pdf,2024-06-10,2024-06-10
VT-IXV,8013E4,IndiGo,Interglobe Aviation Ltd.,scheduled,S-19,2027-08-02,ATR72-600,AT76,ATR,ATR 72-600,FW,74,74,passenger,sch-oper.pdf,2024-06-10,2024-06-10
VT-IXW,801415,IndiGo,Interglobe Aviation Ltd.,scheduled,S-19,2027-08-02,ATR72-600,AT76,ATR,ATR 72-600,FW,74,74,passenger,sch-oper.pdf,2024-06-10,2024-06-10
VT-IXX,801414,IndiGo,Interglobe Aviation Ltd.,scheduled,S-19,2027-08-02,ATR72-600,AT76,ATR,ATR 72-600,FW,74,74,passenger,sch-oper.pdf,2024-06-10,2024-06-10
VT-IXY,801465,IndiGo,Interglobe Aviation Ltd.,scheduled,S-19,2027-08-02,ATR72-600,AT76,ATR,ATR 72-600,FW,74,74,passenger,sch-oper.pdf,2024-06-10,2024-06-10
VT-IXZ,80146D,IndiGo,Interglobe Aviation Ltd.,scheduled,S-19,2027-08-02,ATR72-600,AT76,ATR,ATR 72-600,FW,74,74,passenger,sch-oper.pdf,2024-06-10,2024-06-10
VT-IYA,800C65,IndiGo,Interglobe Aviation Ltd.,scheduled,S-19,2027-08-02,ATR72-600,AT76,ATR,ATR 72-600,FW,74,74,passenger,sch-oper.pdf,2024-06-10,2024-06-10
VT-IYB,800C6D,IndiGo,Interglobe Aviation Ltd.,scheduled,S-19,2027-08-02,ATR72-600,AT76,ATR,ATR 72-600,FW,74,74,passenger,sch-oper.pdf,2024-06-10,2024-06-10
VT-IYC,800C6E,IndiGo,Interglobe Aviation Ltd.,scheduled,S-19,2027-08-02,ATR72-600,AT76,ATR,ATR 72-600,FW,74,74,passenger,sch-oper.pdf,2024-06-10,2024-06-10
VT-IYD,800C99,IndiGo,Interglobe Aviation Ltd.,scheduled,S-19,2027-08-02,ATR72-600,AT76,ATR,ATR 72-600,FW,74,74,passenger,sch-oper.pdf,2024-06-10,2024-06-10
VT-IYE,800C9B,IndiGo,Interglobe Aviation Ltd.,scheduled,S-19,2027-08-02,ATR72-600,AT76,ATR,ATR 72-600,FW,74,74,passenger,sch-oper.pdf,2024-06-10,2024-06-10
VT-IYF,800CBF,IndiGo,Interglobe Aviation Ltd.,scheduled,S-19,2027-08-02,ATR72-600,AT76,ATR,ATR 72-600,FW,74,74,passenger,sch-oper.pdf,2024-06-10,2024-06-10
VT-IYG,800CBE,IndiGo,Interglobe Aviation Ltd.,scheduled,S-19,2027-08-02,ATR72-600,AT76,ATR,ATR 72-600,FW,74,74,passenger,sch-oper.pdf,2024-06-10,2024-06-10
VT-IYH,800CC2,IndiGo,Interglobe Aviation Ltd.,scheduled,S-19,2027-08-02,ATR72-600,AT76,ATR,ATR 72-600,FW,74,74,passenger,sch-oper.pdf,2024-06-10,2024-06-10
VT-IYI,800CC3,IndiGo,Interglobe Aviation Ltd.,scheduled,S-19,2027-08-02,ATR72-600,AT76,ATR,ATR 72-600,FW,74,74,passenger,sch-oper.pdf,2024-06-10,2024-06-10
VT-IYJ,800CE0,IndiGo,Interglobe Aviation Ltd.,scheduled,S-19,2027-08-02,ATR72-600,AT76,ATR,ATR 72-600,FW,74,74,passenger,sch-oper.pdf,2024-06-10,2024-06-10
VT-IYK,800CE1,IndiGo,Interglobe Aviation Ltd.,scheduled,S-19,2027-08-02,ATR72-600,AT76,ATR,ATR 72-600,FW,74,74,passenger,sch-oper.pdf,2024-06-10,2024-06-10
VT-IYL,800CF7,IndiGo,Interglobe Aviation Ltd.,scheduled,S-19,2027-08-02,ATR72-600,AT76,ATR,ATR 72-600,FW,74,74,passenger,sch-oper.pdf,2024-06-10,2024-06-10
VT-IYM,800CF8,IndiGo,Interglobe Aviation Ltd.,scheduled,S-19,2027-08-02,ATR72-600,AT76,ATR,ATR 72-600,FW,74,74,passenger,sch-oper.pdf,2024-06-10,2024-06-10
VT-IYN,800CFA,IndiGo,Interglobe Aviation Ltd.,scheduled,S-19,2027-08-02,ATR72-600,AT76,ATR,ATR 72-600,FW,74,74,passenger,sch-oper.pdf,2024-06-10,2024-06-10
VT-IYO,800CFB,IndiGo,Interglobe Aviation Ltd.,scheduled,S-19,2027-08-02,ATR72-600,AT76,ATR,ATR 72-600,FW,74,74,passenger,sch-oper.pdf,2024-06-10,2024-06-10
VT-IYP,800D6A,IndiGo,Interglobe Aviation Ltd.,scheduled,S-19,2027-08-02,ATR72-600,AT76,ATR,ATR 72-600,FW,74,74,passenger,sch-oper.pdf,2024-06-10,2024-06-10
VT-IYQ,800D8A,IndiGo,Interglobe Aviation Ltd.,scheduled,S-19,2027-08-02,ATR72-600,AT76,ATR,ATR 72-600,FW,74,74,passenger,sch-oper.pdf,2024-06-10,2024-06-10
VT-IYR,800D9D,IndiGo,Interglobe Aviation Ltd.,scheduled,S-19,2027-08-02,ATR72-600,AT76,ATR,ATR 72-600,FW,74,74,passenger,sch-oper.pdf,2024-06-10,2024-06-10
VT-IYS,801446,IndiGo,Interglobe Aviation Ltd.,scheduled,S-19,2027-08-02,ATR72-600,AT76,ATR,ATR 72-600,FW,74,74,passenger,sch-oper.pdf,2024-06-10,2024-06-10
VT-IYT,800DB1,IndiGo,Interglobe Aviation Ltd.,scheduled,S-19,2027-08-02,ATR72-600,AT76,ATR,ATR 72-600,FW,74,74,passenger,sch-oper.pdf,2024-06-10,2024-06-10
VT-IYU,800DB2,IndiGo,Interglobe Aviation Ltd.,scheduled,S-19,2027-08-02,ATR72-600,AT76,ATR,ATR 72-600,FW,74,74,passenger,sch-oper.pdf,2024-06-10,2024-06-10
VT-IYV,801389,IndiGo,Interglobe Aviation Ltd.,scheduled,S-19,2027-08-02,ATR72-600,AT76,ATR,ATR 72-600,FW,74,74,passenger,sch-oper.pdf,2024-06-10,2024-06-10
VT-IYW,,IndiGo,Interglobe Aviation Ltd.,scheduled,S-19,2027-08-02,ATR72-600,AT76,ATR,ATR 72-600,FW,74,74,passenger,sch-oper.pdf,2024-06-10,2024-06-10
VT-IYX,8013BB,IndiGo,Interglobe Aviation Ltd.,scheduled,S-19,2027-08-02,ATR72-600,AT76,ATR,ATR 72-600,FW,74,74,passenger,sch-oper.pdf,2024-06-10,2024-06-10
VT-IYY,800FD1,IndiGo,Interglobe Aviation Ltd.,scheduled,S-19,2027-08-02,ATR72-600,AT76,ATR,ATR 72-600,FW,74,74,passenger,sch-oper.pdf,2024-06-10,2024-06-10
VT-IYZ,800DB7,IndiGo,Interglobe Aviation Ltd.,scheduled,S-19,2027-08-02,ATR72-600,AT76,ATR,ATR 72-600,FW,74,74,passenger,sch-oper.pdf,2024-06-10,2024-06-10
VT-IZA,800D02,IndiGo,Interglobe Aviation Ltd.,scheduled,S-19,2027-08-02,A320-271N,A20N,Airbus,Airbus A320neo,FW,186,186,passenger,sch-oper.pdf,2024-06-10,2024-06-10
VT-IZB,800D09,IndiGo,Interglobe Aviation Ltd.,scheduled,S-19,2027-08-02,A320-271N,A20N,Airbus,Airbus A320neo,FW,186,186,passenger,sch-oper.pdf,2024-06-10,2024-06-10
VT-IZC,800D0A,IndiGo,Interglobe Aviation Ltd.,scheduled,S-19,2027-08-02,A320-271N,A20N,Airbus,Airbus A320neo,FW,186,186,passenger,sch-oper.pdf,2024-06-10,2024-06-10
VT-IZD,800D0F,IndiGo,Interglobe Aviation Ltd.,scheduled,S-19,2027-08-02,A320-271N,A20N,Airbus,Airbus A320neo,FW,186,186,passenger,sch-oper.pdf,2024-06-10,2024-06-10
VT-IZE,800D10,IndiGo,Interglobe Aviation Ltd.,scheduled,S-19,2027-08-02,A320-271N,A20N,Airbus,Airbus A320neo,FW,186,186,passenger,sch-oper.pdf,2024-06-10,2024-06-10
VT-IZF,800D2D,IndiGo,Interglobe Aviation Ltd.,scheduled,S-19,2027-08-02,A320-271N,A20N,Airbus,Airbus A320neo,FW,186,186,passenger,sch-oper.pdf,2024-06-10,2024-06-10
VT-IZG,800D2B,IndiGo,Interglobe Aviation Ltd.,scheduled,S-19,2027-08-02,A320-271N,A20N,Airbus,Airbus A320neo,FW,186,186,passenger,sch-oper.pdf,2024-06-10,2024-06-10
VT-IZH,800D2C,IndiGo,Interglobe Aviation Ltd.,scheduled,S-19,2027-08-02,A320-271N,A20N,Airbus,Airbus A320neo,FW,186,186,passenger,sch-oper.pdf,2024-06-10,2024-06-10
VT-IZI,800D32,IndiGo,Interglobe Aviation Ltd.,scheduled,S-19,2027-08-02,A320-271N,A20N,Airbus,Airbus A320neo,FW,186,186,passenger,sch-oper.pdf,2024-06-10,2024-06-10
VT-IZJ,800D33,IndiGo,Interglobe Aviation Ltd.,scheduled,S-19,2027-08-02,A320-271N,A20N,Airbus,Airbus A320neo,FW,186,186,passenger,sch-oper.pdf,2024-06-10,2024-06-10
VT-IZK,800D34,IndiGo,Interglobe Aviation Ltd.,scheduled,S-19,2027-08-02,A320-271N,A20N,Airbus,Airbus A320neo,FW,186,186,passenger,sch-oper.pdf,2024-06-10,2024-06-10
VT-IZL,800D35,IndiGo,Interglobe Aviation Ltd.,scheduled,S-19,2027-08-02,A320-271N,A20N,Airbus,Airbus A320neo,FW,186,186,passenger,sch-oper.pdf,2024-06-10,2024-06-10
VT-IZM,800D36,IndiGo,Interglobe Aviation Ltd.,scheduled,S-19,2027-08-02,A320-271N,A20N,Airbus,Airbus A320neo,FW,186,186,passenger,sch-oper.pdf,2024-06-10,2024-06-10
VT-IZN,800D37,IndiGo,Interglobe Aviation Ltd.,scheduled,S-19,2027-08-02,A320-271N,A20N,Airbus,Airbus A320neo,FW,186,186,passenger,sch-oper.pdf,2024-06-10,2024-06-10
VT-IZO,800D4A,IndiGo,Interglobe Aviation Ltd.,scheduled,S-19,2027-08-02,A320-271N,A20N,Airbus,Airbus A320neo,FW,186,186,passenger,sch-oper.pdf,2024-06-10,2024-06-10
VT-IZP,800D4B,IndiGo,Interglobe Aviation Ltd.,scheduled,S-19,2027-08-02,A320-271N,A20N,Airbus,Airbus A320neo,FW,186,186,passenger,sch-oper.pdf,2024-06-10,2024-06-10
VT-IZQ,,IndiGo,Interglobe Aviation Ltd.,scheduled,S-19,2027-08-02,A320-271N,A20N,Airbus,Airbus A320neo,FW,186,186,passenger,sch-oper.pdf,2024-06-10,2024-06-10
VT-IZR,,IndiGo,Interglobe Aviation Ltd.,scheduled,S-19,2027-08-02,A320-271N,A20N,Airbus,Airbus A320neo,FW,186,186,passenger,sch-oper.pdf,2024-06-10,2024-06-10
VT-IZS,800D4D,IndiGo,Interglobe Aviation Ltd.,scheduled,S-19,2027-08-02,A320-271N,A20N,Airbus,Airbus A320neo,FW,186,186,passenger,sch-oper.pdf,2024-06-10,2024-06-10
VT-IZT,800D5E,IndiGo,Interglobe Aviation Ltd.,scheduled,S-19,2027-08-02,A320-271N,A20N,Airbus,Airbus A320neo,FW,186,186,passenger,sch-oper.pdf,2024-06-10,2024-06-10
VT-IZU,,IndiGo,Interglobe Aviation Ltd.,scheduled,S-19,2027-08-02,A320-271N,A20N,Airbus,Airbus A320neo,FW,186,186,passenger,sch-oper.pdf,2024-06-10,2024-06-10
VT-IZV,800D6C,IndiGo,Interglobe Aviation Ltd.,scheduled,S-19,2027-08-02,A320-271N,A20N,Airbus,Airbus A320neo,FW,186,186,passenger,sch-oper.pdf,2024-06-10,2024-06-10
VT-IZW,,IndiGo,Interglobe Aviation Ltd.,scheduled,S-19,2027-08-02,A320-271N,A20N,Airbus,Airbus A320neo,FW,186,186,passenger,sch-oper.pdf,2024-06-10,2024-06-10
VT-IZX,,IndiGo,Interglobe Aviation Ltd.,scheduled,S-19,2027-08-02,A320-271N,A20N,Airbus,Airbus A320neo,FW,186,186,passenger,sch-oper.pdf,2024-06-10,2024-06-10
VT-IZY,,IndiGo,Interglobe Aviation Ltd.,scheduled,S-19,2027-08-02,A320-271N,A20N,Airbus,Airbus A320neo,FW,186,186,passenger,sch-oper.pdf,2024-06-10,2024-06-10
VT-IZZ,,IndiGo,Interglobe Aviation Ltd.,scheduled,S-19,2027-08-02,A320-271N,A20N,Airbus,Airbus A320neo,FW,186,186,passenger,sch-oper.pdf,2024-06-10,2024-06-10
VT-JPR,800CC9,Air India Express,AIX Connect Pvt. Ltd.,scheduled,S-26,2029-05-06,A320-216,A320,Airbus,Airbus A320,FW,180,180,passenger,sch-oper.pdf,2024-06-10,2024-06-10
VT-JRA,8015F7,Air India,Air India Ltd.,scheduled,S-9,2028-06-30,A350-941,A359,Airbus,Airbus A350-900,FW,316,316,passenger,sch-oper.pdf,2024-06-10,2024-06-10
VT-JRB,801612,Air India,Air India Ltd.,scheduled,S-9,2028-06-30,A350-941,A359,Airbus,Airbus A350-900,FW,316,316,passenger,sch-oper.pdf,2024-06-10,2024-06-10
VT-JRE,801600,Air India,Air India Ltd.,scheduled,S-9,2028-06-30,A350-941,A359,Airbus,Airbus A350-900,FW,316,316,passenger,sch-oper.pdf,2024-06-10,2024-06-10
VT-JRF,801659,Air India,Air India Ltd.,scheduled,S-9,2028-06-30,A350-941,A359,Airbus,Airbus A350-900,FW,316,316,passenger,sch-oper.pdf,2024-06-10,2024-06-10
VT-JRH,801666,Air India,Air India Ltd.,scheduled,S-9,2028-06-30,A350-941,A359,Airbus,Airbus A350-900,FW,316,316,passenger,sch-oper.pdf,2024-06-10,2024-06-10
VT-JRI,801665,Air India,Air India Ltd.,scheduled,S-9,2028-06-30,A350-941,A359,Airbus,Airbus A350-900,FW,316,316,passenger,sch-oper.pdf,2024-06-10,2024-06-10
VT-JRT,800B43,Air India Express,AIX Connect Pvt. Ltd.,scheduled,S-26,2029-05-06,A320-216,A320,Airbus,Airbus A320,FW,180,180,passenger,sch-oper.pdf,2024-06-10,2024-06-10
VT-KHU,8015D6,FlyBig,Big Charter Pvt. Ltd.,scheduled,SC-07,2025-12-13,DHC-6-400 (Twin Otter),DHC6,De Havilland Canada,DHC-6 Twin Otter,FW,19,19,passenger,sch-oper.pdf,2024-06-10,2024-06-10
VT-KNP,800C35,Alliance Air,Alliance Air Aviation Ltd. (Alliance Air),scheduled,S-8,2028-04-30,DO 228-201,D228,Other,DO 228-201,FW,16,16,passenger,sch-oper.pdf,2024-06-10,2024-06-10
VT-KOC,800CC0,Air India Express,AIX Connect Pvt. Ltd.,scheduled,S-26,2029-05-06,A320-216,A320,Airbus,Airbus A320,FW,180,180,passenger,sch-oper.pdf,2024-06-10,2024-06-10
VT-KSS,801505,GSEC Monarch & Deccan Charters,GSEC Monarch and Deccan Aviation Pvt.,scheduled,SC-09,2025-06-23,Cessna Grand,C208,Cessna,Cessna Grand,FW,9,9,passenger,sch-oper.pdf,2024-06-10,2024-06-10
VT-KTM,80138C,Air India Express,AIX Connect Pvt. Ltd.,scheduled,S-26,2029-05-06,A320-214,A320,Airbus,Airbus A320,FW,180,180,passenger,sch-oper.pdf,2024-06-10,2024-06-10
VT-KUL,800D3C,Air India Express,AIX Connect Pvt. Ltd.,scheduled,S-26,2029-05-06,A320-216,A320,Airbus,Airbus A320,FW,180,180,passenger,sch-oper.pdf,2024-06-10,2024-06-10
VT-MAX,800CD9,SpiceJet,Spice Jet Ltd.,scheduled,S-16,2028-05-16,B737-8,B38M,Boeing,Boeing 737-8,FW,189,189,passenger,sch-oper.pdf,2024-06-10,2024-06-10
VT-MLE,8013BD,Air India Express,AIX Connect Pvt. Ltd.,scheduled,S-26,2029-05-06,A320-214,A320,Airbus,Airbus A320,FW,180,180,passenger,sch-oper.pdf,2024-06-10,2024-06-10
VT-MXA,800CF2,SpiceJet,Spice Jet Ltd.,scheduled,S-16,2028-05-16,B737-8,B38M,Boeing,Boeing 737-8,FW,189,189,passenger,sch-oper.pdf,2024-06-10,2024-06-10
VT-MXB,800CF3,SpiceJet,Spice Jet Ltd.,scheduled,S-16,2028-05-16,B737-8,B38M,Boeing,Boeing 737-8,FW,189,189,passenger,sch-oper.pdf,2024-06-10,2024-06-10
VT-MXC,800CF4,SpiceJet,Spice Jet Ltd.,scheduled,S-16,2028-05-16,B737-8,B38M,Boeing,Boeing 737-8,FW,189,189,passenger,sch-oper.pdf,2024-06-10,2024-06-10
VT-MXD,800D13,SpiceJet,Spice Jet Ltd.,scheduled,S-16,2028-05-16,B737-8,B38M,Boeing,Boeing 737-8,FW,189,189,passenger,sch-oper.pdf,2024-06-10,2024-06-10
VT-MXE,800D14,SpiceJet,Spice Jet Ltd.,scheduled,S-16,2028-05-16,B737-8,B38M,Boeing,Boeing 737-8,FW,189,189,passenger,sch-oper.pdf,2024-06-10,2024-06-10
VT-MXI,800D1B,SpiceJet,Spice Jet Ltd.,scheduled,S-16,2028-05-16,B737-8,B38M,Boeing,Boeing 737-8,FW,189,189,passenger,sch-oper.pdf,2024-06-10,2024-06-10
VT-NAA,800741,Air India,Air India Ltd.,scheduled,S-9,2028-06-30,B787-8,B788,Boeing,Boeing 787-8,FW,256,256,passenger,sch-oper.pdf,2024-06-10,2024-06-10
VT-NAC,800742,Air India,Air India Ltd.,scheduled,S-9,2028-06-30,B787-8,B788,Boeing,Boeing 787-8,FW,256,256,passenger,sch-oper.pdf,2024-06-10,2024-06-10
VT-NAG,80139F,Air India Express,AIX Connect Pvt. Ltd.,scheduled,S-26,2029-05-06,A320-214,A320,Airbus,Airbus A320,FW,180,180,passenger,sch-oper.pdf,2024-06-10,2024-06-10
VT-PNQ,800BEA,Air India Express,AIX Connect Pvt. Ltd.,scheduled,S-26,2029-05-06,A320-216,A320,Airbus,Airbus A320,FW,180,180,passenger,sch-oper.pdf,2024-06-10,2024-06-10
VT-PPH,800441,Air India,Air India Ltd.,scheduled,S-9,2028-06-30,A321-211,A321,Airbus,Airbus A321,FW,182,182,passenger,sch-oper.pdf,2024-06-10,2024-06-10
VT-PPI,80047C,Air India,Air India Ltd.,scheduled,S-9,2028-06-30,A321-211,A321,Airbus,Airbus A321,FW,182,182,passenger,sch-oper.pdf,2024-06-10,2024-06-10
VT-PPJ,80047A,Air India,Air India Ltd.,scheduled,S-9,2028-06-30,A321-211,A321,Airbus,Airbus A321,FW,182,182,passenger,sch-oper.pdf,2024-06-10,2024-06-10
VT-PPK,8004A6,Air India,Air India Ltd.,scheduled,S-9,2028-06-30,A321-211,A321,Airbus,Airbus A321,FW,182,182,passenger,sch-oper.pdf,2024-06-10,2024-06-10
VT-PPL,8004D5,Air India,Air India Ltd.,scheduled,S-9,2028-06-30,A321-211,A321,Airbus,Airbus A321,FW,182,182,passenger,sch-oper.pdf,2024-06-10,2024-06-10
VT-PPM,8004D6,Air India,Air India Ltd.,scheduled,S-9,2028-06-30,A321-211,A321,Airbus,Airbus A321,FW,182,182,passenger,sch-oper.pdf,2024-06-10,2024-06-10
VT-PPO,80052B,Air India,Air India Ltd.,scheduled,S-9,2028-06-30,A321-211,A321,Airbus,Airbus A321,FW,182,182,passenger,sch-oper.pdf,2024-06-10,2024-06-10
VT-PPQ,80052D,Air India,Air India Ltd.,scheduled,S-9,2028-06-30,A321-211,A321,Airbus,Airbus A321,FW,182,182,passenger,sch-oper.pdf,2024-06-10,2024-06-10
VT-PPT,80053E,Air India,Air India Ltd.,scheduled,S-9,2028-06-30,A321-211,A321,Airbus,Airbus A321,FW,182,182,passenger,sch-oper.pdf,2024-06-10,2024-06-10
VT-PPU,800543,Air India,Air India Ltd.,scheduled,S-9,2028-06-30,A321-211,A321,Airbus,Airbus A321,FW,182,182,passenger,sch-oper.pdf,2024-06-10,2024-06-10
VT-PPV,800579,Air India,Air India Ltd.,scheduled,S-9,2028-06-30,A321-211,A321,Airbus,Airbus A321,FW,182,182,passenger,sch-oper.pdf,2024-06-10,2024-06-10
VT-PPW,80057B,Air India,Air India Ltd.,scheduled,S-9,2028-06-30,A321-211,A321,Airbus,Airbus A321,FW,182,182,passenger,sch-oper.pdf,2024-06-10,2024-06-10
VT-PPX,80058A,Air India,Air India Ltd.,scheduled,S-9,2028-06-30,A321-211,A321,Airbus,Airbus A321,FW,182,182,passenger,sch-oper.pdf,2024-06-10,2024-06-10
VT-RED,,Air India Express,AIX Connect Pvt. Ltd.,scheduled,S-26,2029-05-06,A320-216,A320,Airbus,Airbus A320,FW,180,180,passenger,sch-oper.pdf,2024-06-10,2024-06-10
VT-RKC,800C09,Alliance Air,Alliance Air Aviation Ltd. (Alliance Air),scheduled,S-8,2028-04-30,ATR72-600,AT76,ATR,ATR 72-600,FW,70,70,passenger,sch-oper.pdf,2024-06-10,2024-06-10
VT-RKD,800C0A,Alliance Air,Alliance Air Aviation Ltd. (Alliance Air),scheduled,S-8,2028-04-30,ATR72-600,AT76,ATR,ATR 72-600,FW,70,70,passenger,sch-oper.pdf,2024-06-10,2024-06-10
VT-RKE,800C3A,Alliance Air,Alliance Air Aviation Ltd. (Alliance Air),scheduled,S-8,2028-04-30,ATR72-600,AT76,ATR,ATR 72-600,FW,70,70,passenger,sch-oper.pdf,2024-06-10,2024-06-10
VT-RKF,800C3B,Alliance Air,Alliance Air Aviation Ltd. (Alliance Air),scheduled,S-8,2028-04-30,ATR72-600,AT76,ATR,ATR 72-600,FW,70,70,passenger,sch-oper.pdf,2024-06-10,2024-06-10
VT-RKG,800C4E,Alliance Air,Alliance Air Aviation Ltd. (Alliance Air),scheduled,S-8,2028-04-30,ATR72-600,AT76,ATR,ATR 72-600,FW,70,70,passenger,sch-oper.pdf,2024-06-10,2024-06-10
VT-RKH,800C7F,Alliance Air,Alliance Air Aviation Ltd. (Alliance Air),scheduled,S-8,2028-04-30,ATR72-600,AT76,ATR,ATR 72-600,FW,70,70,passenger,sch-oper.pdf,2024-06-10,2024-06-10
VT-RKJ,800CBB,Alliance Air,Alliance Air Aviation Ltd. (Alliance Air),scheduled,S-8,2028-04-30,ATR72-600,AT76,ATR,ATR 72-600,FW,70,70,passenger,sch-oper.pdf,2024-06-10,2024-06-10
VT-RKK,800CE7,Alliance Air,Alliance Air Aviation Ltd. (Alliance Air),scheduled,S-8,2028-04-30,ATR72-600,AT76,ATR,ATR 72-600,FW,70,70,passenger,sch-oper.pdf,2024-06-10,2024-06-10
VT-RKL,800D3B,Alliance Air,Alliance Air Aviation Ltd. (Alliance Air),scheduled,S-8,2028-04-30,ATR72-600,AT76,ATR,ATR 72-600,FW,70,70,passenger,sch-oper.pdf,2024-06-10,2024-06-10
VT-RKM,800D52,Alliance Air,Alliance Air Aviation Ltd. (Alliance Air),scheduled,S-8,2028-04-30,ATR72-600,AT76,ATR,ATR 72-600,FW,70,70,passenger,sch-oper.pdf,2024-06-10,2024-06-10
VT-RTB,801590,Air India,Air India Ltd.,scheduled,S-9,2028-06-30,A321-251NX,A21N,Airbus,Airbus A321neo,FW,192,192,passenger,sch-oper.pdf,2024-06-10,2024-06-10
VT-RTC,801591,Air India,Air India Ltd.,scheduled,S-9,2028-06-30,A321-251NX,A21N,Airbus,Airbus A321neo,FW,192,192,passenger,sch-oper.pdf,2024-06-10,2024-06-10
VT-RTD,801595,Air India,Air India Ltd.,scheduled,S-9,2028-06-30,A321-251NX,A21N,Airbus,Airbus A321neo,FW,192,192,passenger,sch-oper.pdf,2024-06-10,2024-06-10
VT-RTE,801594,Air India,Air India Ltd.,scheduled,S-9,2028-06-30,A321-251NX,A21N,Airbus,Airbus A321neo,FW,192,192,passenger,sch-oper.pdf,2024-06-10,2024-06-10
VT-RTF,80160D,Air India,Air India Ltd.,scheduled,S-9,2028-06-30,A320-251N,A20N,Airbus,Airbus A320neo,FW,162,162,passenger,sch-oper.pdf,2024-06-10,2024-06-10
VT-RTG,801627,Air India,Air India Ltd.,scheduled,S-9,2028-06-30,A320-251N,A20N,Airbus,Airbus A320neo,FW,162,162,passenger,sch-oper.pdf,2024-06-10,2024-06-10
VT-RTH,801626,Air India,Air India Ltd.,scheduled,S-9,2028-06-30,A320-251N,A20N,Airbus,Airbus A320neo,FW,162,162,passenger,sch-oper.pdf,2024-06-10,2024-06-10
VT-RTI,801638,Air India,Air India Ltd.,scheduled,S-9,2028-06-30,A320-251N,A20N,Airbus,Airbus A320neo,FW,162,162,passenger,sch-oper.pdf,2024-06-10,2024-06-10
VT-RTJ,801645,Air India,Air India Ltd.,scheduled,S-9,2028-06-30,A320-251N,A20N,Airbus,Airbus A320neo,FW,162,162,passenger,sch-oper.pdf,2024-06-10,2024-06-10
VT-RTK,801657,Air India,Air India Ltd.,scheduled,S-9,2028-06-30,A320-251N,A20N,Airbus,Airbus A320neo,FW,162,162,passenger,sch-oper.pdf,2024-06-10,2024-06-10
VT-RTL,801671,Air India,Air India Ltd.,scheduled,S-9,2028-06-30,A320-251N,A20N,Airbus,Airbus A320neo,FW,162,162,passenger,sch-oper.pdf,2024-06-10,2024-06-10
VT-RTO,801615,Air India,Air India Ltd.,scheduled,S-9,2028-06-30,A320-251N,A20N,Airbus,Airbus A320neo,FW,162,162,passenger,sch-oper.pdf,2024-06-10,2024-06-10
VT-RTP,80161C,Air India,Air India Ltd.,scheduled,S-9,2028-06-30,A320-251N,A20N,Airbus,Airbus A320neo,FW,162,162,passenger,sch-oper.pdf,2024-06-10,2024-06-10
VT-RTQ,801613,Air India,Air India Ltd.,scheduled,S-9,2028-06-30,A320-251N,A20N,Airbus,Airbus A320neo,FW,162,162,passenger,sch-oper.pdf,2024-06-10,2024-06-10
VT-RTS,801667,Air India,Air India Ltd.,scheduled,S-9,2028-06-30,A320-251N,A20N,Airbus,Airbus A320neo,FW,162,162,passenger,sch-oper.pdf,2024-06-10,2024-06-10
VT-RTT,801625,Air India,Air India Ltd.,scheduled,S-9,2028-06-30,A320-251N,A20N,Airbus,Airbus A320neo,FW,162,162,passenger,sch-oper.pdf,2024-06-10,2024-06-10
VT-RTU,801640,Air India,Air India Ltd.,scheduled,S-9,2028-06-30,A320-251N,A20N,Airbus,Airbus A320neo,FW,162,162,passenger,sch-oper.pdf,2024-06-10,2024-06-10
VT-RTV,80164F,Air India,Air India Ltd.,scheduled,S-9,2028-06-30,A320-251N,A20N,Airbus,Airbus A320neo,FW,162,162,passenger,sch-oper.pdf,2024-06-10,2024-06-10
VT-RTX,80165A,Air India,Air India Ltd.,scheduled,S-9,2028-06-30,A320-251N,A20N,Airbus,Airbus A320neo,FW,162,162,passenger,sch-oper.pdf,2024-06-10,2024-06-10
VT-RTY,80167E,Air India,Air India Ltd.,scheduled,S-9,2028-06-30,A320-251N,A20N,Airbus,Airbus A320neo,FW,162,162,passenger,sch-oper.pdf,2024-06-10,2024-06-10
VT-SCB,8001AB,Air India,Air India Ltd.,scheduled,S-9,2028-06-30,A319-112,A319,Airbus,Airbus A319,FW,122,122,passenger,sch-oper.pdf,2024-06-10,2024-06-10
VT-SCC,8001AC,Air India,Air India Ltd.,scheduled,S-9,2028-06-30,A319-112,A319,Airbus,Airbus A319,FW,122,122,passenger,sch-oper.pdf,2024-06-10,2024-06-10
VT-SCF,800373,Air India,Air India Ltd.,scheduled,S-9,2028-06-30,A319-112,A319,Airbus,Airbus A319,FW,122,122,passenger,sch-oper.pdf,2024-06-10,2024-06-10
VT-SCG,800400,Air India,Air India Ltd.,scheduled,S-9,2028-06-30,A319-112,A319,Airbus,Airbus A319,FW,122,122,passenger,sch-oper.pdf,2024-06-10,2024-06-10
VT-SCH,800401,Air India,Air India Ltd.,scheduled,S-9,2028-06-30,A319-112,A319,Airbus,Airbus A319,FW,122,122,passenger,sch-oper.pdf,2024-06-10,2024-06-10
VT-SCJ,800412,Air India,Air India Ltd.,scheduled,S-9,2028-06-30,A319-112,A319,Airbus,Airbus A319,FW,122,122,passenger,sch-oper.pdf,2024-06-10,2024-06-10
VT-SCL,80047B,Air India,Air India Ltd.,scheduled,S-9,2028-06-30,A319-112,A319,Airbus,Airbus A319,FW,122,122,passenger,sch-oper.pdf,2024-06-10,2024-06-10
VT-SCM,8004A7,Air India,Air India Ltd.,scheduled,S-9,2028-06-30,A319-112,A319,Airbus,Airbus A319,FW,122,122,passenger,sch-oper.pdf,2024-06-10,2024-06-10
VT-SCN,8004BD,Air India,Air India Ltd.,scheduled,S-9,2028-06-30,A319-112,A319,Airbus,Airbus A319,FW,122,122,passenger,sch-oper.pdf,2024-06-10,2024-06-10
VT-SCP,8004FE,Air India,Air India Ltd.,scheduled,S-9,2028-06-30,A319-112,A319,Airbus,Airbus A319,FW,122,122,passenger,sch-oper.pdf,2024-06-10,2024-06-10
VT-SCQ,800520,Air India,Air India Ltd.,scheduled,S-9,2028-06-30,A319-112,A319,Airbus,Airbus A319,FW,122,122,passenger,sch-oper.pdf,2024-06-10,2024-06-10
VT-SCR,800521,Air India,Air India Ltd.,scheduled,S-9,2028-06-30,A319-112,A319,Airbus,Airbus A319,FW,122,122,passenger,sch-oper.pdf,2024-06-10,2024-06-10
VT-SCS,80052C,Air India,Air India Ltd.,scheduled,S-9,2028-06-30,A319-112,A319,Airbus,Airbus A319,FW,122,122,passenger,sch-oper.pdf,2024-06-10,2024-06-10
VT-SCV,80053F,Air India,Air India Ltd.,scheduled,S-9,2028-06-30,A319-112,A319,Airbus,Airbus A319,FW,122,122,passenger,sch-oper.pdf,2024-06-10,2024-06-10
VT-SFB,800CF5,SpiceJet,Spice Jet Ltd.,scheduled,S-16,2028-05-16,B737-700F/800F,B737,Boeing,Boeing 737-700,FW,,Cargo,cargo,sch-oper.pdf,2024-06-10,2024-06-10
VT-SFD,800D48,SpiceJet,Spice Jet Ltd.,scheduled,S-16,2028-05-16,B737-700F/800F,B737,Boeing,Boeing 737-700,FW,,Cargo,cargo,sch-oper.pdf,2024-06-10,2024-06-10
VT-SFE,800DAE,SpiceJet,Spice Jet Ltd.,scheduled,S-16,2028-05-16,B737-700F/800F,B737,Boeing,Boeing 737-700,FW,,Cargo,cargo,sch-oper.pdf,2024-06-10,2024-06-10
VT-SGG,8005D5,SpiceJet,Spice Jet Ltd.,scheduled,S-16,2028-05-16,B737-800,B738,Boeing,Boeing 737-800,FW,189,189,passenger,sch-oper.pdf,2024-06-10,2024-06-10
VT-SGJ,800614,SpiceJet,Spice Jet Ltd.,scheduled,S-16,2028-05-16,B737-800,B738,Boeing,Boeing 737-800,FW,189,189,passenger,sch-oper.pdf,2024-06-10,2024-06-10
VT-SGV,80067F,SpiceJet,Spice Jet Ltd.,scheduled,S-16,2028-05-16,B737-800,B738,Boeing,Boeing 737-800,FW,189,189,passenger,sch-oper.pdf,2024-06-10,2024-06-10
VT-SLA,800B80,SpiceJet,Spice Jet Ltd.,scheduled,S-16,2028-05-16,B737-700,B737,Boeing,Boeing 737-700,FW,149,149,passenger,sch-oper.pdf,2024-06-10,2024-06-10
VT-SLB,800B81,SpiceJet,Spice Jet Ltd.,scheduled,S-16,2028-05-16,B737-700,B737,Boeing,Boeing 737-700,FW,149,149,passenger,sch-oper.pdf,2024-06-10,2024-06-10
VT-SLC,800B82,SpiceJet,Spice Jet Ltd.,scheduled,S-16,2028-05-16,B737-900,B737,Boeing,Boeing 737,FW,212,212,passenger,sch-oper.pdf,2024-06-10,2024-06-10
VT-SLD,800B83,SpiceJet,Spice Jet Ltd.,scheduled,S-16,2028-05-16,B737-900,B737,Boeing,Boeing 737,FW,212,212,passenger,sch-oper.pdf,2024-06-10,2024-06-10
VT-SLF,800BC7,SpiceJet,Spice Jet Ltd.,scheduled,S-16,2028-05-16,B737-800,B738,Boeing,Boeing 737-800,FW,189,189,passenger,sch-oper.pdf,2024-06-10,2024-06-10
VT-SLG,800BC8,SpiceJet,Spice Jet Ltd.,scheduled,S-16,2028-05-16,B737-800,B738,Boeing,Boeing 737-800,FW,189,189,passenger,sch-oper.pdf,2024-06-10,2024-06-10
VT-SLJ,800BCC,SpiceJet,Spice Jet Ltd.,scheduled,S-16,2028-05-16,B737-800,B738,Boeing,Boeing 737-800,FW,189,189,passenger,sch-oper.pdf,2024-06-10,2024-06-10
VT-SLM,800BCE,SpiceJet,Spice Jet Ltd.,scheduled,S-16,2028-05-16,B737-800,B738,Boeing,Boeing 737-800,FW,189,189,passenger,sch-oper.pdf,2024-06-10,2024-06-10
VT-SLP,800CBD,SpiceJet,Spice Jet Ltd.,scheduled,S-16,2028-05-16,B737-700,B737,Boeing,Boeing 737-700,FW,149,149,passenger,sch-oper.pdf,2024-06-10,2024-06-10
VT-SQA,800D03,SpiceJet,Spice Jet Ltd.,scheduled,S-16,2028-05-16,Q400,DH8D,De Havilland Canada,Dash 8 Q400,FW,78,78,passenger,sch-oper.pdf,2024-06-10,2024-06-10
VT-SQB,800D08,SpiceJet,Spice Jet Ltd.,scheduled,S-16,2028-05-16,Q400,DH8D,De Havilland Canada,Dash 8 Q400,FW,78,78,passenger,sch-oper.pdf,2024-06-10,2024-06-10
VT-SQC,800D17,SpiceJet,Spice Jet Ltd.,scheduled,S-16,2028-05-16,Q400,DH8D,De Havilland Canada,Dash 8 Q400,FW,78,78,passenger,sch-oper.pdf,2024-06-10,2024-06-10
VT-SQD,800D18,SpiceJet,Spice Jet Ltd.,scheduled,S-16,2028-05-16,Q400,DH8D,De Havilland Canada,Dash 8 Q400,FW,78,78,passenger,sch-oper.pdf,2024-06-10,2024-06-10
VT-SQE,800D42,SpiceJet,Spice Jet Ltd.,scheduled,S-16,2028-05-16,Q400,DH8D,De Havilland Canada,Dash 8 Q400,FW,78,78,passenger,sch-oper.pdf,2024-06-10,2024-06-10
VT-SQI,800D56,SpiceJet,Spice Jet Ltd.,scheduled,S-16,2028-05-16,Q400,DH8D,De Havilland Canada,Dash 8 Q400,FW,78,78,passenger,sch-oper.pdf,2024-06-10,2024-06-10
VT-SUB,800655,SpiceJet,Spice Jet Ltd.,scheduled,S-16,2028-05-16,Q400,DH8D,De Havilland Canada,Dash 8 Q400,FW,78,78,passenger,sch-oper.pdf,2024-06-10,2024-06-10
VT-SUD,800657,SpiceJet,Spice Jet Ltd.,scheduled,S-16,2028-05-16,Q400,DH8D,De Havilland Canada,Dash 8 Q400,FW,78,78,passenger,sch-oper.pdf,2024-06-10,2024-06-10
VT-SUE,800670,SpiceJet,Spice Jet Ltd.,scheduled,S-16,2028-05-16,Q400,DH8D,De Havilland Canada,Dash 8 Q400,FW,78,78,passenger,sch-oper.pdf,2024-06-10,2024-06-10
VT-SUG,800672,SpiceJet,Spice Jet Ltd.,scheduled,S-16,2028-05-16,Q400,DH8D,De Havilland Canada,Dash 8 Q400,FW,78,78,passenger,sch-oper.pdf,2024-06-10,2024-06-10
VT-SUH,800673,SpiceJet,Spice Jet Ltd.,scheduled,S-16,2028-05-16,Q400,DH8D,De Havilland Canada,Dash 8 Q400,FW,78,78,passenger,sch-oper.pdf,2024-06-10,2024-06-10
VT-SUI,8006E8,SpiceJet,Spice Jet Ltd.,scheduled,S-16,2028-05-16,Q400,DH8D,De Havilland Canada,Dash 8 Q400,FW,78,78,passenger,sch-oper.pdf,2024-06-10,2024-06-10
VT-SUJ,8006E9,SpiceJet,Spice Jet Ltd.,scheduled,S-16,2028-05-16,Q400,DH8D,De Havilland Canada,Dash 8 Q400,FW,78,78,passenger,sch-oper.pdf,2024-06-10,2024-06-10
VT-SUK,8006EA,SpiceJet,Spice Jet Ltd.,scheduled,S-16,2028-05-16,Q400,DH8D,De Havilland Canada,Dash 8 Q400,FW,78,78,passenger,sch-oper.pdf,2024-06-10,2024-06-10
VT-SUL,8006EB,SpiceJet,Spice Jet Ltd.,scheduled,S-16,2028-05-16,Q400,DH8D,De Havilland Canada,Dash 8 Q400,FW,78,78,passenger,sch-oper.pdf,2024-06-10,2024-06-10
VT-SUM,8006EC,SpiceJet,Spice Jet Ltd.,scheduled,S-16,2028-05-16,Q400,DH8D,De Havilland Canada,Dash 8 Q400,FW,78,78,passenger,sch-oper.pdf,2024-06-10,2024-06-10
VT-SUO,8006ED,SpiceJet,Spice Jet Ltd.,scheduled,S-16,2028-05-16,Q400,DH8D,De Havilland Canada,Dash 8 Q400,FW,78,78,passenger,sch-oper.pdf,2024-06-10,2024-06-10
VT-SUP,800712,SpiceJet,Spice Jet Ltd.,scheduled,S-16,2028-05-16,Q400,DH8D,De Havilland Canada,Dash 8 Q400,FW,78,78,passenger,sch-oper.pdf,2024-06-10,2024-06-10
VT-SUQ,800BB1,SpiceJet,Spice Jet Ltd.,scheduled,S-16,2028-05-16,Q400,DH8D,De Havilland Canada,Dash 8 Q400,FW,78,78,passenger,sch-oper.pdf,2024-06-10,2024-06-10
VT-SUR,8001E0,SpiceJet,Spice Jet Ltd.,scheduled,S-16,2028-05-16,Q400,DH8D,De Havilland Canada,Dash 8 Q400,FW,78,78,passenger,sch-oper.pdf,2024-06-10,2024-06-10
VT-SUS,8000C1,SpiceJet,Spice Jet Ltd.,scheduled,S-16,2028-05-16,Q400,DH8D,De Havilland Canada,Dash 8 Q400,FW,78,78,passenger,sch-oper.pdf,2024-06-10,2024-06-10
VT-SUV,800C25,SpiceJet,Spice Jet Ltd.,scheduled,S-16,2028-05-16,Q400,DH8D,De Havilland Canada,Dash 8 Q400,FW,78,78,passenger,sch-oper.pdf,2024-06-10,2024-06-10
VT-SUY,800C67,SpiceJet,Spice Jet Ltd.,scheduled,S-16,2028-05-16,Q400,DH8D,De Havilland Canada,Dash 8 Q400,FW,78,78,passenger,sch-oper.pdf,2024-06-10,2024-06-10
VT-SXA,800DA3,SpiceJet,Spice Jet Ltd.,scheduled,S-16,2028-05-16,B737-800,B738,Boeing,Boeing 737-800,FW,189,189,passenger,sch-oper.pdf,2024-06-10,2024-06-10
VT-SXB,800DA4,SpiceJet,Spice Jet Ltd.,scheduled,S-16,2028-05-16,B737-800,B738,Boeing,Boeing 737-800,FW,189,189,passenger,sch-oper.pdf,2024-06-10,2024-06-10
VT-SXC,800DA5,SpiceJet,Spice Jet Ltd.,scheduled,S-16,2028-05-16,B737-800,B738,Boeing,Boeing 737-800,FW,189,189,passenger,sch-oper.pdf,2024-06-10,2024-06-10
VT-SXE,800DA9,SpiceJet,Spice Jet Ltd.,scheduled,S-16,2028-05-16,B737-800,B738,Boeing,Boeing 737-800,FW,189,189,passenger,sch-oper.pdf,2024-06-10,2024-06-10
VT-SYI,800D79,SpiceJet,Spice Jet Ltd.,scheduled,S-16,2028-05-16,B737-800,B738,Boeing,Boeing 737-800,FW,189,189,passenger,sch-oper.pdf,2024-06-10,2024-06-10
VT-SYJ,800D7A,SpiceJet,Spice Jet Ltd.,scheduled,S-16,2028-05-16,B737-800,B738,Boeing,Boeing 737-800,FW,189,189,passenger,sch-oper.pdf,2024-06-10,2024-06-10
VT-SYT,800D90,SpiceJet,Spice Jet Ltd.,scheduled,S-16,2028-05-16,B737-700,B737,Boeing,Boeing 737-700,FW,149,149,passenger,sch-oper.pdf,2024-06-10,2024-06-10
VT-SYU,800D91,SpiceJet,Spice Jet Ltd.,scheduled,S-16,2028-05-16,B737-700,B737,Boeing,Boeing 737-700,FW,149,149,passenger,sch-oper.pdf,2024-06-10,2024-06-10
VT-SYZ,800DA2,SpiceJet,Spice Jet Ltd.,scheduled,S-16,2028-05-16,B737-800,B738,Boeing,Boeing 737-800,FW,189,189,passenger,sch-oper.pdf,2024-06-10,2024-06-10
VT-SZL,800AF7,SpiceJet,Spice Jet Ltd.,scheduled,S-16,2028-05-16,B737-900,B737,Boeing,Boeing 737,FW,212,212,passenger,sch-oper.pdf,2024-06-10,2024-06-10
VT-TGG,800DB4,Air India Express,Air India Express Ltd.,scheduled,S-14,2028-04-21,B737-800,B738,Boeing,Boeing 737-800,FW,186,186,passenger,sch-oper.pdf,2024-06-10,2024-06-10
VT-TGH,800DB5,Air India Express,Air India Express Ltd.,scheduled,S-14,2028-04-21,B737-800,B738,Boeing,Boeing 737-800,FW,186,186,passenger,sch-oper.pdf,2024-06-10,2024-06-10
VT-TNB,800C0B,Vistara,Tata SIA Airlines Ltd.,scheduled,S-27,2024-12-14,A320-251N,A20N,Airbus,Airbus A320neo,FW,164,164,passenger,sch-oper.pdf,2024-06-10,2024-06-10
VT-TNC,800C0C,Vistara,Tata SIA Airlines Ltd.,scheduled,S-27,2024-12-14,A320-251N,A20N,Airbus,Airbus A320neo,FW,164,164,passenger,sch-oper.pdf,2024-06-10,2024-06-10
VT-TNE,800C3C,Vistara,Tata SIA Airlines Ltd.,scheduled,S-27,2024-12-14,A320-251N,A20N,Airbus,Airbus A320neo,FW,164,164,passenger,sch-oper.pdf,2024-06-10,2024-06-10
VT-TNF,800C64,Vistara,Tata SIA Airlines Ltd.,scheduled,S-27,2024-12-14,A320-251N,A20N,Airbus,Airbus A320neo,FW,164,164,passenger,sch-oper.pdf,2024-06-10,2024-06-10
VT-TNH,800C8E,Vistara,Tata SIA Airlines Ltd.,scheduled,S-27,2024-12-14,A320-251N,A20N,Airbus,Airbus A320neo,FW,164,164,passenger,sch-oper.pdf,2024-06-10,2024-06-10
VT-TNI,800C8F,Vistara,Tata SIA Airlines Ltd.,scheduled,S-27,2024-12-14,A320-251N,A20N,Airbus,Airbus A320neo,FW,164,164,passenger,sch-oper.pdf,2024-06-10,2024-06-10
VT-TNJ,800CB9,Vistara,Tata SIA Airlines Ltd.,scheduled,S-27,2024-12-14,A320-251N,A20N,Airbus,Airbus A320neo,FW,164,164,passenger,sch-oper.pdf,2024-06-10,2024-06-10
VT-TNK,800CBA,Vistara,Tata SIA Airlines Ltd.,scheduled,S-27,2024-12-14,A320-251N,A20N,Airbus,Airbus A320neo,FW,164,164,passenger,sch-oper.pdf,2024-06-10,2024-06-10
VT-TNL,800DAF,Vistara,Tata SIA Airlines Ltd.,scheduled,S-27,2024-12-14,A320-251N,A20N,Airbus,Airbus A320neo,FW,164,164,passenger,sch-oper.pdf,2024-06-10,2024-06-10
VT-TNM,800DB0,Vistara,Tata SIA Airlines Ltd.,scheduled,S-27,2024-12-14,A320-251N,A20N,Airbus,Airbus A320neo,FW,164,164,passenger,sch-oper.pdf,2024-06-10,2024-06-10
VT-TNN,800DA0,Vistara,Tata SIA Airlines Ltd.,scheduled,S-27,2024-12-14,A320-251N,A20N,Airbus,Airbus A320neo,FW,164,164,passenger,sch-oper.pdf,2024-06-10,2024-06-10
VT-TNP,801396,Vistara,Tata SIA Airlines Ltd.,scheduled,S-27,2024-12-14,A320-251N,A20N,Airbus,Airbus A320neo,FW,164,164,passenger,sch-oper.pdf,2024-06-10,2024-06-10
VT-TNQ,80139B,Vistara,Tata SIA Airlines Ltd.,scheduled,S-27,2024-12-14,A320-251N,A20N,Airbus,Airbus A320neo,FW,164,164,passenger,sch-oper.pdf,2024-06-10,2024-06-10
VT-TNR,80139E,Vistara,Tata SIA Airlines Ltd.,scheduled,S-27,2024-12-14,A320-251N,A20N,Airbus,Airbus A320neo,FW,164,164,passenger,sch-oper.pdf,2024-06-10,2024-06-10
VT-TNS,8013B1,Vistara,Tata SIA Airlines Ltd.,scheduled,S-27,2024-12-14,A320-251N,A20N,Airbus,Airbus A320neo,FW,164,164,passenger,sch-oper.pdf,2024-06-10,2024-06-10
VT-TNU,8013A3,Vistara,Tata SIA Airlines Ltd.,scheduled,S-27,2024-12-14,A320-251N,A20N,Airbus,Airbus A320neo,FW,164,164,passenger,sch-oper.pdf,2024-06-10,2024-06-10
VT-TNV,8013A4,Vistara,Tata SIA Airlines Ltd.,scheduled,S-27,2024-12-14,A320-251N,A20N,Airbus,Airbus A320neo,FW,164,164,passenger,sch-oper.pdf,2024-06-10,2024-06-10
VT-TNW,8013B2,Vistara,Tata SIA Airlines Ltd.,scheduled,S-27,2024-12-14,A320-251N,A20N,Airbus,Airbus A320neo,FW,164,164,passenger,sch-oper.pdf,2024-06-10,2024-06-10
VT-TNX,8013EA,Vistara,Tata SIA Airlines Ltd.,scheduled,S-27,2024-12-14,A320-251N,A20N,Airbus,Airbus A320neo,FW,164,164,passenger,sch-oper.pdf,2024-06-10,2024-06-10
VT-TNY,8013CC,Vistara,Tata SIA Airlines Ltd.,scheduled,S-27,2024-12-14,A320-251N,A20N,Airbus,Airbus A320neo,FW,164,164,passenger,sch-oper.pdf,2024-06-10,2024-06-10
VT-TNZ,8013FE,Vistara,Tata SIA Airlines Ltd.,scheduled,S-27,2024-12-14,A320-251N,A20N,Airbus,Airbus A320neo,FW,164,164,passenger,sch-oper.pdf,2024-06-10,2024-06-10
VT-TQA,801408,Vistara,Tata SIA Airlines Ltd.,scheduled,S-27,2024-12-14,A320-251N,A20N,Airbus,Airbus A320neo,FW,164,164,passenger,sch-oper.pdf,2024-06-10,2024-06-10
VT-TQB,801409,Vistara,Tata SIA Airlines Ltd.,scheduled,S-27,2024-12-14,A320-251N,A20N,Airbus,Airbus A320neo,FW,164,164,passenger,sch-oper.pdf,2024-06-10,2024-06-10
VT-TQC,80141E,Vistara,Tata SIA Airlines Ltd.,scheduled,S-27,2024-12-14,A320-251N,A20N,Airbus,Airbus A320neo,FW,164,164,passenger,sch-oper.pdf,2024-06-10,2024-06-10
VT-TQD,80141D,Vistara,Tata SIA Airlines Ltd.,scheduled,S-27,2024-12-14,A320-251N,A20N,Airbus,Airbus A320neo,FW,164,164,passenger,sch-oper.pdf,2024-06-10,2024-06-10
VT-TQE,801439,Vistara,Tata SIA Airlines Ltd.,scheduled,S-27,2024-12-14,A320-251N,A20N,Airbus,Airbus A320neo,FW,164,164,passenger,sch-oper.pdf,2024-06-10,2024-06-10
VT-TQF,801424,Vistara,Tata SIA Airlines Ltd.,scheduled,S-27,2024-12-14,A320-251N,A20N,Airbus,Airbus A320neo,FW,164,164,passenger,sch-oper.pdf,2024-06-10,2024-06-10
VT-TQG,801495,Vistara,Tata SIA Airlines Ltd.,scheduled,S-27,2024-12-14,A320-251N,A20N,Airbus,Airbus A320neo,FW,164,164,passenger,sch-oper.pdf,2024-06-10,2024-06-10
VT-TQH,80145A,Vistara,Tata SIA Airlines Ltd.,scheduled,S-27,2024-12-14,A320-251N,A20N,Airbus,Airbus A320neo,FW,164,164,passenger,sch-oper.pdf,2024-06-10,2024-06-10
VT-TQI,8014DA,Vistara,Tata SIA Airlines Ltd.,scheduled,S-27,2024-12-14,A320-251N,A20N,Airbus,Airbus A320neo,FW,164,164,passenger,sch-oper.pdf,2024-06-10,2024-06-10
VT-TQJ,8014DB,Vistara,Tata SIA Airlines Ltd.,scheduled,S-27,2024-12-14,A320-251N,A20N,Airbus,Airbus A320neo,FW,164,164,passenger,sch-oper.pdf,2024-06-10,2024-06-10
VT-TQK,8014D0,Vistara,Tata SIA Airlines Ltd.,scheduled,S-27,2024-12-14,A320-251N,A20N,Airbus,Airbus A320neo,FW,164,164,passenger,sch-oper.pdf,2024-06-10,2024-06-10
VT-TQL,8014C4,Vistara,Tata SIA Airlines Ltd.,scheduled,S-27,2024-12-14,A320-251N,A20N,Airbus,Airbus A320neo,FW,164,164,passenger,sch-oper.pdf,2024-06-10,2024-06-10
VT-TQM,8014ED,Vistara,Tata SIA Airlines Ltd.,scheduled,S-27,2024-12-14,A320-251N,A20N,Airbus,Airbus A320neo,FW,164,164,passenger,sch-oper.pdf,2024-06-10,2024-06-10
VT-TQN,801534,Vistara,Tata SIA Airlines Ltd.,scheduled,S-27,2024-12-14,A320-251N,A20N,Airbus,Airbus A320neo,FW,164,164,passenger,sch-oper.pdf,2024-06-10,2024-06-10
VT-TQO,801553,Vistara,Tata SIA Airlines Ltd.,scheduled,S-27,2024-12-14,A320-251N,A20N,Airbus,Airbus A320neo,FW,164,164,passenger,sch-oper.pdf,2024-06-10,2024-06-10
VT-TQP,80159C,Vistara,Tata SIA Airlines Ltd.,scheduled,S-27,2024-12-14,A320-251N,A20N,Airbus,Airbus A320neo,FW,164,164,passenger,sch-oper.pdf,2024-06-10,2024-06-10
VT-TQQ,80159D,Vistara,Tata SIA Airlines Ltd.,scheduled,S-27,2024-12-14,A320-251N,A20N,Airbus,Airbus A320neo,FW,164,164,passenger,sch-oper.pdf,2024-06-10,2024-06-10
VT-TQR,801602,Vistara,Tata SIA Airlines Ltd.,scheduled,S-27,2024-12-14,A320-251N,A20N,Airbus,Airbus A320neo,FW,164,164,passenger,sch-oper.pdf,2024-06-10,2024-06-10
VT-TQS,801603,Vistara,Tata SIA Airlines Ltd.,scheduled,S-27,2024-12-14,A320-251N,A20N,Airbus,Airbus A320neo,FW,164,164,passenger,sch-oper.pdf,2024-06-10,2024-06-10
VT-TQT,80162E,Vistara,Tata SIA Airlines Ltd.,scheduled,S-27,2024-12-14,A320-251N,A20N,Airbus,Airbus A320neo,FW,164,164,passenger,sch-oper.pdf,2024-06-10,2024-06-10
VT-TQU,80162F,Vistara,Tata SIA Airlines Ltd.,scheduled,S-27,2024-12-14,A320-251N,A20N,Airbus,Airbus A320neo,FW,164,164,passenger,sch-oper.pdf,2024-06-10,2024-06-10
VT-TQV,,Vistara,Tata SIA Airlines Ltd.,scheduled,S-27,2024-12-14,A320-251N,A20N,Airbus,Airbus A320neo,FW,164,164,passenger,sch-oper.pdf,2024-06-10,2024-06-10
VT-TQW,801672,Vistara,Tata SIA Airlines Ltd.,scheduled,S-27,2024-12-14,A320-251N,A20N,Airbus,Airbus A320neo,FW,164,164,passenger,sch-oper.pdf,2024-06-10,2024-06-10
VT-TQX,80167B,Vistara,Tata SIA Airlines Ltd.,scheduled,S-27,2024-12-14,A320-251N,A20N,Airbus,Airbus A320neo,FW,164,164,passenger,sch-oper.pdf,2024-06-10,2024-06-10
VT-TSD,8013C2,Vistara,Tata SIA Airlines Ltd.,scheduled,S-27,2024-12-14,B787-9,B789,Boeing,Boeing 787-9,FW,299,299,passenger,sch-oper.pdf,2024-06-10,2024-06-10
VT-TSE,8013C3,Vistara,Tata SIA Airlines Ltd.,scheduled,S-27,2024-12-14,B787-9,B789,Boeing,Boeing 787-9,FW,299,299,passenger,sch-oper.pdf,2024-06-10,2024-06-10
VT-TSH,801406,Vistara,Tata SIA Airlines Ltd.,scheduled,S-27,2024-12-14,B787-9,B789,Boeing,Boeing 787-9,FW,299,299,passenger,sch-oper.pdf,2024-06-10,2024-06-10
VT-TSN,80166C,Vistara,Tata SIA Airlines Ltd.,scheduled,S-27,2024-12-14,B787-9,B789,Boeing,Boeing 787-9,FW,299,299,passenger,sch-oper.pdf,2024-06-10,2024-06-10
VT-TSO,8015CD,Vistara,Tata SIA Airlines Ltd.,scheduled,S-27,2024-12-14,B787-9,B789,Boeing,Boeing 787-9,FW,299,299,passenger,sch-oper.pdf,2024-06-10,2024-06-10
VT-TSP,80158C,Vistara,Tata SIA Airlines Ltd.,scheduled,S-27,2024-12-14,B787-9,B789,Boeing,Boeing 787-9,FW,299,299,passenger,sch-oper.pdf,2024-06-10,2024-06-10
VT-TSQ,80153A,Vistara,Tata SIA Airlines Ltd.,scheduled,S-27,2024-12-14,B787-9,B789,Boeing,Boeing 787-9,FW,299,299,passenger,sch-oper.pdf,2024-06-10,2024-06-10
VT-TVA,8013D6,Vistara,Tata SIA Airlines Ltd.,scheduled,S-27,2024-12-14,A321-251NX,A21N,Airbus,Airbus A321neo,FW,188,188,passenger,sch-oper.pdf,2024-06-10,2024-06-10
VT-TVB,8013ED,Vistara,Tata SIA Airlines Ltd.,scheduled,S-27,2024-12-14,A321-251NX,A21N,Airbus,Airbus A321neo,FW,188,188,passenger,sch-oper.pdf,2024-06-10,2024-06-10
VT-TVC,80143A,Vistara,Tata SIA Airlines Ltd.,scheduled,S-27,2024-12-14,A321-251NX,A21N,Airbus,Airbus A321neo,FW,188,188,passenger,sch-oper.pdf,2024-06-10,2024-06-10
VT-TVD,801464,Vistara,Tata SIA Airlines Ltd.,scheduled,S-27,2024-12-14,A321-251NX,A21N,Airbus,Airbus A321neo,FW,188,188,passenger,sch-oper.pdf,2024-06-10,2024-06-10
VT-TVE,8014DD,Vistara,Tata SIA Airlines Ltd.,scheduled,S-27,2024-12-14,A321-251NX,A21N,Airbus,Airbus A321neo,FW,188,188,passenger,sch-oper.pdf,2024-06-10,2024-06-10
VT-TVF,801552,Vistara,Tata SIA Airlines Ltd.,scheduled,S-27,2024-12-14,A321-251NX,A21N,Airbus,Airbus A321neo,FW,188,188,passenger,sch-oper.pdf,2024-06-10,2024-06-10
VT-TVG,80155F,Vistara,Tata SIA Airlines Ltd.,scheduled,S-27,2024-12-14,A321-251NX,A21N,Airbus,Airbus A321neo,FW,188,188,passenger,sch-oper.pdf,2024-06-10,2024-06-10
VT-TVH,801597,Vistara,Tata SIA Airlines Ltd.,scheduled,S-27,2024-12-14,A321-251NX,A21N,Airbus,Airbus A321neo,FW,188,188,passenger,sch-oper.pdf,2024-06-10,2024-06-10
VT-TVI,8015C1,Vistara,Tata SIA Airlines Ltd.,scheduled,S-27,2024-12-14,A321-251NX,A21N,Airbus,Airbus A321neo,FW,188,188,passenger,sch-oper.pdf,2024-06-10,2024-06-10
VT-TVJ,8015C5,Vistara,Tata SIA Airlines Ltd.,scheduled,S-27,2024-12-14,A321-251NX,A21N,Airbus,Airbus A321neo,FW,188,188,passenger,sch-oper.pdf,2024-06-10,2024-06-10
VT-TYA,801420,Vistara,Tata SIA Airlines Ltd.,scheduled,S-27,2024-12-14,A320-251N,A20N,Airbus,Airbus A320neo,FW,164,164,passenger,sch-oper.pdf,2024-06-10,2024-06-10
VT-TYB,801441,Vistara,Tata SIA Airlines Ltd.,scheduled,S-27,2024-12-14,A320-251N,A20N,Airbus,Airbus A320neo,FW,164,164,passenger,sch-oper.pdf,2024-06-10,2024-06-10
VT-TYC,801493,Vistara,Tata SIA Airlines Ltd.,scheduled,S-27,2024-12-14,A320-251N,A20N,Airbus,Airbus A320neo,FW,164,164,passenger,sch-oper.pdf,2024-06-10,2024-06-10
VT-TYD,8014AE,Vistara,Tata SIA Airlines Ltd.,scheduled,S-27,2024-12-14,A320-251N,A20N,Airbus,Airbus A320neo,FW,164,164,passenger,sch-oper.pdf,2024-06-10,2024-06-10
VT-TYE,8014F3,Vistara,Tata SIA Airlines Ltd.,scheduled,S-27,2024-12-14,A320-251N,A20N,Airbus,Airbus A320neo,FW,164,164,passenger,sch-oper.pdf,2024-06-10,2024-06-10
VT-TYF,80158B,Vistara,Tata SIA Airlines Ltd.,scheduled,S-27,2024-12-14,A320-251N,A20N,Airbus,Airbus A320neo,FW,164,164,passenger,sch-oper.pdf,2024-06-10,2024-06-10
VT-TYG,801584,Vistara,Tata SIA Airlines Ltd.,scheduled,S-27,2024-12-14,A320-251N,A20N,Airbus,Airbus A320neo,FW,164,164,passenger,sch-oper.pdf,2024-06-10,2024-06-10
VT-UDA,8014E9,Alliance Air,Alliance Air Aviation Ltd. (Alliance Air),scheduled,S-8,2028-04-30,ATR42-500,AT46,ATR,ATR 42-600,FW,48,48,passenger,sch-oper.pdf,2024-06-10,2024-06-10
VT-UDB,8014EA,Alliance Air,Alliance Air Aviation Ltd. (Alliance Air),scheduled,S-8,2028-04-30,ATR42-500,AT46,ATR,ATR 42-600,FW,48,48,passenger,sch-oper.pdf,2024-06-10,2024-06-10
VT-VKK,801555,GSEC Monarch & Deccan Charters,GSEC Monarch and Deccan Aviation Pvt.,scheduled,SC-09,2025-06-23,Cessna Grand,C208,Cessna,Cessna Grand,FW,9,9,passenger,sch-oper.pdf,2024-06-10,2024-06-10
VT-VNS,8013CA,Air India Express,AIX Connect Pvt. Ltd.,scheduled,S-26,2029-05-06,A320-216,A320,Airbus,Airbus A320,FW,180,180,passenger,sch-oper.pdf,2024-06-10,2024-06-10
VT-VTZ,800CE4,Air India Express,AIX Connect Pvt. Ltd.,scheduled,S-26,2029-05-06,A320-214,A320,Airbus,Airbus A320,FW,180,180,passenger,sch-oper.pdf,2024-06-10,2024-06-10
VT-YAA,8014E6,Akasa Air,SNV Aviation Pvt. Ltd.,scheduled,S-33,2027-07-06,B737-8,B38M,Boeing,Boeing 737-8,FW,189,189,passenger,sch-oper.pdf,2024-06-10,2024-06-10
VT-YAB,8014F2,Akasa Air,SNV Aviation Pvt. Ltd.,scheduled,S-33,2027-07-06,B737-8,B38M,Boeing,Boeing 737-8,FW,189,189,passenger,sch-oper.pdf,2024-06-10,2024-06-10
VT-YAC,8014F8,Akasa Air,SNV Aviation Pvt. Ltd.,scheduled,S-33,2027-07-06,B737-8,B38M,Boeing,Boeing 737-8,FW,189,189,passenger,sch-oper.pdf,2024-06-10,2024-06-10
VT-YAD,8014FD,Akasa Air,SNV Aviation Pvt. Ltd.,scheduled,S-33,2027-07-06,B737-8,B38M,Boeing,Boeing 737-8,FW,189,189,passenger,sch-oper.pdf,2024-06-10,2024-06-10
VT-YAE,8014FE,Akasa Air,SNV Aviation Pvt. Ltd.,scheduled,S-33,2027-07-06,B737-8,B38M,Boeing,Boeing 737-8,FW,189,189,passenger,sch-oper.pdf,2024-06-10,2024-06-10
VT-YAF,801509,Akasa Air,SNV Aviation Pvt. Ltd.,scheduled,S-33,2027-07-06,B737-8,B38M,Boeing,Boeing 737-8,FW,189,189,passenger,sch-oper.pdf,2024-06-10,2024-06-10
VT-YAG,801524,Akasa Air,SNV Aviation Pvt. Ltd.,scheduled,S-33,2027-07-06,B737-8,B38M,Boeing,Boeing 737-8,FW,189,189,passenger,sch-oper.pdf,2024-06-10,2024-06-10
VT-YAH,801526,Akasa Air,SNV Aviation Pvt. Ltd.,scheduled,S-33,2027-07-06,B737-8,B38M,Boeing,Boeing 737-8,FW,189,189,passenger,sch-oper.pdf,2024-06-10,2024-06-10
VT-YAI,801508,Akasa Air,SNV Aviation Pvt. Ltd.,scheduled,S-33,2027-07-06,B737-8,B38M,Boeing,Boeing 737-8,FW,189,189,passenger,sch-oper.pdf,2024-06-10,2024-06-10
VT-YAJ,801539,Akasa Air,SNV Aviation Pvt. Ltd.,scheduled,S-33,2027-07-06,B737-8,B38M,Boeing,Boeing 737-8,FW,189,189,passenger,sch-oper.pdf,2024-06-10,2024-06-10
VT-YAK,801546,Akasa Air,SNV Aviation Pvt. Ltd.,scheduled,S-33,2027-07-06,B737-8,B38M,Boeing,Boeing 737-8,FW,189,189,passenger,sch-oper.pdf,2024-06-10,2024-06-10
VT-YAL,801547,Akasa Air,SNV Aviation Pvt. Ltd.,scheduled,S-33,2027-07-06,B737-8,B38M,Boeing,Boeing 737-8,FW,189,189,passenger,sch-oper.pdf,2024-06-10,2024-06-10
VT-YAM,801548,Akasa Air,SNV Aviation Pvt. Ltd.,scheduled,S-33,2027-07-06,B737-8,B38M,Boeing,Boeing 737-8,FW,189,189,passenger,sch-oper.pdf,2024-06-10,2024-06-10
VT-YAO,801549,Akasa Air,SNV Aviation Pvt. Ltd.,scheduled,S-33,2027-07-06,B737-8,B38M,Boeing,Boeing 737-8,FW,189,189,passenger,sch-oper.pdf,2024-06-10,2024-06-10
VT-YAP,80154A,Akasa Air,SNV Aviation Pvt. Ltd.,scheduled,S-33,2027-07-06,B737-8,B38M,Boeing,Boeing 737-8,FW,189,189,passenger,sch-oper.pdf,2024-06-10,2024-06-10
VT-YAQ,80155D,Akasa Air,SNV Aviation Pvt. Ltd.,scheduled,S-33,2027-07-06,B737-8,B38M,Boeing,Boeing 737-8,FW,189,189,passenger,sch-oper.pdf,2024-06-10,2024-06-10
VT-YAR,80157C,Akasa Air,SNV Aviation Pvt. Ltd.,scheduled,S-33,2027-07-06,B737-8,B38M,Boeing,Boeing 737-8,FW,189,189,passenger,sch-oper.pdf,2024-06-10,2024-06-10
VT-YAS,80157A,Akasa Air,SNV Aviation Pvt. Ltd.,scheduled,S-33,2027-07-06,B737-8,B38M,Boeing,Boeing 737-8,FW,189,189,passenger,sch-oper.pdf,2024-06-10,2024-06-10
VT-YAT,801587,Akasa Air,SNV Aviation Pvt. Ltd.,scheduled,S-33,2027-07-06,B737-8,B38M,Boeing,Boeing 737-8,FW,189,189,passenger,sch-oper.pdf,2024-06-10,2024-06-10
VT-YAU,80161E,Akasa Air,SNV Aviation Pvt. Ltd.,scheduled,S-33,2027-07-06,B737-8,B38M,Boeing,Boeing 737-8,FW,189,189,passenger,sch-oper.pdf,2024-06-10,2024-06-10
VT-YAV,8015AB,Akasa Air,SNV Aviation Pvt. Ltd.,scheduled,S-33,2027-07-06,B737-8200,B38M,Boeing,Boeing 737-8-200,FW,197,197,passenger,sch-oper.pdf,2024-06-10,2024-06-10
VT-YAW,80161D,Akasa Air,SNV Aviation Pvt. Ltd.,scheduled,S-33,2027-07-06,B737-8,B38M,Boeing,Boeing 737-8,FW,189,189,passenger,sch-oper.pdf,2024-06-10,2024-06-10
VT-YAX,801633,Akasa Air,SNV Aviation Pvt. Ltd.,scheduled,S-33,2027-07-06,B737-8,B38M,Boeing,Boeing 737-8,FW,189,189,passenger,sch-oper.pdf,2024-06-10,2024-06-10
VT-YBA,801632,Akasa Air,SNV Aviation Pvt. Ltd.,scheduled,S-33,2027-07-06,B737-8,B38M,Boeing,Boeing 737-8,FW,189,189,passenger,sch-oper.pdf,2024-06-10,2024-06-10
VT-ZOC,,Zexus Air,Zexus Air Services Private Limited (Zooom),scheduled,S-32,2024-09-13,CRJ-200ER,,Other,CRJ-200ER,FW,50,50,passenger,sch-oper.pdf,2024-06-10,2024-06-10
VT-ZOD,,Zexus Air,Zexus Air Services Private Limited (Zooom),scheduled,S-32,2024-09-13,CRJ-200ER,,Other,CRJ-200ER,FW,50,50,passenger,sch-oper.pdf,2024-06-10,2024-06-10