reg,hex,operator,operator_legal,category,permit_no,permit_valid_until,model,type_icao,type_manufacturer,type_name,wing,seats,seats_raw,role,source_file,source_as_on,first_seen
VT-AAT,8001C5,Reliance Transport & Travels,Reliance Transport & Travels Pvt. Ltd.,non-scheduled,#03/2000,2028-09-27,FALCON2000,F2TH,Dassault,Dassault Falcon 2000,FW,10,10,passenger,ns-oper.pdf,2026-08-31,2026-08-31
VT-AAZ,801530,Quikjet Cargo,Quikjet Cargo Airlines Pvt. Ltd.,scheduled,S-34,2027-12-11,B737-800 (Freighter),B738,Boeing,Boeing 737-800,FW,,Cargo,cargo,sch-oper.pdf,2026-08-31,2024-06-10
VT-ACD,8003C9,Target Air Services,Target Air Services Pvt. Ltd.,non-scheduled,#14/2023,2028-12-20,BEECH SUPER KING AIR B-300 (350),B350,Beechcraft,Beechcraft King Air 350,FW,9,9,passenger,ns-oper.pdf,2026-08-31,2026-08-31
VT-ACG,800578,Aurea Aviation,Aurea Aviation Private Limited,non-scheduled,#06/2026,2031-03-29,PC-12/45,PC12,Pilatus,Pilatus PC-12,FW,6,6,passenger,ns-oper.pdf,2026-08-31,2026-08-31
VT-AEM,8015A5,Air India,Air India Ltd.,scheduled,S-9,2028-06-30,B777-300 ER,B77W,Boeing,Boeing 777-300ER,FW,342,342,passenger,sch-oper.pdf,2026-08-31,2024-06-10
VT-AEN,8015A8,Air India,Air India Ltd.,scheduled,S-9,2028-06-30,B777-300 ER,B77W,Boeing,Boeing 777-300ER,FW,342,342,passenger,sch-oper.pdf,2026-08-31,2024-06-10
VT-AEO,80159E,Air India,Air India Ltd.,scheduled,S-9,2028-06-30,B777-300 ER,B77W,Boeing,Boeing 777-300ER,FW,342,342,passenger,sch-oper.pdf,2026-08-31,2024-06-10
VT-AEP,80159F,Air India,Air India Ltd.,scheduled,S-9,2028-06-30,B777-300 ER,B77W,Boeing,Boeing 777-300ER,FW,342,342,passenger,sch-oper.pdf,2026-08-31,2024-06-10
VT-AEQ,8015A6,Air India,Air India Ltd.,scheduled,S-9,2028-06-30,B777-300 ER,B77W,Boeing,Boeing 777-300ER,FW,342,342,passenger,sch-oper.pdf,2026-08-31,2024-06-10
VT-AER,8015A7,Air India,Air India Ltd.,scheduled,S-9,2028-06-30,B777-200 LR,B772,Boeing,Boeing 777-200LR,FW,238,238,passenger,sch-oper.pdf,2026-08-31,2024-06-10
VT-AFJ,80188B,Afcom Holdings,Afcom Holdings Ltd.,non-scheduled,#12/2024,2029-12-11,B737-800 Freighter,B738,Boeing,Boeing 737-800,FW,,Cargo,cargo,ns-oper.pdf,2026-08-31,2026-08-31
VT-AFL,801747,Karnavati Aviation,Karnavati Aviation Pvt. Ltd.,non-scheduled,#22/2008,2028-08-06,PC-24,PC24,Pilatus,Pilatus PC-24,FW,6,6,passenger,ns-oper.pdf,2026-08-31,2026-08-31
VT-AFN,80173B,Afcom Holdings,Afcom Holdings Ltd.,non-scheduled,#12/2024,2029-12-11,B737-800 Freighter,B738,Boeing,Boeing 737-800,FW,,Cargo,cargo,ns-oper.pdf,2026-08-31,2026-08-31
VT-AFO,801694,Afcom Holdings,Afcom Holdings Ltd.,non-scheduled,#12/2024,2029-12-11,B737-800 Freighter,B738,Boeing,Boeing 737-800,FW,,Cargo,cargo,ns-oper.pdf,2026-08-31,2026-08-31
VT-AGH,,Pioneer Flying Academy,Pioneer Flying Academy Pvt. Ltd.,non-scheduled,#09/2015,2027-10-13,CESSNA 172S,C172,Cessna,Cessna 172,FW,3,3/Aerial Work,aerial-work,ns-oper.pdf,2026-08-31,2026-08-31
VT-AGL,8014B9,Karnavati Aviation,Karnavati Aviation Pvt. Ltd.,non-scheduled,#22/2008,2028-08-06,Bombardier BD-700-1A10,GL5T,Bombardier,Bombardier Global 5000/5500/6000/6500,FW,13,13,passenger,ns-oper.pdf,2026-08-31,2026-08-31
VT-AGP,8004C4,Deccan Charters,Deccan Charters Pvt. Ltd.,non-scheduled,#26/2008,2028-10-06,Hawker 850XP,H25B,Hawker Beechcraft,Hawker 800/850/900,FW,8,8,passenger,ns-oper.pdf,2026-08-31,2026-08-31
VT-AHB,800184,Navdurga Aviation,Navdurga Aviation Pvt. Ltd.,non-scheduled,#15/2022,2027-12-27,CESSNA CARAVAN 208B,C208,Cessna,Cessna 208 Grand Caravan,FW,8,8,passenger,ns-oper.pdf,2026-08-31,2026-08-31
VT-AHI,800B7E,Reliance Commercial Dealers,Reliance Commercial Dealers Ltd.,non-scheduled,#02/2008,2029-01-14,GLOBAL 6000 BD-700-1A10,GL5T,Bombardier,Bombardier Global 5000/5500/6000/6500,FW,14,14,passenger,ns-oper.pdf,2026-08-31,2026-08-31
VT-AHM,801567,Karnavati Aviation,Karnavati Aviation Pvt. Ltd.,non-scheduled,#22/2008,2028-08-06,EMB-135BJ,E35L,Embraer,Embraer Legacy 600/650,FW,13,13,passenger,ns-oper.pdf,2026-08-31,2026-08-31
VT-AII,800B52,Alliance Air,Alliance Air Aviation Ltd.,scheduled,S-8,2028-04-30,ATR72-600,AT76,ATR,ATR 72-600,FW,70,70,passenger,sch-oper.pdf,2026-08-31,2024-06-10
VT-AIT,800B53,Alliance Air,Alliance Air Aviation Ltd.,scheduled,S-8,2028-04-30,ATR72-600,AT76,ATR,ATR 72-600,FW,70,70,passenger,sch-oper.pdf,2026-08-31,2024-06-10
VT-AIU,800B54,Alliance Air,Alliance Air Aviation Ltd.,scheduled,S-8,2028-04-30,ATR72-600,AT76,ATR,ATR 72-600,FW,70,70,passenger,sch-oper.pdf,2026-08-31,2024-06-10
VT-AIV,800B55,Alliance Air,Alliance Air Aviation Ltd.,scheduled,S-8,2028-04-30,ATR72-600,AT76,ATR,ATR 72-600,FW,70,70,passenger,sch-oper.pdf,2026-08-31,2024-06-10
VT-AIW,800B56,Alliance Air,Alliance Air Aviation Ltd.,scheduled,S-8,2028-04-30,ATR72-600,AT76,ATR,ATR 72-600,FW,70,70,passenger,sch-oper.pdf,2026-08-31,2024-06-10
VT-AIX,800B9F,Alliance Air,Alliance Air Aviation Ltd.,scheduled,S-8,2028-04-30,ATR72-600,AT76,ATR,ATR 72-600,FW,70,70,passenger,sch-oper.pdf,2026-08-31,2024-06-10
VT-AIY,800BA0,Alliance Air,Alliance Air Aviation Ltd.,scheduled,S-8,2028-04-30,ATR72-600,AT76,ATR,ATR 72-600,FW,70,70,passenger,sch-oper.pdf,2026-08-31,2024-06-10
VT-AIZ,800BA1,Alliance Air,Alliance Air Aviation Ltd.,scheduled,S-8,2028-04-30,ATR72-600,AT76,ATR,ATR 72-600,FW,70,70,passenger,sch-oper.pdf,2026-08-31,2024-06-10
VT-AJM,80074C,Freedom Charter Services,Freedom Charter Services Pvt. Ltd.,non-scheduled,#01/2013,2029-01-28,HAWKER BEECHCRAFT 900XP,H25B,Other,HAWKER BEECHCRAFT 900XP,FW,9,9,passenger,ns-oper.pdf,2026-08-31,2026-08-31
VT-AKI,801844,Reliance Commercial Dealers,Reliance Commercial Dealers Ltd.,non-scheduled,#02/2008,2029-01-14,H160-B,H160,Airbus Helicopters,Airbus H160,RW,6,6,passenger,ns-oper.pdf,2026-08-31,2026-08-31
VT-AKU,800460,Reliance Commercial Dealers,Reliance Commercial Dealers Ltd.,non-scheduled,#02/2008,2029-01-14,FALCON 900EX,F900,Dassault,Dassault Falcon 900,FW,14,14,passenger,ns-oper.pdf,2026-08-31,2026-08-31
VT-AKV,80169F,Reliance Commercial Dealers,Reliance Commercial Dealers Ltd.,non-scheduled,#02/2008,2029-01-14,B737-9,B39M,Boeing,Boeing 737-9,FW,19,19,passenger,ns-oper.pdf,2026-08-31,2026-08-31
VT-ALJ,8003E2,Air India,Air India Ltd.,scheduled,S-9,2028-06-30,B777-300 ER,B77W,Boeing,Boeing 777-300ER,FW,342,342,passenger,sch-oper.pdf,2026-08-31,2024-06-10
VT-ALK,8003E3,Air India,Air India Ltd.,scheduled,S-9,2028-06-30,B777-300 ER,B77W,Boeing,Boeing 777-300ER,FW,342,342,passenger,sch-oper.pdf,2026-08-31,2024-06-10
VT-ALL,8003E4,Air India,Air India Ltd.,scheduled,S-9,2028-06-30,B777-300 ER,B77W,Boeing,Boeing 777-300ER,FW,342,342,passenger,sch-oper.pdf,2026-08-31,2024-06-10
VT-ALM,800462,Air India,Air India Ltd.,scheduled,S-9,2028-06-30,B777-300 ER,B77W,Boeing,Boeing 777-300ER,FW,342,342,passenger,sch-oper.pdf,2026-08-31,2024-06-10
VT-ALN,800463,Air India,Air India Ltd.,scheduled,S-9,2028-06-30,B777-300 ER,B77W,Boeing,Boeing 777-300ER,FW,342,342,passenger,sch-oper.pdf,2026-08-31,2024-06-10
VT-ALO,8004DD,Air India,Air India Ltd.,scheduled,S-9,2028-06-30,B777-300 ER,B77W,Boeing,Boeing 777-300ER,FW,342,342,passenger,sch-oper.pdf,2026-08-31,2024-06-10
VT-ALP,8004DE,Air India,Air India Ltd.,scheduled,S-9,2028-06-30,B777-300 ER,B77W,Boeing,Boeing 777-300ER,FW,342,342,passenger,sch-oper.pdf,2026-08-31,2024-06-10
VT-ALQ,8004DF,Air India,Air India Ltd.,scheduled,S-9,2028-06-30,B777-300 ER,B77W,Boeing,Boeing 777-300ER,FW,342,342,passenger,sch-oper.pdf,2026-08-31,2024-06-10
VT-ALR,8004E0,Air India,Air India Ltd.,scheduled,S-9,2028-06-30,B777-300 ER,B77W,Boeing,Boeing 777-300ER,FW,342,342,passenger,sch-oper.pdf,2026-08-31,2024-06-10
VT-ALS,800582,Air India,Air India Ltd.,scheduled,S-9,2028-06-30,B777-300 ER,B77W,Boeing,Boeing 777-300ER,FW,342,342,passenger,sch-oper.pdf,2026-08-31,2024-06-10
VT-ALT,800583,Air India,Air India Ltd.,scheduled,S-9,2028-06-30,B777-300 ER,B77W,Boeing,Boeing 777-300ER,FW,342,342,passenger,sch-oper.pdf,2026-08-31,2024-06-10
VT-ALU,800584,Air India,Air India Ltd.,scheduled,S-9,2028-06-30,B777-300 ER,B77W,Boeing,Boeing 777-300ER,FW,342,342,passenger,sch-oper.pdf,2026-08-31,2024-06-10
VT-ALX,800C3E,Air India,Air India Ltd.,scheduled,S-9,2028-06-30,B777-300 ER,B77W,Boeing,Boeing 777-300ER,FW,342,342,passenger,sch-oper.pdf,2026-08-31,2024-06-10
VT-AMG,801727,Freedom Charter Services,Freedom Charter Services Pvt. Ltd.,non-scheduled,#01/2013,2029-01-28,EMB-135BJ (LEGACY 650),E35L,Embraer,Embraer Legacy 600/650,FW,13,13,passenger,ns-oper.pdf,2026-08-31,2026-08-31
VT-AML,8007B5,Karnavati Aviation,Karnavati Aviation Pvt. Ltd.,non-scheduled,#22/2008,2028-08-06,EMB-135BJ LEGACY 650,E35L,Embraer,Embraer Legacy 600/650,FW,13,13,passenger,ns-oper.pdf,2026-08-31,2026-08-31
VT-ANA,8005EB,Air India,Air India Ltd.,scheduled,S-9,2028-06-30,B787-8,B788,Boeing,Boeing 787-8,FW,256,256,passenger,sch-oper.pdf,2026-08-31,2024-06-10
VT-ANC,8005ED,Air India,Air India Ltd.,scheduled,S-9,2028-06-30,B787-8,B788,Boeing,Boeing 787-8,FW,256,256,passenger,sch-oper.pdf,2026-08-31,2024-06-10
VT-AND,8005EE,Air India,Air India Ltd.,scheduled,S-9,2028-06-30,B787-8,B788,Boeing,Boeing 787-8,FW,256,256,passenger,sch-oper.pdf,2026-08-31,2024-06-10
VT-ANE,8005EF,Air India,Air India Ltd.,scheduled,S-9,2028-06-30,B787-8,B788,Boeing,Boeing 787-8,FW,256,256,passenger,sch-oper.pdf,2026-08-31,2024-06-10
VT-ANF,8001DC,LCL Aviation . (ECOJET),LCL Aviation Pvt. Ltd. (ECOJET),non-scheduled,#09/2022,2027-09-27,Beechcraft Premier 1A,PRM1,Hawker Beechcraft,Beechcraft Premier I,FW,6,6,passenger,ns-oper.pdf,2026-08-31,2026-08-31
VT-ANG,8005F0,Air India,Air India Ltd.,scheduled,S-9,2028-06-30,B787-8,B788,Boeing,Boeing 787-8,FW,256,256,passenger,sch-oper.pdf,2026-08-31,2024-06-10
VT-ANH,8005F1,Air India,Air India Ltd.,scheduled,S-9,2028-06-30,B787-8,B788,Boeing,Boeing 787-8,FW,256,256,passenger,sch-oper.pdf,2026-08-31,2024-06-10
VT-ANI,8005F2,Air India,Air India Ltd.,scheduled,S-9,2028-06-30,B787-8,B788,Boeing,Boeing 787-8,FW,256,256,passenger,sch-oper.pdf,2026-08-31,2024-06-10
VT-ANJ,8005F3,Air India,Air India Ltd.,scheduled,S-9,2028-06-30,B787-8,B788,Boeing,Boeing 787-8,FW,256,256,passenger,sch-oper.pdf,2026-08-31,2024-06-10
VT-ANK,8005F4,Air India,Air India Ltd.,scheduled,S-9,2028-06-30,B787-8,B788,Boeing,Boeing 787-8,FW,256,256,passenger,sch-oper.pdf,2026-08-31,2024-06-10
VT-ANL,800732,Air India,Air India Ltd.,scheduled,S-9,2028-06-30,B787-8,B788,Boeing,Boeing 787-8,FW,256,256,passenger,sch-oper.pdf,2026-08-31,2024-06-10
VT-ANM,800733,Air India,Air India Ltd.,scheduled,S-9,2028-06-30,B787-8,B788,Boeing,Boeing 787-8,FW,256,256,passenger,sch-oper.pdf,2026-08-31,2024-06-10
VT-ANN,800734,Air India,Air India Ltd.,scheduled,S-9,2028-06-30,B787-8,B788,Boeing,Boeing 787-8,FW,256,256,passenger,sch-oper.pdf,2026-08-31,2024-06-10
VT-ANO,800735,Air India,Air India Ltd.,scheduled,S-9,2028-06-30,B787-8,B788,Boeing,Boeing 787-8,FW,256,256,passenger,sch-oper.pdf,2026-08-31,2024-06-10
VT-ANP,800736,Air India,Air India Ltd.,scheduled,S-9,2028-06-30,B787-8,B788,Boeing,Boeing 787-8,FW,256,256,passenger,sch-oper.pdf,2026-08-31,2024-06-10
VT-ANQ,800737,Air India,Air India Ltd.,scheduled,S-9,2028-06-30,B787-8,B788,Boeing,Boeing 787-8,FW,256,256,passenger,sch-oper.pdf,2026-08-31,2024-06-10
VT-ANR,800738,Air India,Air India Ltd.,scheduled,S-9,2028-06-30,B787-8,B788,Boeing,Boeing 787-8,FW,256,256,passenger,sch-oper.pdf,2026-08-31,2024-06-10
VT-ANS,800739,Air India,Air India Ltd.,scheduled,S-9,2028-06-30,B787-8,B788,Boeing,Boeing 787-8,FW,256,256,passenger,sch-oper.pdf,2026-08-31,2024-06-10
VT-ANT,80073A,Air India,Air India Ltd.,scheduled,S-9,2028-06-30,B787-8,B788,Boeing,Boeing 787-8,FW,256,256,passenger,sch-oper.pdf,2026-08-31,2024-06-10
VT-ANU,80073B,Air India,Air India Ltd.,scheduled,S-9,2028-06-30,B787-8,B788,Boeing,Boeing 787-8,FW,256,256,passenger,sch-oper.pdf,2026-08-31,2024-06-10
VT-ANV,80073C,Air India,Air India Ltd.,scheduled,S-9,2028-06-30,B787-8,B788,Boeing,Boeing 787-8,FW,256,256,passenger,sch-oper.pdf,2026-08-31,2024-06-10
VT-ANW,80073D,Air India,Air India Ltd.,scheduled,S-9,2028-06-30,B787-8,B788,Boeing,Boeing 787-8,FW,256,256,passenger,sch-oper.pdf,2026-08-31,2024-06-10
VT-ANX,80073E,Air India,Air India Ltd.,scheduled,S-9,2028-06-30,B787-8,B788,Boeing,Boeing 787-8,FW,256,256,passenger,sch-oper.pdf,2026-08-31,2024-06-10
VT-ANY,80073F,Air India,Air India Ltd.,scheduled,S-9,2028-06-30,B787-8,B788,Boeing,Boeing 787-8,FW,256,256,passenger,sch-oper.pdf,2026-08-31,2024-06-10
VT-ANZ,800740,Air India,Air India Ltd.,scheduled,S-9,2028-06-30,B787-8,B788,Boeing,Boeing 787-8,FW,256,256,passenger,sch-oper.pdf,2026-08-31,2024-06-10
VT-APL,800590,GSEC Aviation,GSEC Aviation Limited,non-scheduled,#15/2025,2030-09-21,Bombardier Challenger 605,CL60,Bombardier,Bombardier Challenger 600 series,FW,10,10,passenger,ns-oper.pdf,2026-08-31,2026-08-31
VT-APV,8017A9,Karnavati Aviation,Karnavati Aviation Pvt. Ltd.,non-scheduled,#22/2008,2028-08-06,PC-24,PC24,Pilatus,Pilatus PC-24,FW,6,6,passenger,ns-oper.pdf,2026-08-31,2026-08-31
VT-AQL,801636,Karnavati Aviation,Karnavati Aviation Pvt. Ltd.,non-scheduled,#22/2008,2028-08-06,PC-24,PC24,Pilatus,Pilatus PC-24,FW,6,6,passenger,ns-oper.pdf,2026-08-31,2026-08-31
VT-ARB,,Aryan Aviation,Aryan Aviation Pvt. Ltd.,non-scheduled,#13/2009,2029-04-07,BELL 407,B407,Bell,Bell 407,RW,6,6,passenger,ns-oper.pdf,2026-08-31,2026-08-31
VT-ARC,800BBB,AR Airways,AR Airways Pvt. Ltd.,non-scheduled,#01/2005,2029-05-11,FALCON 2000,F2TH,Dassault,Dassault Falcon 2000,FW,9,9,passenger,ns-oper.pdf,2026-08-31,2026-08-31
VT-ARF,800B16,AR Airways,AR Airways Pvt. Ltd.,non-scheduled,#01/2005,2029-05-11,FALCON 2000,F2TH,Dassault,Dassault Falcon 2000,FW,8,8,passenger,ns-oper.pdf,2026-08-31,2026-08-31
VT-ARL,8015DC,Karnavati Aviation,Karnavati Aviation Pvt. Ltd.,non-scheduled,#22/2008,2028-08-06,EMB-135BJ,E35L,Embraer,Embraer Legacy 600/650,FW,13,13,passenger,ns-oper.pdf,2026-08-31,2026-08-31
VT-ARM,800CF1,AR Airways,AR Airways Pvt. Ltd.,non-scheduled,#01/2005,2029-05-11,FALCON 2000,F2TH,Dassault,Dassault Falcon 2000,FW,8,8,passenger,ns-oper.pdf,2026-08-31,2026-08-31
VT-ARO,800C9C,AR Airways,AR Airways Pvt. Ltd.,non-scheduled,#01/2005,2029-05-11,FALCON 2000,F2TH,Dassault,Dassault Falcon 2000,FW,12,12,passenger,ns-oper.pdf,2026-08-31,2026-08-31
VT-ASC,,Arrow Aircrafts Sales & Charters,Arrow Aircrafts Sales & Charters,non-scheduled,#4/2014,2028-03-10,AS350B3,B350,Beechcraft,Beechcraft King Air 350,RW,6,6/Aerial Work,aerial-work,ns-oper.pdf,2026-08-31,2026-08-31
VT-ASD,801572,Arrow Aircrafts Sales & Charters,Arrow Aircrafts Sales & Charters,non-scheduled,#4/2014,2028-03-10,AS350B3,B350,Beechcraft,Beechcraft King Air 350,RW,6,6/Aerial Work,aerial-work,ns-oper.pdf,2026-08-31,2026-08-31
VT-ASL,,Thumby Aviation,Thumby Aviation Pvt. Ltd.,non-scheduled,#02/2013,2029-03-24,BELL 412 EP,B412,Bell,Bell 412,RW,13,13,passenger,ns-oper.pdf,2026-08-31,2026-08-31
VT-ASO,,Simm Samm Airways,Simm Samm Airways Pvt. Ltd.,non-scheduled,#14/2009,2029-04-08,SIKORSKY S-76C++,S76,Sikorsky,Sikorsky S-76,RW,12,12,passenger,ns-oper.pdf,2026-08-31,2026-08-31
VT-ASR,801533,Reliance Commercial Dealers,Reliance Commercial Dealers Ltd.,non-scheduled,#02/2008,2029-01-14,Global 7500 BD700-2A-12,GL7T,Bombardier,Bombardier Global 7500,FW,14,14,passenger,ns-oper.pdf,2026-08-31,2026-08-31
VT-AST,801668,Kairamya Aviation,Kairamya Aviation Pvt. Ltd.,non-scheduled,#19/2025,2029-11-24,G-150,G150,Other,G-150,FW,8,8,passenger,ns-oper.pdf,2026-08-31,2026-08-31
VT-ASU,800B7F,IIC Technologies,IIC Technologies Limited,non-scheduled,#06/2015,2029-07-09,CESSNA CARAVAN 208B,C208,Cessna,Cessna 208 Grand Caravan,FW,9,9,passenger,ns-oper.pdf,2026-08-31,2026-08-31
VT-ATD,801403,Air India Express,Air India Express Ltd.,scheduled,S-14,2028-04-21,A320-251N,A20N,Airbus,Airbus A320neo,FW,186,186,passenger,sch-oper.pdf,2026-08-31,2024-06-10
VT-ATE,801407,Air India Express,Air India Express Ltd.,scheduled,S-14,2028-04-21,A320-251N,A20N,Airbus,Airbus A320neo,FW,186,186,passenger,sch-oper.pdf,2026-08-31,2024-06-10
VT-ATG,80140E,Air India Express,Air India Express Ltd.,scheduled,S-14,2028-04-21,A320-251N,A20N,Airbus,Airbus A320neo,FW,186,186,passenger,sch-oper.pdf,2026-08-31,2024-06-10
VT-ATH,801435,Air India Express,Air India Express Ltd.,scheduled,S-14,2028-04-21,A320-251N,A20N,Airbus,Airbus A320neo,FW,186,186,passenger,sch-oper.pdf,2026-08-31,2024-06-10
VT-ATJ,801444,Air India Express,Air India Express Ltd.,scheduled,S-14,2028-04-21,A320-251N,A20N,Airbus,Airbus A320neo,FW,186,186,passenger,sch-oper.pdf,2026-08-31,2024-06-10
VT-ATV,800CE8,Air India,Air India Ltd.,scheduled,S-9,2028-06-30,A320-251N,A20N,Airbus,Airbus A320neo,FW,162,162,passenger,sch-oper.pdf,2026-08-31,2024-06-10
VT-AUS,80152B,Kyathi Climate Modification Consultants,Kyathi Climate Modification Consultants LLP,non-scheduled,#04/2020,2030-12-27,Agusta A109E,A109,Leonardo,Leonardo AW109,RW,5,5,passenger,ns-oper.pdf,2026-08-31,2026-08-31
VT-AUV,800B57,SkyJets International,SkyJets International Pvt. Ltd.,non-scheduled,#05/2015,2029-07-02,BOMBARDIER CL-600-2B16 (604 VARIANT),CL60,Bombardier,Bombardier Challenger 600 series,FW,9,9,passenger,ns-oper.pdf,2026-08-31,2026-08-31
VT-AVL,,Aryan Aviation,Aryan Aviation Pvt. Ltd.,non-scheduled,#13/2009,2029-04-07,STEMME S6RT,,Other,STEMME S6RT,FW,2,2,passenger,ns-oper.pdf,2026-08-31,2026-08-31
VT-AVM,,Aryan Aviation,Aryan Aviation Pvt. Ltd.,non-scheduled,#13/2009,2029-04-07,STEMME S6RT,,Other,STEMME S6RT,FW,2,2,passenger,ns-oper.pdf,2026-08-31,2026-08-31
VT-AVS,8005E7,Kelachandra Logistics,Kelachandra Logistics Pvt. Ltd.,non-scheduled,#04/2019,2029-06-13,EMBRAER EMB-500 (Phenom100),E50P,Embraer,Embraer Phenom 100,FW,4,4,passenger,ns-oper.pdf,2026-08-31,2026-08-31
VT-AWA,8017F7,Air India,Air India Ltd.,scheduled,S-9,2028-06-30,B787-9,B789,Boeing,Boeing 787-9,FW,299,299,passenger,sch-oper.pdf,2026-08-31,2026-08-31
VT-AWB,801859,Air India,Air India Ltd.,scheduled,S-9,2028-06-30,B787-9,B789,Boeing,Boeing 787-9,FW,299,299,passenger,sch-oper.pdf,2026-08-31,2026-08-31
VT-AWC,80189D,Air India,Air India Ltd.,scheduled,S-9,2028-06-30,B787-9,B789,Boeing,Boeing 787-9,FW,299,299,passenger,sch-oper.pdf,2026-08-31,2026-08-31
VT-AXI,800396,Air India Express,Air India Express Ltd.,scheduled,S-14,2028-04-21,B737-800,B738,Boeing,Boeing 737-800,FW,186,186,passenger,sch-oper.pdf,2026-08-31,2024-06-10
VT-AXJ,8003B0,Air India Express,Air India Express Ltd.,scheduled,S-14,2028-04-21,B737-800,B738,Boeing,Boeing 737-800,FW,186,186,passenger,sch-oper.pdf,2026-08-31,2024-06-10
VT-AXM,8003B1,Air India Express,Air India Express Ltd.,scheduled,S-14,2028-04-21,B737-800,B738,Boeing,Boeing 737-800,FW,186,186,passenger,sch-oper.pdf,2026-08-31,2024-06-10
VT-AXN,8003B2,Air India Express,Air India Express Ltd.,scheduled,S-14,2028-04-21,B737-800,B738,Boeing,Boeing 737-800,FW,186,186,passenger,sch-oper.pdf,2026-08-31,2024-06-10
VT-AXP,8003B3,Air India Express,Air India Express Ltd.,scheduled,S-14,2028-04-21,B737-800,B738,Boeing,Boeing 737-800,FW,186,186,passenger,sch-oper.pdf,2026-08-31,2024-06-10
VT-AXQ,8003F0,Air India Express,Air India Express Ltd.,scheduled,S-14,2028-04-21,B737-800,B738,Boeing,Boeing 737-800,FW,186,186,passenger,sch-oper.pdf,2026-08-31,2024-06-10
VT-AXR,8003F1,Air India Express,Air India Express Ltd.,scheduled,S-14,2028-04-21,B737-800,B738,Boeing,Boeing 737-800,FW,186,186,passenger,sch-oper.pdf,2026-08-31,2024-06-10
VT-AXT,8003F2,Air India Express,Air India Express Ltd.,scheduled,S-14,2028-04-21,B737-800,B738,Boeing,Boeing 737-800,FW,186,186,passenger,sch-oper.pdf,2026-08-31,2024-06-10
VT-AXU,8003F3,Air India Express,Air India Express Ltd.,scheduled,S-14,2028-04-21,B737-800,B738,Boeing,Boeing 737-800,FW,186,186,passenger,sch-oper.pdf,2026-08-31,2024-06-10
VT-AXW,800448,Air India Express,Air India Express Ltd.,scheduled,S-14,2028-04-21,B737-800,B738,Boeing,Boeing 737-800,FW,186,186,passenger,sch-oper.pdf,2026-08-31,2024-06-10
VT-AXX,800449,Air India Express,Air India Express Ltd.,scheduled,S-14,2028-04-21,B737-800,B738,Boeing,Boeing 737-800,FW,186,186,passenger,sch-oper.pdf,2026-08-31,2024-06-10
VT-AXZ,80044A,Air India Express,Air India Express Ltd.,scheduled,S-14,2028-04-21,B737-800,B738,Boeing,Boeing 737-800,FW,186,186,passenger,sch-oper.pdf,2026-08-31,2024-06-10
VT-AYA,80044B,Air India Express,Air India Express Ltd.,scheduled,S-14,2028-04-21,B737-800,B738,Boeing,Boeing 737-800,FW,186,186,passenger,sch-oper.pdf,2026-08-31,2024-06-10
VT-AYB,80044C,Air India Express,Air India Express Ltd.,scheduled,S-14,2028-04-21,B737-800,B738,Boeing,Boeing 737-800,FW,186,186,passenger,sch-oper.pdf,2026-08-31,2024-06-10
VT-AYC,80044D,Air India Express,Air India Express Ltd.,scheduled,S-14,2028-04-21,B737-800,B738,Boeing,Boeing 737-800,FW,186,186,passenger,sch-oper.pdf,2026-08-31,2024-06-10
VT-AYD,80044E,Air India Express,Air India Express Ltd.,scheduled,S-14,2028-04-21,B737-800,B738,Boeing,Boeing 737-800,FW,186,186,passenger,sch-oper.pdf,2026-08-31,2024-06-10
VT-AYV,8005CF,Bajaj Aviation,Bajaj Aviation Pvt. Ltd.,non-scheduled,#14/2012,2028-12-10,FALCON 2000LX,F2TH,Dassault,Dassault Falcon 2000,FW,10,10,passenger,ns-oper.pdf,2026-08-31,2026-08-31
VT-AZS,,Global Vectra Helicorp,Global Vectra Helicorp Limited,non-scheduled,#08/1998,2028-04-28,BELL 412 EP,B412,Bell,Bell 412,RW,13,13,passenger,ns-oper.pdf,2026-08-31,2026-08-31
VT-BAF,800542,VSR Ventures,VSR Ventures Pvt. Ltd.,non-scheduled,#07/2014,2028-04-20,BEECHCRAFT KING AIR B200,BE20,Beechcraft,Beechcraft King Air 200,FW,8,8,passenger,ns-oper.pdf,2026-08-31,2026-08-31
VT-BAS,800612,VSR Ventures,VSR Ventures Pvt. Ltd.,non-scheduled,#07/2014,2028-04-20,SKA B200,BE20,Beechcraft,Beechcraft King Air 200,FW,8,8,passenger,ns-oper.pdf,2026-08-31,2026-08-31
VT-BAZ,80154E,Quikjet Cargo,Quikjet Cargo Airlines Pvt. Ltd.,scheduled,S-34,2027-12-11,B737-800 (Freighter),B738,Boeing,Boeing 737-800,FW,,Cargo,cargo,sch-oper.pdf,2026-08-31,2024-06-10
VT-BBD,,Forum I Aviation,Forum I Aviation Pvt. Ltd.,non-scheduled,#01/2006,2029-03-20,CHALLENGER 650 CL-600-2B16,CL60,Bombardier,Bombardier Challenger 600 series,FW,10,10,passenger,ns-oper.pdf,2026-08-31,2026-08-31
VT-BBN,80185B,Avocet Aviation,Avocet Aviation Pvt. Ltd.,non-scheduled,#10/2023,2028-11-01,Beechcraft Premier1A-390,PRM1,Hawker Beechcraft,Beechcraft Premier I,FW,6,6,passenger,ns-oper.pdf,2026-08-31,2026-08-31
VT-BDA,800B45,Blue Dart Aviation,Blue Dart Aviation Ltd.,scheduled,S-13,2027-12-30,B757-200F,B752,Boeing,Boeing 757,FW,,Cargo,cargo,sch-oper.pdf,2026-08-31,2024-06-10
VT-BDB,800BA9,Blue Dart Aviation,Blue Dart Aviation Ltd.,scheduled,S-13,2027-12-30,B757-200F,B752,Boeing,Boeing 757,FW,,Cargo,cargo,sch-oper.pdf,2026-08-31,2024-06-10
VT-BDC,80156E,Blue Dart Aviation,Blue Dart Aviation Ltd.,scheduled,S-13,2027-12-30,B737-800 Freighter,B738,Boeing,Boeing 737-800,FW,,Cargo,cargo,sch-oper.pdf,2026-08-31,2024-06-10
VT-BDD,801570,Blue Dart Aviation,Blue Dart Aviation Ltd.,scheduled,S-13,2027-12-30,B737-800 Freighter,B738,Boeing,Boeing 737-800,FW,,Cargo,cargo,sch-oper.pdf,2026-08-31,2024-06-10
VT-BDM,800446,Blue Dart Aviation,Blue Dart Aviation Ltd.,scheduled,S-13,2027-12-30,B757-200F,B752,Boeing,Boeing 757,FW,,Cargo,cargo,sch-oper.pdf,2026-08-31,2024-06-10
VT-BDN,8004FB,Blue Dart Aviation,Blue Dart Aviation Ltd.,scheduled,S-13,2027-12-30,B757-200F,B752,Boeing,Boeing 757,FW,,Cargo,cargo,sch-oper.pdf,2026-08-31,2024-06-10
VT-BDO,800728,Blue Dart Aviation,Blue Dart Aviation Ltd.,scheduled,S-13,2027-12-30,B757-200F,B752,Boeing,Boeing 757,FW,,Cargo,cargo,sch-oper.pdf,2026-08-31,2024-06-10
VT-BDQ,800B05,Blue Dart Aviation,Blue Dart Aviation Ltd.,scheduled,S-13,2027-12-30,B757-200F,B752,Boeing,Boeing 757,FW,,Cargo,cargo,sch-oper.pdf,2026-08-31,2024-06-10
VT-BGM,,Shivan Aadithya Air Services,Shivan Aadithya Air Services Pvt. Ltd.,non-scheduled,#05/2022,2027-07-20,A109S,A109,Leonardo,Leonardo AW109,RW,7,7,passenger,ns-oper.pdf,2026-08-31,2026-08-31
VT-BHH,8014D4,Hyderabad Airlines,Hyderabad Airlines Pvt. Ltd.,non-scheduled,#14/2022,2027-12-12,EC 135P3H,EC35,Airbus Helicopters,EC 135P3H,RW,6,6,passenger,ns-oper.pdf,2026-08-31,2026-08-31
VT-BIG,,E-Factor Adventure Tourism (P),E-Factor Adventure Tourism (P) Ltd.,non-scheduled,#1/2008,2029-01-01,T210 ULTRAMAGIC (HOT AIR BALLOON),BALL,Hot air balloon,Hot air balloon,B,9,9,passenger,ns-oper.pdf,2026-08-31,2026-08-31
VT-BIP,800664,Kairamya Aviation,Kairamya Aviation Pvt. Ltd.,non-scheduled,#19/2025,2029-11-24,CITATION 525A,C25B,Cessna,Cessna Citation CJ series,FW,7,7,passenger,ns-oper.pdf,2026-08-31,2026-08-31
VT-BKA,,Aryan Aviation,Aryan Aviation Pvt. Ltd.,non-scheduled,#13/2009,2029-04-07,BELL 407,B407,Bell,Bell 407,RW,6,6,passenger,ns-oper.pdf,2026-08-31,2026-08-31
VT-BKJ,,Himalayan Heli Services,Himalayan Heli Services Ltd.,non-scheduled,#01/2002,2029-01-17,AS 350 B3,B350,Beechcraft,Beechcraft King Air 350,RW,6,6,passenger,ns-oper.pdf,2026-08-31,2026-08-31
VT-BKK,800D8B,Air India Express,Air India Express Ltd.,scheduled,S-14,2028-04-21,A320-214,A320,Airbus,Airbus A320,FW,180,180,passenger,sch-oper.pdf,2026-08-31,2024-06-10
VT-BMS,80175D,Indo Pacific Aviation,Indo Pacific Aviation Pvt. Ltd.,non-scheduled,#03/1997,2028-10-14,CESSNA T206H,T206,Other,CESSNA T206H,FW,,Aerial Work,aerial-work,ns-oper.pdf,2026-08-31,2026-08-31
VT-BNB,8015D0,Avocet Aviation,Avocet Aviation Pvt. Ltd.,non-scheduled,#10/2023,2028-11-01,Beechcraft Premier1A-390,PRM1,Hawker Beechcraft,Beechcraft Premier I,FW,6,6,passenger,ns-oper.pdf,2026-08-31,2026-08-31
VT-BOB,801873,Shivan Aadithya Air Services,Shivan Aadithya Air Services Pvt. Ltd.,non-scheduled,#05/2022,2027-07-20,H160-B,H160,Airbus Helicopters,Airbus H160,RW,6,6,passenger,ns-oper.pdf,2026-08-31,2026-08-31
VT-BOM,80138D,Air India Express,Air India Express Ltd.,scheduled,S-14,2028-04-21,A320-214,A320,Airbus,Airbus A320,FW,180,180,passenger,sch-oper.pdf,2026-08-31,2024-06-10
VT-BOS,,Aone Helicopters,Aone Helicopters Private Limited,non-scheduled,#07/2026,2031-04-15,Robinson R44 RAVEN II,R44,Robinson,Robinson R44,RW,3,3,passenger,ns-oper.pdf,2026-08-31,2026-08-31
VT-BRK,8004FA,GMR Aviation,GMR Aviation Pvt. Ltd.,non-scheduled,#06/2007,2028-08-06,FALCON 2000EX,F2TH,Dassault,Dassault Falcon 2000,FW,9,9,passenger,ns-oper.pdf,2026-08-31,2026-08-31
VT-BSG,,Himalayan Heli Services,Himalayan Heli Services Ltd.,non-scheduled,#01/2002,2029-01-17,AS 350 B3 ECUREUIL,B350,Beechcraft,Beechcraft King Air 350,RW,6,6/Aerial Work,aerial-work,ns-oper.pdf,2026-08-31,2026-08-31
VT-BSL,800522,Redbird Airways,Redbird Airways Pvt. Ltd.,non-scheduled,#01/2020,2030-08-12,CESSNA CITATION 560XL,C56X,Cessna,Cessna Citation XLS,FW,8,8,passenger,ns-oper.pdf,2026-08-31,2026-08-31
VT-BST,,Shivan Aadithya Air Services,Shivan Aadithya Air Services Pvt. Ltd.,non-scheduled,#05/2022,2027-07-20,A109S,A109,Leonardo,Leonardo AW109,RW,6,6,passenger,ns-oper.pdf,2026-08-31,2026-08-31
VT-BVV,800C52,Air Charters Services,Air Charters Services Pvt. Ltd.,non-scheduled,#15/2008,2029-05-14,FALCON2000LX,F2TH,Dassault,Dassault Falcon 2000,FW,10,10,passenger,ns-oper.pdf,2026-08-31,2026-08-31
VT-BWA,801686,Air India Express,Air India Express Ltd.,scheduled,S-14,2028-04-21,B737-8,B38M,Boeing,Boeing 737-8,FW,176,176,passenger,sch-oper.pdf,2026-08-31,2026-08-31
VT-BWB,801685,Air India Express,Air India Express Ltd.,scheduled,S-14,2028-04-21,B737-8,B38M,Boeing,Boeing 737-8,FW,176,176,passenger,sch-oper.pdf,2026-08-31,2026-08-31
VT-BWC,801699,Air India Express,Air India Express Ltd.,scheduled,S-14,2028-04-21,B737-8,B38M,Boeing,Boeing 737-8,FW,176,176,passenger,sch-oper.pdf,2026-08-31,2026-08-31
VT-BWD,801689,Air India Express,Air India Express Ltd.,scheduled,S-14,2028-04-21,B737-8,B38M,Boeing,Boeing 737-8,FW,176,176,passenger,sch-oper.pdf,2026-08-31,2026-08-31
VT-BWE,801697,Air India Express,Air India Express Ltd.,scheduled,S-14,2028-04-21,B737-8,B38M,Boeing,Boeing 737-8,FW,176,176,passenger,sch-oper.pdf,2026-08-31,2026-08-31
VT-BWF,8016AF,Air India Express,Air India Express Ltd.,scheduled,S-14,2028-04-21,B737-8,B38M,Boeing,Boeing 737-8,FW,176,176,passenger,sch-oper.pdf,2026-08-31,2026-08-31
VT-BWG,8016AE,Air India Express,Air India Express Ltd.,scheduled,S-14,2028-04-21,B737-8,B38M,Boeing,Boeing 737-8,FW,176,176,passenger,sch-oper.pdf,2026-08-31,2026-08-31
VT-BWH,8016AD,Air India Express,Air India Express Ltd.,scheduled,S-14,2028-04-21,B737-8,B38M,Boeing,Boeing 737-8,FW,176,176,passenger,sch-oper.pdf,2026-08-31,2026-08-31
VT-BWI,8016C7,Air India Express,Air India Express Ltd.,scheduled,S-14,2028-04-21,B737-8,B38M,Boeing,Boeing 737-8,FW,176,176,passenger,sch-oper.pdf,2026-08-31,2026-08-31
VT-BWJ,8016CA,Air India Express,Air India Express Ltd.,scheduled,S-14,2028-04-21,B737-8,B38M,Boeing,Boeing 737-8,FW,176,176,passenger,sch-oper.pdf,2026-08-31,2026-08-31
VT-BWK,8016CC,Air India Express,Air India Express Ltd.,scheduled,S-14,2028-04-21,B737-8,B38M,Boeing,Boeing 737-8,FW,176,176,passenger,sch-oper.pdf,2026-08-31,2026-08-31
VT-BWL,8016C9,Air India Express,Air India Express Ltd.,scheduled,S-14,2028-04-21,B737-8,B38M,Boeing,Boeing 737-8,FW,176,176,passenger,sch-oper.pdf,2026-08-31,2026-08-31
VT-BWM,8016C8,Air India Express,Air India Express Ltd.,scheduled,S-14,2028-04-21,B737-8,B38M,Boeing,Boeing 737-8,FW,176,176,passenger,sch-oper.pdf,2026-08-31,2026-08-31
VT-BWN,8016CB,Air India Express,Air India Express Ltd.,scheduled,S-14,2028-04-21,B737-8,B38M,Boeing,Boeing 737-8,FW,176,176,passenger,sch-oper.pdf,2026-08-31,2026-08-31
VT-BWO,801784,Air India Express,Air India Express Ltd.,scheduled,S-14,2028-04-21,B737-8,B38M,Boeing,Boeing 737-8,FW,176,176,passenger,sch-oper.pdf,2026-08-31,2026-08-31
VT-BWP,80177B,Air India Express,Air India Express Ltd.,scheduled,S-14,2028-04-21,B737-8,B38M,Boeing,Boeing 737-8,FW,176,176,passenger,sch-oper.pdf,2026-08-31,2026-08-31
VT-BWQ,8017A2,Air India Express,Air India Express Ltd.,scheduled,S-14,2028-04-21,B737-8,B38M,Boeing,Boeing 737-8,FW,176,176,passenger,sch-oper.pdf,2026-08-31,2026-08-31
VT-BWR,801698,Air India Express,Air India Express Ltd.,scheduled,S-14,2028-04-21,B737-8,B38M,Boeing,Boeing 737-8,FW,176,176,passenger,sch-oper.pdf,2026-08-31,2026-08-31
VT-BWS,80179A,Air India Express,Air India Express Ltd.,scheduled,S-14,2028-04-21,B737-8,B38M,Boeing,Boeing 737-8,FW,176,176,passenger,sch-oper.pdf,2026-08-31,2026-08-31
VT-BWT,80177C,Air India Express,Air India Express Ltd.,scheduled,S-14,2028-04-21,B737-8,B38M,Boeing,Boeing 737-8,FW,176,176,passenger,sch-oper.pdf,2026-08-31,2026-08-31
VT-BWU,8016C6,Air India Express,Air India Express Ltd.,scheduled,S-14,2028-04-21,B737-8,B38M,Boeing,Boeing 737-8,FW,176,176,passenger,sch-oper.pdf,2026-08-31,2026-08-31
VT-BWV,8017A1,Air India Express,Air India Express Ltd.,scheduled,S-14,2028-04-21,B737-8,B38M,Boeing,Boeing 737-8,FW,176,176,passenger,sch-oper.pdf,2026-08-31,2026-08-31
VT-BWW,801783,Air India Express,Air India Express Ltd.,scheduled,S-14,2028-04-21,B737-8,B38M,Boeing,Boeing 737-8,FW,176,176,passenger,sch-oper.pdf,2026-08-31,2026-08-31
VT-BWX,801799,Air India Express,Air India Express Ltd.,scheduled,S-14,2028-04-21,B737-8,B38M,Boeing,Boeing 737-8,FW,176,176,passenger,sch-oper.pdf,2026-08-31,2026-08-31
VT-BXA,8015F0,Air India Express,Air India Express Ltd.,scheduled,S-14,2028-04-21,B737-8,B38M,Boeing,Boeing 737-8,FW,176,176,passenger,sch-oper.pdf,2026-08-31,2024-06-10
VT-BXB,8015EF,Air India Express,Air India Express Ltd.,scheduled,S-14,2028-04-21,B737-8,B38M,Boeing,Boeing 737-8,FW,176,176,passenger,sch-oper.pdf,2026-08-31,2024-06-10
VT-BXC,8015EE,Air India Express,Air India Express Ltd.,scheduled,S-14,2028-04-21,B737-8,B38M,Boeing,Boeing 737-8,FW,176,176,passenger,sch-oper.pdf,2026-08-31,2024-06-10
VT-BXD,801607,Air India Express,Air India Express Ltd.,scheduled,S-14,2028-04-21,B737-8,B38M,Boeing,Boeing 737-8,FW,176,176,passenger,sch-oper.pdf,2026-08-31,2024-06-10
VT-BXE,801604,Air India Express,Air India Express Ltd.,scheduled,S-14,2028-04-21,B737-8,B38M,Boeing,Boeing 737-8,FW,176,176,passenger,sch-oper.pdf,2026-08-31,2024-06-10
VT-BXF,801605,Air India Express,Air India Express Ltd.,scheduled,S-14,2028-04-21,B737-8,B38M,Boeing,Boeing 737-8,FW,176,176,passenger,sch-oper.pdf,2026-08-31,2024-06-10
VT-BXG,801606,Air India Express,Air India Express Ltd.,scheduled,S-14,2028-04-21,B737-8,B38M,Boeing,Boeing 737-8,FW,176,176,passenger,sch-oper.pdf,2026-08-31,2024-06-10
VT-BXH,801623,Air India Express,Air India Express Ltd.,scheduled,S-14,2028-04-21,B737-8,B38M,Boeing,Boeing 737-8,FW,176,176,passenger,sch-oper.pdf,2026-08-31,2024-06-10
VT-BXI,80162C,Air India Express,Air India Express Ltd.,scheduled,S-14,2028-04-21,B737-8,B38M,Boeing,Boeing 737-8,FW,176,176,passenger,sch-oper.pdf,2026-08-31,2024-06-10
VT-BXJ,80162D,Air India Express,Air India Express Ltd.,scheduled,S-14,2028-04-21,B737-8,B38M,Boeing,Boeing 737-8,FW,176,176,passenger,sch-oper.pdf,2026-08-31,2024-06-10
VT-BXK,801643,Air India Express,Air India Express Ltd.,scheduled,S-14,2028-04-21,B737-8,B38M,Boeing,Boeing 737-8,FW,176,176,passenger,sch-oper.pdf,2026-08-31,2024-06-10
VT-BXL,80165E,Air India Express,Air India Express Ltd.,scheduled,S-14,2028-04-21,B737-8,B38M,Boeing,Boeing 737-8,FW,176,176,passenger,sch-oper.pdf,2026-08-31,2024-06-10
VT-BXM,801670,Air India Express,Air India Express Ltd.,scheduled,S-14,2028-04-21,B737-8,B38M,Boeing,Boeing 737-8,FW,176,176,passenger,sch-oper.pdf,2026-08-31,2024-06-10
VT-BXN,80165C,Air India Express,Air India Express Ltd.,scheduled,S-14,2028-04-21,B737-8,B38M,Boeing,Boeing 737-8,FW,176,176,passenger,sch-oper.pdf,2026-08-31,2024-06-10
VT-BXO,80165D,Air India Express,Air India Express Ltd.,scheduled,S-14,2028-04-21,B737-8,B38M,Boeing,Boeing 737-8,FW,176,176,passenger,sch-oper.pdf,2026-08-31,2024-06-10
VT-BXP,80166D,Air India Express,Air India Express Ltd.,scheduled,S-14,2028-04-21,B737-8,B38M,Boeing,Boeing 737-8,FW,176,176,passenger,sch-oper.pdf,2026-08-31,2024-06-10
VT-BXQ,801641,Air India Express,Air India Express Ltd.,scheduled,S-14,2028-04-21,B737-8,B38M,Boeing,Boeing 737-8,FW,176,176,passenger,sch-oper.pdf,2026-08-31,2024-06-10
VT-BXR,801642,Air India Express,Air India Express Ltd.,scheduled,S-14,2028-04-21,B737-8,B38M,Boeing,Boeing 737-8,FW,176,176,passenger,sch-oper.pdf,2026-08-31,2024-06-10
VT-BXS,801650,Air India Express,Air India Express Ltd.,scheduled,S-14,2028-04-21,B737-8,B38M,Boeing,Boeing 737-8,FW,176,176,passenger,sch-oper.pdf,2026-08-31,2024-06-10
VT-BXT,80167C,Air India Express,Air India Express Ltd.,scheduled,S-14,2028-04-21,B737-8,B38M,Boeing,Boeing 737-8,FW,176,176,passenger,sch-oper.pdf,2026-08-31,2026-08-31
VT-BXU,80167D,Air India Express,Air India Express Ltd.,scheduled,S-14,2028-04-21,B737-8,B38M,Boeing,Boeing 737-8,FW,176,176,passenger,sch-oper.pdf,2026-08-31,2026-08-31
VT-BXV,801680,Air India Express,Air India Express Ltd.,scheduled,S-14,2028-04-21,B737-8,B38M,Boeing,Boeing 737-8,FW,176,176,passenger,sch-oper.pdf,2026-08-31,2026-08-31
VT-BXW,801683,Air India Express,Air India Express Ltd.,scheduled,S-14,2028-04-21,B737-8,B38M,Boeing,Boeing 737-8,FW,176,176,passenger,sch-oper.pdf,2026-08-31,2026-08-31
VT-BXX,80168A,Air India Express,Air India Express Ltd.,scheduled,S-14,2028-04-21,B737-8,B38M,Boeing,Boeing 737-8,FW,176,176,passenger,sch-oper.pdf,2026-08-31,2026-08-31
VT-BXY,801681,Air India Express,Air India Express Ltd.,scheduled,S-14,2028-04-21,B737-8,B38M,Boeing,Boeing 737-8,FW,176,176,passenger,sch-oper.pdf,2026-08-31,2026-08-31
VT-BXZ,801673,Air India Express,Air India Express Ltd.,scheduled,S-14,2028-04-21,B737-8,B38M,Boeing,Boeing 737-8,FW,176,176,passenger,sch-oper.pdf,2026-08-31,2024-06-10
VT-CCA,80188A,Poonawalla Aviation,Poonawalla Aviation Pvt. Ltd.,non-scheduled,#03/2006,2029-06-25,Bombardier Global 6500,GL5T,Bombardier,Bombardier Global 5000/5500/6000/6500,FW,13,13,passenger,ns-oper.pdf,2026-08-31,2026-08-31
VT-CDC,801730,Poonawalla Aviation,Poonawalla Aviation Pvt. Ltd.,non-scheduled,#03/2006,2029-06-25,Bombardier Global 6500,GL5T,Bombardier,Bombardier Global 5000/5500/6000/6500,FW,13,13,passenger,ns-oper.pdf,2026-08-31,2026-08-31
VT-CDP,800D68,Poonawalla Aviation,Poonawalla Aviation Pvt. Ltd.,non-scheduled,#03/2006,2029-06-25,Bombardier Global 6000,GLEX,Bombardier,Bombardier Global Express,FW,13,13,passenger,ns-oper.pdf,2026-08-31,2026-08-31
VT-CID,800BE5,Air India,Air India Ltd.,scheduled,S-9,2028-06-30,A320-251N,A20N,Airbus,Airbus A320neo,FW,162,162,passenger,sch-oper.pdf,2026-08-31,2024-06-10
VT-CIE,800BE6,Air India,Air India Ltd.,scheduled,S-9,2028-06-30,A320-251N,A20N,Airbus,Airbus A320neo,FW,162,162,passenger,sch-oper.pdf,2026-08-31,2024-06-10
VT-CIF,800BFB,Air India,Air India Ltd.,scheduled,S-9,2028-06-30,A320-251N,A20N,Airbus,Airbus A320neo,FW,162,162,passenger,sch-oper.pdf,2026-08-31,2024-06-10
VT-CIG,800C42,Air India,Air India Ltd.,scheduled,S-9,2028-06-30,A320-251N,A20N,Airbus,Airbus A320neo,FW,162,162,passenger,sch-oper.pdf,2026-08-31,2024-06-10
VT-CIH,800C4A,Air India,Air India Ltd.,scheduled,S-9,2028-06-30,A320-251N,A20N,Airbus,Airbus A320neo,FW,162,162,passenger,sch-oper.pdf,2026-08-31,2024-06-10
VT-CIM,800C85,Air India,Air India Ltd.,scheduled,S-9,2028-06-30,A320-251N,A20N,Airbus,Airbus A320neo,FW,162,162,passenger,sch-oper.pdf,2026-08-31,2024-06-10
VT-CIN,800C86,Air India,Air India Ltd.,scheduled,S-9,2028-06-30,A320-251N,A20N,Airbus,Airbus A320neo,FW,162,162,passenger,sch-oper.pdf,2026-08-31,2024-06-10
VT-CIO,800C87,Air India,Air India Ltd.,scheduled,S-9,2028-06-30,A320-251N,A20N,Airbus,Airbus A320neo,FW,162,162,passenger,sch-oper.pdf,2026-08-31,2024-06-10
VT-CIP,800C88,Air India,Air India Ltd.,scheduled,S-9,2028-06-30,A320-251N,A20N,Airbus,Airbus A320neo,FW,162,162,passenger,sch-oper.pdf,2026-08-31,2024-06-10
VT-CIQ,800C89,Air India,Air India Ltd.,scheduled,S-9,2028-06-30,A320-251N,A20N,Airbus,Airbus A320neo,FW,162,162,passenger,sch-oper.pdf,2026-08-31,2024-06-10
VT-CLA,800194,AR Airways,AR Airways Pvt. Ltd.,non-scheduled,#01/2005,2029-05-11,CESSNA CITATION 560 XL,C56X,Cessna,Cessna Citation XLS,FW,8,8,passenger,ns-oper.pdf,2026-08-31,2026-08-31
VT-CLB,8001A4,AR Airways,AR Airways Pvt. Ltd.,non-scheduled,#01/2005,2029-05-11,CESSNA CITATION II,C550,Cessna,Cessna Citation,FW,7,7,passenger,ns-oper.pdf,2026-08-31,2026-08-31
VT-CLF,800B79,AR Airways,AR Airways Pvt. Ltd.,non-scheduled,#01/2005,2029-05-11,FALCON 2000,F2TH,Dassault,Dassault Falcon 2000,FW,10,10,passenger,ns-oper.pdf,2026-08-31,2026-08-31
VT-CLN,,Kestrel Aviation,Kestrel Aviation Pvt. Ltd.,non-scheduled,#14/2008,2029-05-08,AGUSTA A119 KOALA,A119,Leonardo,Leonardo AW119 Koala,RW,7,7,passenger,ns-oper.pdf,2026-08-31,2026-08-31
VT-CMR,801425,VSR Ventures,VSR Ventures Pvt. Ltd.,non-scheduled,#07/2014,2028-04-20,EMB 135BJ (Legacy600),E35L,Embraer,Embraer Legacy 600/650,FW,13,13,passenger,ns-oper.pdf,2026-08-31,2026-08-31
VT-CND,80176B,Poonawalla Aviation,Poonawalla Aviation Pvt. Ltd.,non-scheduled,#03/2006,2029-06-25,H160-B,H160,Airbus Helicopters,Airbus H160,RW,8,8,passenger,ns-oper.pdf,2026-08-31,2026-08-31
VT-CNJ,,Aman Aviation & Aerospace Solutions,Aman Aviation & Aerospace Solutions Pvt. Ltd.,non-scheduled,#10/2012,2028-09-13,ROBINSON R44,R44,Robinson,Robinson R44,RW,3,3,passenger,ns-oper.pdf,2026-08-31,2026-08-31
VT-CNS,801535,AAI Flight Inspection Unit,Airports Authority of India,non-scheduled,#03/2019,2029-05-14,Super King Air B300,B350,Beechcraft,Beechcraft King Air 350,FW,7,7/Aerial Work,aerial-work,ns-oper.pdf,2026-08-31,2026-08-31
VT-CRA,8004D4,VSR Ventures,VSR Ventures Pvt. Ltd.,non-scheduled,#07/2014,2028-04-20,LEARJET-45,LJ45,Bombardier,Learjet,FW,9,9,passenger,ns-oper.pdf,2026-08-31,2026-08-31
VT-CSL,80066B,Deccan Charters,Deccan Charters Pvt. Ltd.,non-scheduled,#26/2008,2028-10-06,Bell 429,B429,Bell,Bell 429,RW,6,6,passenger,ns-oper.pdf,2026-08-31,2026-08-31
VT-CSP,800159,Navdurga Aviation,Navdurga Aviation Pvt. Ltd.,non-scheduled,#15/2022,2027-12-27,CESSNA CITATION 560XL,C56X,Cessna,Cessna Citation XLS,FW,8,8,passenger,ns-oper.pdf,2026-08-31,2026-08-31
VT-CVA,801696,Charlie Foxtrot Aviation Service,Charlie Foxtrot Aviation Service Pvt. Ltd.,non-scheduled,#03/2020,2030-12-27,CHALLENGER 605 CL-600-2B16,CL60,Bombardier,Bombardier Challenger 600 series,FW,9,9,passenger,ns-oper.pdf,2026-08-31,2026-08-31
VT-CVB,8016BB,Charlie Foxtrot Aviation Service,Charlie Foxtrot Aviation Service Pvt. Ltd.,non-scheduled,#03/2020,2030-12-27,CHALLENGER 605 CL-600-2B16,CL60,Bombardier,Bombardier Challenger 600 series,FW,9,9,passenger,ns-oper.pdf,2026-08-31,2026-08-31
VT-CVC,80179E,Charlie Foxtrot Aviation Service,Charlie Foxtrot Aviation Service Pvt. Ltd.,non-scheduled,#03/2020,2030-12-27,CL-600-2B16 CL 604 VARIANT (CL605),CL60,Bombardier,Bombardier Challenger 600 series,FW,9,9,passenger,ns-oper.pdf,2026-08-31,2026-08-31
VT-CVD,,Charlie Foxtrot Aviation Service,Charlie Foxtrot Aviation Service Pvt. Ltd.,non-scheduled,#03/2020,2030-12-27,CL-600-2B16 CL 604 VARIANT (CL605),CL60,Bombardier,Bombardier Challenger 600 series,FW,12,12,passenger,ns-oper.pdf,2026-08-31,2026-08-31
VT-CVE,,Charlie Foxtrot Aviation Service,Charlie Foxtrot Aviation Service Pvt. Ltd.,non-scheduled,#03/2020,2030-12-27,CL-600-2B16 CL 604 VARIANT (CL605),CL60,Bombardier,Bombardier Challenger 600 series,FW,12,12,passenger,ns-oper.pdf,2026-08-31,2026-08-31
VT-CVV,800C50,Air Charters Services,Air Charters Services Pvt. Ltd.,non-scheduled,#15/2008,2029-05-14,CESSNA CITATION 560XL EXCEL,C56X,Cessna,Cessna Citation XLS,FW,7,7,passenger,ns-oper.pdf,2026-08-31,2026-08-31
VT-DAX,,Deccan Charters,Deccan Charters Pvt. Ltd.,non-scheduled,#26/2008,2028-10-06,ECUREUIL AS-355 F1,AS50,Airbus Helicopters,Airbus H125 (AS350),RW,5,5,passenger,ns-oper.pdf,2026-08-31,2026-08-31
VT-DBH,,Suhan Aviation,Suhan Aviation Pvt. Ltd.,non-scheduled,#01/2016,2028-03-14,S-76C++,S76,Sikorsky,Sikorsky S-76,RW,6,6,passenger,ns-oper.pdf,2026-08-31,2026-08-31
VT-DBJ,,Falcon Aviation Services,Falcon Aviation Services Pvt. Ltd.,non-scheduled,#06/2024,2029-06-24,AW169,A169,Leonardo,Leonardo AW169,RW,6,6,passenger,ns-oper.pdf,2026-08-31,2026-08-31
VT-DBL,80142D,VSR Ventures,VSR Ventures Pvt. Ltd.,non-scheduled,#07/2014,2028-04-20,LEARJET-45 XR,LJ45,Bombardier,Learjet,FW,9,9,passenger,ns-oper.pdf,2026-08-31,2026-08-31
VT-DCB,,Deccan Charters,Deccan Charters Pvt. Ltd.,non-scheduled,#26/2008,2028-10-06,AS 350 B3,B350,Beechcraft,Beechcraft King Air 350,RW,6,6,passenger,ns-oper.pdf,2026-08-31,2026-08-31
VT-DCV,,Deccan Charters,Deccan Charters Pvt. Ltd.,non-scheduled,#26/2008,2028-10-06,EC-130 B4,EC30,Airbus Helicopters,Airbus H130,RW,6,6,passenger,ns-oper.pdf,2026-08-31,2026-08-31
VT-DEJ,,Jet Serve Aviation,Jet Serve Aviation Pvt. Ltd.,non-scheduled,#02/2017,2029-02-09,King Air C90A,BE9L,Beechcraft,Beechcraft King Air C90,FW,6,6,passenger,ns-oper.pdf,2026-08-31,2026-08-31
VT-DEV,8015B3,Ventura Airconnect,Ventura Airconnect Ltd.,non-scheduled,#08/2011,2028-06-08,CESSNA CARAVAN 208B,C208,Cessna,Cessna 208 Grand Caravan,FW,9,9,passenger,ns-oper.pdf,2026-08-31,2026-08-31
VT-DHA,80012D,Reliance Commercial Dealers,Reliance Commercial Dealers Ltd.,non-scheduled,#02/2008,2029-01-14,GLOBAL EXPRESS BD-700,GLEX,Bombardier,Bombardier Global Express,FW,16,16,passenger,ns-oper.pdf,2026-08-31,2026-08-31
VT-DIA,801817,EHA Aviation,EHA Aviation Pvt. Ltd.,non-scheduled,#01/2022,2027-03-31,BD-700-1A11(GLOBAL 5500),GL5T,Bombardier,Bombardier Global 5000/5500/6000/6500,FW,13,13,passenger,ns-oper.pdf,2026-08-31,2026-08-31
VT-DJB,801610,RAJHANS INFRACON (INDIA),RAJHANS INFRACON (INDIA),non-scheduled,#03/2024,2029-02-08,Beech SKA B200GT,BE20,Beechcraft,Beechcraft King Air 200,FW,7,7,passenger,ns-oper.pdf,2026-08-31,2026-08-31
VT-DOV,800405,Bluecraft Aviation,Bluecraft Aviation Pvt Ltd,non-scheduled,#09/2026,2031-07-15,CESSNA CITATION CJ2,C25B,Cessna,Cessna Citation CJ series,FW,7,7,passenger,ns-oper.pdf,2026-08-31,2026-08-31
VT-DVG,8006F6,Davangere Sugar Company,Davangere Sugar Company Ltd.,non-scheduled,#4/2012,2028-04-29,AS 350 B3,B350,Beechcraft,Beechcraft King Air 350,RW,6,6,passenger,ns-oper.pdf,2026-08-31,2026-08-31
VT-DVV,800CDA,Air Charters Services,Air Charters Services Pvt. Ltd.,non-scheduled,#15/2008,2029-05-14,CESSNA CITATION 560XL EXCEL,C56X,Cessna,Cessna Citation XLS,FW,9,9,passenger,ns-oper.pdf,2026-08-31,2026-08-31
VT-ECG,8014F9,EMSOS Aviation,EMSOS Aviation Private Limited,non-scheduled,#11/2022,2027-10-11,Citation 525A CJ2+,C25B,Cessna,Cessna Citation CJ series,FW,7,7,passenger,ns-oper.pdf,2026-08-31,2026-08-31
VT-EDC,80057D,Air India,Air India Ltd.,scheduled,S-9,2028-06-30,A320-214,A320,Airbus,Airbus A320,FW,150,150,passenger,sch-oper.pdf,2026-08-31,2024-06-10
VT-EDD,80057C,Air India,Air India Ltd.,scheduled,S-9,2028-06-30,A320-214,A320,Airbus,Airbus A320,FW,150,150,passenger,sch-oper.pdf,2026-08-31,2024-06-10
VT-EDE,800588,Air India,Air India Ltd.,scheduled,S-9,2028-06-30,A320-214,A320,Airbus,Airbus A320,FW,150,150,passenger,sch-oper.pdf,2026-08-31,2024-06-10
VT-EDF,800589,Air India,Air India Ltd.,scheduled,S-9,2028-06-30,A320-214,A320,Airbus,Airbus A320,FW,150,150,passenger,sch-oper.pdf,2026-08-31,2024-06-10
VT-EHB,800BD6,Redbird Airways,Redbird Airways Pvt. Ltd.,non-scheduled,#01/2020,2030-08-12,SKA B200,BE20,Beechcraft,Beechcraft King Air 200,FW,8,8,passenger,ns-oper.pdf,2026-08-31,2026-08-31
VT-EJZ,80059D,Redbird Airways,Redbird Airways Pvt. Ltd.,non-scheduled,#01/2020,2030-08-12,King Air C90A,BE9L,Beechcraft,Beechcraft King Air C90,FW,6,6,passenger,ns-oper.pdf,2026-08-31,2026-08-31
VT-ELD,,Pawan Hans,Pawan Hans Ltd.,non-scheduled,#02/1998,2029-03-14,SA 365N,,Other helicopter,SA 365N,RW,11,11,passenger,ns-oper.pdf,2026-08-31,2026-08-31
VT-ELE,,Pawan Hans,Pawan Hans Ltd.,non-scheduled,#02/1998,2029-03-14,DAUPHIN 2,AS65,Airbus Helicopters,Airbus Dauphin / H155,RW,13,13,passenger,ns-oper.pdf,2026-08-31,2026-08-31
VT-ELG,,Pawan Hans,Pawan Hans Ltd.,non-scheduled,#02/1998,2029-03-14,SA 365N,,Other helicopter,SA 365N,RW,11,11,passenger,ns-oper.pdf,2026-08-31,2026-08-31
VT-ELI,,Pawan Hans,Pawan Hans Ltd.,non-scheduled,#02/1998,2029-03-14,DAUPHIN 2,AS65,Airbus Helicopters,Airbus Dauphin / H155,RW,13,13,passenger,ns-oper.pdf,2026-08-31,2026-08-31
VT-ELL,,Pawan Hans,Pawan Hans Ltd.,non-scheduled,#02/1998,2029-03-14,DAUPHIN 2,AS65,Airbus Helicopters,Airbus Dauphin / H155,RW,13,13,passenger,ns-oper.pdf,2026-08-31,2026-08-31
VT-ELN,,Pawan Hans,Pawan Hans Ltd.,non-scheduled,#02/1998,2029-03-14,DAUPHIN 2,AS65,Airbus Helicopters,Airbus Dauphin / H155,RW,13,13,passenger,ns-oper.pdf,2026-08-31,2026-08-31
VT-ELS,,Pawan Hans,Pawan Hans Ltd.,non-scheduled,#02/1998,2029-03-14,SA 365N,,Other helicopter,SA 365N,RW,11,11,passenger,ns-oper.pdf,2026-08-31,2026-08-31
VT-ELT,,Pawan Hans,Pawan Hans Ltd.,non-scheduled,#02/1998,2029-03-14,DAUPHIN 2,AS65,Airbus Helicopters,Airbus Dauphin / H155,RW,13,13,passenger,ns-oper.pdf,2026-08-31,2026-08-31
VT-ELX,8007B9,Saarthi Airways,Saarthi Airways Pvt. Ltd.,non-scheduled,#09/2010,2028-12-13,Twin Otter DHC-6-300,DHC6,De Havilland Canada,DHC-6 Twin Otter,FW,4,4/Aerial Work,aerial-work,ns-oper.pdf,2026-08-31,2026-08-31
VT-EMJ,,Jet Serve Aviation,Jet Serve Aviation Pvt. Ltd.,non-scheduled,#02/2017,2029-02-09,King Air C90A,BE9L,Beechcraft,Beechcraft King Air C90,FW,6,6,passenger,ns-oper.pdf,2026-08-31,2026-08-31
VT-ENW,,Pawan Hans,Pawan Hans Ltd.,non-scheduled,#02/1998,2029-03-14,DAUPHIN 2,AS65,Airbus Helicopters,Airbus Dauphin / H155,RW,11,11,passenger,ns-oper.pdf,2026-08-31,2026-08-31
VT-ENZ,,Pawan Hans,Pawan Hans Ltd.,non-scheduled,#02/1998,2029-03-14,DAUPHIN 2,AS65,Airbus Helicopters,Airbus Dauphin / H155,RW,8,8,passenger,ns-oper.pdf,2026-08-31,2026-08-31
VT-EPU,8000D9,AAI Flight Inspection Unit,Airports Authority of India,non-scheduled,#03/2019,2029-05-14,Dornier DO-228-201,D228,Dornier / HAL,Dornier 228,FW,7,7,passenger,ns-oper.pdf,2026-08-31,2026-08-31
VT-EQN,,Redbird Airways,Redbird Airways Pvt. Ltd.,non-scheduled,#01/2020,2030-08-12,King Air C90A,BE9L,Beechcraft,Beechcraft King Air C90,FW,5,5,passenger,ns-oper.pdf,2026-08-31,2026-08-31
VT-EXA,800B30,Air India Express,Air India Express Ltd.,scheduled,S-14,2028-04-21,A320-214,A320,Airbus,Airbus A320,FW,180,180,passenger,sch-oper.pdf,2026-08-31,2024-06-10
VT-EXB,800B44,Air India Express,Air India Express Ltd.,scheduled,S-14,2028-04-21,A320-214,A320,Airbus,Airbus A320,FW,180,180,passenger,sch-oper.pdf,2026-08-31,2024-06-10
VT-EXC,800B61,Air India Express,Air India Express Ltd.,scheduled,S-14,2028-04-21,A320-214,A320,Airbus,Airbus A320,FW,180,180,passenger,sch-oper.pdf,2026-08-31,2024-06-10
VT-EXD,800B62,Air India Express,Air India Express Ltd.,scheduled,S-14,2028-04-21,A320-214,A320,Airbus,Airbus A320,FW,180,180,passenger,sch-oper.pdf,2026-08-31,2024-06-10
VT-EXE,800B63,Air India Express,Air India Express Ltd.,scheduled,S-14,2028-04-21,A320-214,A320,Airbus,Airbus A320,FW,180,180,passenger,sch-oper.pdf,2026-08-31,2024-06-10
VT-EXF,800BD4,Air India,Air India Ltd.,scheduled,S-9,2028-06-30,A320-251N,A20N,Airbus,Airbus A320neo,FW,162,162,passenger,sch-oper.pdf,2026-08-31,2024-06-10
VT-EXG,800BEF,Air India,Air India Ltd.,scheduled,S-9,2028-06-30,A320-251N,A20N,Airbus,Airbus A320neo,FW,162,162,passenger,sch-oper.pdf,2026-08-31,2024-06-10
VT-EXH,800C07,Air India,Air India Ltd.,scheduled,S-9,2028-06-30,A320-251N,A20N,Airbus,Airbus A320neo,FW,162,162,passenger,sch-oper.pdf,2026-08-31,2024-06-10
VT-EXI,800C08,Air India,Air India Ltd.,scheduled,S-9,2028-06-30,A320-251N,A20N,Airbus,Airbus A320neo,FW,162,162,passenger,sch-oper.pdf,2026-08-31,2024-06-10
VT-EXJ,800C43,Air India,Air India Ltd.,scheduled,S-9,2028-06-30,A320-251N,A20N,Airbus,Airbus A320neo,FW,162,162,passenger,sch-oper.pdf,2026-08-31,2024-06-10
VT-EXK,800C44,Air India,Air India Ltd.,scheduled,S-9,2028-06-30,A320-251N,A20N,Airbus,Airbus A320neo,FW,162,162,passenger,sch-oper.pdf,2026-08-31,2024-06-10
VT-EXL,800C48,Air India,Air India Ltd.,scheduled,S-9,2028-06-30,A320-251N,A20N,Airbus,Airbus A320neo,FW,162,162,passenger,sch-oper.pdf,2026-08-31,2024-06-10
VT-EXM,800C4B,Air India,Air India Ltd.,scheduled,S-9,2028-06-30,A320-251N,A20N,Airbus,Airbus A320neo,FW,162,162,passenger,sch-oper.pdf,2026-08-31,2024-06-10
VT-EXN,800CC7,Air India,Air India Ltd.,scheduled,S-9,2028-06-30,A320-251N,A20N,Airbus,Airbus A320neo,FW,162,162,passenger,sch-oper.pdf,2026-08-31,2024-06-10
VT-EXO,800CC8,Air India,Air India Ltd.,scheduled,S-9,2028-06-30,A320-251N,A20N,Airbus,Airbus A320neo,FW,162,162,passenger,sch-oper.pdf,2026-08-31,2024-06-10
VT-EXP,800CFE,Air India,Air India Ltd.,scheduled,S-9,2028-06-30,A320-251N,A20N,Airbus,Airbus A320neo,FW,162,162,passenger,sch-oper.pdf,2026-08-31,2024-06-10
VT-EXQ,800CFF,Air India,Air India Ltd.,scheduled,S-9,2028-06-30,A320-251N,A20N,Airbus,Airbus A320neo,FW,162,162,passenger,sch-oper.pdf,2026-08-31,2024-06-10
VT-EXR,800D40,Air India,Air India Ltd.,scheduled,S-9,2028-06-30,A320-251N,A20N,Airbus,Airbus A320neo,FW,162,162,passenger,sch-oper.pdf,2026-08-31,2024-06-10
VT-EXS,800D41,Air India,Air India Ltd.,scheduled,S-9,2028-06-30,A320-251N,A20N,Airbus,Airbus A320neo,FW,162,162,passenger,sch-oper.pdf,2026-08-31,2024-06-10
VT-EXT,800BE7,Air India,Air India Ltd.,scheduled,S-9,2028-06-30,A320-251N,A20N,Airbus,Airbus A320neo,FW,162,162,passenger,sch-oper.pdf,2026-08-31,2024-06-10
VT-EXU,800BF9,Air India,Air India Ltd.,scheduled,S-9,2028-06-30,A320-251N,A20N,Airbus,Airbus A320neo,FW,162,162,passenger,sch-oper.pdf,2026-08-31,2024-06-10
VT-EXV,800BFA,Air India,Air India Ltd.,scheduled,S-9,2028-06-30,A320-251N,A20N,Airbus,Airbus A320neo,FW,162,162,passenger,sch-oper.pdf,2026-08-31,2024-06-10
VT-FAE,8001C3,Air Charters Services,Air Charters Services Pvt. Ltd.,non-scheduled,#15/2008,2029-05-14,SUPER KINGAIR B200,BE20,Beechcraft,Beechcraft King Air 200,FW,7,7,passenger,ns-oper.pdf,2026-08-31,2026-08-31
VT-FAF,8001C2,Forum I Aviation,Forum I Aviation Pvt. Ltd.,non-scheduled,#01/2006,2029-03-20,HAWKER 800XP,H25B,Hawker Beechcraft,Hawker 800/850/900,FW,8,8,passenger,ns-oper.pdf,2026-08-31,2026-08-31
VT-FAR,,E-Factor Adventure Tourism (P),E-Factor Adventure Tourism (P) Ltd.,non-scheduled,#1/2008,2029-01-01,T210 ULTRAMAGIC (HOT AIR BALLOON),BALL,Hot air balloon,Hot air balloon,B,9,9,passenger,ns-oper.pdf,2026-08-31,2026-08-31
VT-FCA,801757,Aviation Connectivity & Infrastructure Developers Pvt,Aviation Connectivity & Infrastructure Developers Pvt.,non-scheduled,#07/2023,2028-07-02,TECNAM P2010TDI,P06T,Tecnam,Tecnam P2006T,FW,3,3,passenger,ns-oper.pdf,2026-08-31,2026-08-31
VT-FIB,801653,Fly91,Just Udo Aviation Pvt. Ltd.,scheduled,SC-10,2027-03-05,ATR72-600,AT76,ATR,ATR 72-600,FW,72,72,passenger,sch-oper.pdf,2026-08-31,2024-06-10
VT-FIC,801684,Fly91,Just Udo Aviation Pvt. Ltd.,scheduled,SC-10,2027-03-05,ATR72-600,AT76,ATR,ATR 72-600,FW,72,72,passenger,sch-oper.pdf,2026-08-31,2024-06-10
VT-FID,801776,Fly91,Just Udo Aviation Pvt. Ltd.,scheduled,SC-10,2027-03-05,ATR72-600,AT76,ATR,ATR 72-600,FW,72,72,passenger,sch-oper.pdf,2026-08-31,2026-08-31
VT-FIE,80189B,Fly91,Just Udo Aviation Pvt. Ltd.,scheduled,SC-10,2027-03-05,ATR72-600,AT76,ATR,ATR 72-600,FW,72,72,passenger,sch-oper.pdf,2026-08-31,2026-08-31
VT-FIF,8018AD,Fly91,Just Udo Aviation Pvt. Ltd.,scheduled,SC-10,2027-03-05,ATR72-600,AT76,ATR,ATR 72-600,FW,72,72,passenger,sch-oper.pdf,2026-08-31,2026-08-31
VT-FIG,8018B5,Fly91,Just Udo Aviation Pvt. Ltd.,scheduled,SC-10,2027-03-05,ATR72-600,AT76,ATR,ATR 72-600,FW,72,72,passenger,sch-oper.pdf,2026-08-31,2026-08-31
VT-FIS,801537,AAI Flight Inspection Unit,Airports Authority of India,non-scheduled,#03/2019,2029-05-14,Super King Air B300,B350,Beechcraft,Beechcraft King Air 350,FW,7,7/Aerial Work,aerial-work,ns-oper.pdf,2026-08-31,2026-08-31
VT-FIU,800398,AAI Flight Inspection Unit,Airports Authority of India,non-scheduled,#03/2019,2029-05-14,Super King Air B300,B350,Beechcraft,Beechcraft King Air 350,FW,4,4,passenger,ns-oper.pdf,2026-08-31,2026-08-31
VT-FLO,,E-Factor Adventure Tourism (P),E-Factor Adventure Tourism (P) Ltd.,non-scheduled,#1/2008,2029-01-01,ULTRAMAGIC N-425 (HOT AIR BALLOON),BALL,Hot air balloon,Hot air balloon,B,24,24,passenger,ns-oper.pdf,2026-08-31,2026-08-31
VT-FLX,8016B4,Empire Aircraft Management Services,Empire Aircraft Management Services Pvt. Ltd.,non-scheduled,#08/2017,2027-03-31,Falcon2000LX,F2TH,Dassault,Dassault Falcon 2000,FW,8,8,passenger,ns-oper.pdf,2026-08-31,2026-08-31
VT-FOR,,Indo Pacific Aviation,Indo Pacific Aviation Pvt. Ltd.,non-scheduled,#03/1997,2028-10-14,AGUSTA A109E,A109,Leonardo,Leonardo AW109,RW,8,8,passenger,ns-oper.pdf,2026-08-31,2026-08-31
VT-FUN,,E-Factor Adventure Tourism (P),E-Factor Adventure Tourism (P) Ltd.,non-scheduled,#1/2008,2029-01-01,CAMERON A-120 (HOT AIR BALLOON),BALL,Hot air balloon,Hot air balloon,B,4,4,passenger,ns-oper.pdf,2026-08-31,2026-08-31
VT-GDC,,Golden Crane Aviation,Golden Crane Aviation Pvt. Ltd.,non-scheduled,#03/2023,2028-03-08,SIKORSKY S-76D,S76,Sikorsky,Sikorsky S-76,RW,6,6,passenger,ns-oper.pdf,2026-08-31,2026-08-31
VT-GEM,,Bativala M Bhagvati Flying Charters,Bativala M Bhagvati Flying Charters LLP,non-scheduled,#05/2023,2028-05-31,CESSNA172S,C172,Cessna,Cessna 172,FW,3,3,passenger,ns-oper.pdf,2026-08-31,2026-08-31
VT-GHA,800B99,Air India Express,Air India Express Ltd.,scheduled,S-14,2028-04-21,B737-800,B738,Boeing,Boeing 737-800,FW,186,186,passenger,sch-oper.pdf,2026-08-31,2024-06-10
VT-GHB,800B9A,Air India Express,Air India Express Ltd.,scheduled,S-14,2028-04-21,B737-800,B738,Boeing,Boeing 737-800,FW,186,186,passenger,sch-oper.pdf,2026-08-31,2024-06-10
VT-GHC,800B9B,Air India Express,Air India Express Ltd.,scheduled,S-14,2028-04-21,B737-800,B738,Boeing,Boeing 737-800,FW,186,186,passenger,sch-oper.pdf,2026-08-31,2024-06-10
VT-GHD,800B9C,Air India Express,Air India Express Ltd.,scheduled,S-14,2028-04-21,B737-800,B738,Boeing,Boeing 737-800,FW,186,186,passenger,sch-oper.pdf,2026-08-31,2024-06-10
VT-GHE,800B9D,Air India Express,Air India Express Ltd.,scheduled,S-14,2028-04-21,B737-800,B738,Boeing,Boeing 737-800,FW,186,186,passenger,sch-oper.pdf,2026-08-31,2024-06-10
VT-GHF,800B9E,Air India Express,Air India Express Ltd.,scheduled,S-14,2028-04-21,B737-800,B738,Boeing,Boeing 737-800,FW,186,186,passenger,sch-oper.pdf,2026-08-31,2024-06-10
VT-GHI,800CD5,Air India Express,Air India Express Ltd.,scheduled,S-14,2028-04-21,B737-800,B738,Boeing,Boeing 737-800,FW,186,186,passenger,sch-oper.pdf,2026-08-31,2024-06-10
VT-GHK,800CD6,Air India Express,Air India Express Ltd.,scheduled,S-14,2028-04-21,B737-800,B738,Boeing,Boeing 737-800,FW,186,186,passenger,sch-oper.pdf,2026-08-31,2024-06-10
VT-GHS,800B6B,Aviation Division,Raymond Ltd.,non-scheduled,#05/1996,2029-01-28,AGUSTA A109S,A109,Leonardo,Leonardo AW109,RW,6,6,passenger,ns-oper.pdf,2026-08-31,2026-08-31
VT-GIC,,Fairwinds Aviation,Fairwinds Aviation Pvt. Ltd.,non-scheduled,#01/2019,2029-01-10,CESSNA T206H,,Other,CESSNA T206H,FW,,Aerial Work,aerial-work,ns-oper.pdf,2026-08-31,2026-08-31
VT-GIM,,Carewell Aviation India,Carewell Aviation India Pvt. Ltd.,non-scheduled,#11/2023,2028-11-09,AW109SP,A109,Leonardo,Leonardo AW109,RW,7,7,passenger,ns-oper.pdf,2026-08-31,2026-08-31
VT-GKA,,Karnavati Aviation,Karnavati Aviation Pvt. Ltd.,non-scheduled,#22/2008,2028-08-06,AW169,A169,Leonardo,Leonardo AW169,RW,7,7,passenger,ns-oper.pdf,2026-08-31,2026-08-31
VT-GKB,800B2E,HN Safal Aviation . HN,HN Safal Aviation Pvt. Ltd. HN,non-scheduled,#07/2019,2029-10-24,Gulfstream G-150,G150,Gulfstream,Gulfstream,FW,7,7,passenger,ns-oper.pdf,2026-08-31,2026-08-31
VT-GOA,,E-Factor Adventure Tourism (P),E-Factor Adventure Tourism (P) Ltd.,non-scheduled,#1/2008,2029-01-01,CAMERON A-210 (HOT AIR BALLOON),BALL,Hot air balloon,Hot air balloon,B,9,9,passenger,ns-oper.pdf,2026-08-31,2026-08-31
VT-GPS,8018AE,FLYSBS AVIATION,FLYSBS AVIATION LIMITED,non-scheduled,#13/2023,2028-12-18,EMB-135BJ (LEGACY 650),E35L,Embraer,Embraer Legacy 600/650,FW,13,13,passenger,ns-oper.pdf,2026-08-31,2026-08-31
VT-GRA,8014C2,Thumby Aviation,Thumby Aviation Pvt. Ltd.,non-scheduled,#02/2013,2029-03-24,AS350B3E,B350,Beechcraft,Beechcraft King Air 350,RW,6,6/Aerial Work,aerial-work,ns-oper.pdf,2026-08-31,2026-08-31
VT-GRB,80166E,Thumby Aviation,Thumby Aviation Pvt. Ltd.,non-scheduled,#02/2013,2029-03-24,BELL 407GXP,B407,Bell,Bell 407,RW,6,6,passenger,ns-oper.pdf,2026-08-31,2026-08-31
VT-GRC,,Thumby Aviation,Thumby Aviation Pvt. Ltd.,non-scheduled,#02/2013,2029-03-24,AS350B3,B350,Beechcraft,Beechcraft King Air 350,RW,6,6,passenger,ns-oper.pdf,2026-08-31,2026-08-31
VT-GRD,,Thumby Aviation,Thumby Aviation Pvt. Ltd.,non-scheduled,#02/2013,2029-03-24,BELL412EP,B412,Bell,Bell 412,RW,13,13,passenger,ns-oper.pdf,2026-08-31,2026-08-31
VT-GSD,800B06,Star Air,Ghodawat Enterprises Pvt. Ltd.,non-scheduled,#06/2014,2028-03-17,EC-135,EC35,Airbus Helicopters,Airbus H135,RW,5,5,passenger,ns-oper.pdf,2026-08-31,2026-08-31
VT-GSE,800CC1,Star Air,Ghodawat Enterprises Pvt. Ltd.,scheduled,SC-04,2028-12-31,EMB-145LR,E145,Embraer,Embraer ERJ 145,FW,50,50,passenger,sch-oper.pdf,2026-08-31,2024-06-10
VT-GSH,8015DD,Star Air,Ghodawat Enterprises Pvt. Ltd.,scheduled,SC-04,2028-12-31,EMB-170,E170,Embraer,Embraer E170,FW,76,76,passenger,sch-oper.pdf,2026-08-31,2024-06-10
VT-GSI,801580,Star Air,Ghodawat Enterprises Pvt. Ltd.,scheduled,SC-04,2028-12-31,EMB-170,E170,Embraer,Embraer E170,FW,76,76,passenger,sch-oper.pdf,2026-08-31,2024-06-10
VT-GSJ,80159B,Star Air,Ghodawat Enterprises Pvt. Ltd.,scheduled,SC-04,2028-12-31,EMB-170,E170,Embraer,Embraer E170,FW,76,76,passenger,sch-oper.pdf,2026-08-31,2024-06-10
VT-GSK,801750,Star Air,Ghodawat Enterprises Pvt. Ltd.,scheduled,SC-04,2028-12-31,EMB-170,E170,Embraer,Embraer E170,FW,76,76,passenger,sch-oper.pdf,2026-08-31,2026-08-31
VT-GSM,801771,Star Air,Ghodawat Enterprises Pvt. Ltd.,scheduled,SC-04,2028-12-31,EMB-170,E170,Embraer,Embraer E170,FW,76,76,passenger,sch-oper.pdf,2026-08-31,2026-08-31
VT-GSO,801826,Star Air,Ghodawat Enterprises Pvt. Ltd.,scheduled,SC-04,2028-12-31,EMB-170,E170,Embraer,Embraer E170,FW,76,76,passenger,sch-oper.pdf,2026-08-31,2026-08-31
VT-GSQ,801849,Star Air,Ghodawat Enterprises Pvt. Ltd.,scheduled,SC-04,2028-12-31,EMB-170,E170,Embraer,Embraer E170,FW,76,76,passenger,sch-oper.pdf,2026-08-31,2026-08-31
VT-GSR,,Star Air,Ghodawat Enterprises Pvt. Ltd.,non-scheduled,#06/2014,2028-03-17,EC-135T3H,EC35,Airbus Helicopters,Airbus H135,RW,5,5,passenger,ns-oper.pdf,2026-08-31,2026-08-31
VT-GSU,801618,Star Air,Ghodawat Enterprises Pvt. Ltd.,scheduled,SC-04,2028-12-31,EMB-170,E170,Embraer,Embraer E170,FW,76,76,passenger,sch-oper.pdf,2026-08-31,2024-06-10
VT-GVA,,Global Vectra Helicorp,Global Vectra Helicorp Limited,non-scheduled,#08/1998,2028-04-28,BELL 412 EP,B412,Bell,Bell 412,RW,13,13,passenger,ns-oper.pdf,2026-08-31,2026-08-31
VT-GVF,,Global Vectra Helicorp,Global Vectra Helicorp Limited,non-scheduled,#08/1998,2028-04-28,AS 350 B3,B350,Beechcraft,Beechcraft King Air 350,RW,6,6/Aerial Work,aerial-work,ns-oper.pdf,2026-08-31,2026-08-31
VT-GVK,,Global Vectra Helicorp,Global Vectra Helicorp Limited,non-scheduled,#08/1998,2028-04-28,BELL 412 EP,B412,Bell,Bell 412,RW,13,13,passenger,ns-oper.pdf,2026-08-31,2026-08-31
VT-GVL,,Global Vectra Helicorp,Global Vectra Helicorp Limited,non-scheduled,#08/1998,2028-04-28,BELL 412 EP,B412,Bell,Bell 412,RW,13,13,passenger,ns-oper.pdf,2026-08-31,2026-08-31
VT-GVM,,Global Vectra Helicorp,Global Vectra Helicorp Limited,non-scheduled,#08/1998,2028-04-28,BELL 412 EP,B412,Bell,Bell 412,RW,13,13,passenger,ns-oper.pdf,2026-08-31,2026-08-31
VT-GVP,800B7D,Global Vectra Helicorp,Global Vectra Helicorp Limited,non-scheduled,#08/1998,2028-04-28,AW 139,A139,Leonardo,AW 139,RW,15,15,passenger,ns-oper.pdf,2026-08-31,2026-08-31
VT-GVT,800BA2,Global Vectra Helicorp,Global Vectra Helicorp Limited,non-scheduled,#08/1998,2028-04-28,BELL 412 EP,B412,Bell,Bell 412,RW,13,13,passenger,ns-oper.pdf,2026-08-31,2026-08-31
VT-GVW,,Global Vectra Helicorp,Global Vectra Helicorp Limited,non-scheduled,#08/1998,2028-04-28,BELL 412 EP,B412,Bell,Bell 412,RW,13,13,passenger,ns-oper.pdf,2026-08-31,2026-08-31
VT-GVX,,Global Vectra Helicorp,Global Vectra Helicorp Limited,non-scheduled,#08/1998,2028-04-28,BELL 412 EP,B412,Bell,Bell 412,RW,13,13,passenger,ns-oper.pdf,2026-08-31,2026-08-31
VT-GVY,,Global Vectra Helicorp,Global Vectra Helicorp Limited,non-scheduled,#08/1998,2028-04-28,BELL 412 EP,B412,Bell,Bell 412,RW,13,13,passenger,ns-oper.pdf,2026-08-31,2026-08-31
VT-GVZ,800C46,Global Vectra Helicorp,Global Vectra Helicorp Limited,non-scheduled,#08/1998,2028-04-28,AW169,A169,Leonardo,Leonardo AW169,RW,8,8,passenger,ns-oper.pdf,2026-08-31,2026-08-31
VT-GYN,,Fairwinds Aviation,Fairwinds Aviation Pvt. Ltd.,non-scheduled,#01/2019,2029-01-10,CESSNA T206H,,Other,CESSNA T206H,FW,,Aerial Work,aerial-work,ns-oper.pdf,2026-08-31,2026-08-31
VT-HAB,,Himanad Management Services,Himanad Management Services,non-scheduled,#16/2025,2030-09-22,AW169,A169,Leonardo,Leonardo AW169,RW,7,7,passenger,ns-oper.pdf,2026-08-31,2026-08-31
VT-HAU,,Pawan Hans,Pawan Hans Ltd.,non-scheduled,#02/1998,2029-03-14,ALH (DHRUV),ALH,HAL,HAL Dhruv,RW,9,9,passenger,ns-oper.pdf,2026-08-31,2026-08-31
VT-HAX,,Syandan Aviation,Syandan Aviation Pvt. Ltd.,non-scheduled,#11/2025,2030-09-10,A109E,A109,Leonardo,Leonardo AW109,RW,7,7,passenger,ns-oper.pdf,2026-08-31,2026-08-31
VT-HBX,800B5D,Target Air Services,Target Air Services Pvt. Ltd.,non-scheduled,#14/2023,2028-12-20,HAWKER 400A XP,BE40,Beechcraft,HAWKER 400A XP,FW,8,8,passenger,ns-oper.pdf,2026-08-31,2026-08-31
VT-HEX,,United Helicharters,United Helicharters Pvt. Ltd.,non-scheduled,#04/2026,2031-02-19,EC-130T2,EC30,Airbus Helicopters,Airbus H130,RW,7,7,passenger,ns-oper.pdf,2026-08-31,2026-08-31
VT-HFX,800C30,Syandan Aviation,Syandan Aviation Pvt. Ltd.,non-scheduled,#11/2025,2030-09-10,EC-130T2,EC30,Airbus Helicopters,Airbus H130,RW,7,7,passenger,ns-oper.pdf,2026-08-31,2026-08-31
VT-HGL,8003A8,Modifi Aviations,Modifi Aviations Pvt. Ltd.,non-scheduled,#02/2026,2031-02-10,FALCON 2000,F2TH,Dassault,Dassault Falcon 2000,FW,10,10,passenger,ns-oper.pdf,2026-08-31,2026-08-31
VT-HGX,800C22,Syandan Aviation,Syandan Aviation Pvt. Ltd.,non-scheduled,#11/2025,2030-09-10,A109S,A109,Leonardo,Leonardo AW109,RW,7,7,passenger,ns-oper.pdf,2026-08-31,2026-08-31
VT-HHB,,Himalayan Heli Services,Himalayan Heli Services Ltd.,non-scheduled,#01/2002,2029-01-17,AS 350 B3,B350,Beechcraft,Beechcraft King Air 350,RW,5,5,passenger,ns-oper.pdf,2026-08-31,2026-08-31
VT-HHC,,Himalayan Heli Services,Himalayan Heli Services Ltd.,non-scheduled,#01/2002,2029-01-17,AS 350 B3E,B350,Beechcraft,Beechcraft King Air 350,RW,6,6,passenger,ns-oper.pdf,2026-08-31,2026-08-31
VT-HHD,,Himalayan Heli Services,Himalayan Heli Services Ltd.,non-scheduled,#01/2002,2029-01-17,AS 350 B3E,B350,Beechcraft,Beechcraft King Air 350,RW,6,6,passenger,ns-oper.pdf,2026-08-31,2026-08-31
VT-HIX,,Heritage Aviation,Heritage Aviation Pvt. Ltd.,non-scheduled,#04/2015,2029-06-30,EC130T2,EC30,Airbus Helicopters,Airbus H130,RW,7,7,passenger,ns-oper.pdf,2026-08-31,2026-08-31
VT-HJS,,IndiaOne Air,India One Air Private Limited,scheduled,SC-09,2027-06-23,Cessna Grand Caravan 208B,C208,Cessna,Cessna 208 Grand Caravan,FW,9,9,passenger,sch-oper.pdf,2026-08-31,2024-06-10
VT-HJX,,Heritage Aviation,Heritage Aviation Pvt. Ltd.,non-scheduled,#04/2015,2029-06-30,AS350B3E,B350,Beechcraft,Beechcraft King Air 350,RW,6,6,passenger,ns-oper.pdf,2026-08-31,2026-08-31
VT-HKB,8006F3,Kelachandra Logistics,Kelachandra Logistics Pvt. Ltd.,non-scheduled,#04/2019,2029-06-13,BELL429,B429,Bell,Bell 429,RW,5,5,passenger,ns-oper.pdf,2026-08-31,2026-08-31
VT-HKL,,Dhillon Aviation,Dhillon Aviation Pvt. Ltd.,non-scheduled,#5/2005,2028-09-07,BELL412,B412,Bell,Bell 412,RW,13,13,passenger,ns-oper.pdf,2026-08-31,2026-08-31
VT-HKX,,Heritage Aviation,Heritage Aviation Pvt. Ltd.,non-scheduled,#04/2015,2029-06-30,AS350B3E,B350,Beechcraft,Beechcraft King Air 350,RW,6,6,passenger,ns-oper.pdf,2026-08-31,2026-08-31
VT-HLD,,Heligo Charters,Heligo Charters Pvt. Limited,non-scheduled,#01/2009,2029-02-10,AW139,A139,Leonardo,Leonardo AW139,RW,15,15,passenger,ns-oper.pdf,2026-08-31,2026-08-31
VT-HLH,800B07,Heligo Charters,Heligo Charters Pvt. Limited,non-scheduled,#01/2009,2029-02-10,AW139,A139,Leonardo,Leonardo AW139,RW,15,15,passenger,ns-oper.pdf,2026-08-31,2026-08-31
VT-HLI,,Heligo Charters,Heligo Charters Pvt. Limited,non-scheduled,#01/2009,2029-02-10,AS 365 N3,,Other helicopter,AS 365 N3,RW,11,11,passenger,ns-oper.pdf,2026-08-31,2026-08-31
VT-HLJ,,Heligo Charters,Heligo Charters Pvt. Limited,non-scheduled,#01/2009,2029-02-10,AS 365 N3,,Other helicopter,AS 365 N3,RW,11,11,passenger,ns-oper.pdf,2026-08-31,2026-08-31
VT-HLP,800D44,Heligo Charters,Heligo Charters Pvt. Limited,non-scheduled,#01/2009,2029-02-10,H145,EC45,Airbus Helicopters,Airbus H145,RW,8,8,passenger,ns-oper.pdf,2026-08-31,2026-08-31
VT-HLQ,8013C0,Heligo Charters,Heligo Charters Pvt. Limited,non-scheduled,#01/2009,2029-02-10,H145,EC45,Airbus Helicopters,Airbus H145,RW,9,9,passenger,ns-oper.pdf,2026-08-31,2026-08-31
VT-HLR,801417,Heligo Charters,Heligo Charters Pvt. Limited,non-scheduled,#01/2009,2029-02-10,AW139,A139,Leonardo,Leonardo AW139,RW,15,15,passenger,ns-oper.pdf,2026-08-31,2026-08-31
VT-HLS,801430,Heligo Charters,Heligo Charters Pvt. Limited,non-scheduled,#01/2009,2029-02-10,BELL 412EP,B412,Bell,Bell 412,RW,11,11,passenger,ns-oper.pdf,2026-08-31,2026-08-31
VT-HLT,80142F,Heligo Charters,Heligo Charters Pvt. Limited,non-scheduled,#01/2009,2029-02-10,BELL 412EP,B412,Bell,Bell 412,RW,11,11,passenger,ns-oper.pdf,2026-08-31,2026-08-31
VT-HLU,801467,Heligo Charters,Heligo Charters Pvt. Limited,non-scheduled,#01/2009,2029-02-10,AW139,A139,Leonardo,Leonardo AW139,RW,15,15,passenger,ns-oper.pdf,2026-08-31,2026-08-31
VT-HLV,80156F,Heligo Charters,Heligo Charters Pvt. Limited,non-scheduled,#01/2009,2029-02-10,BELL 412 EPI,B412,Bell,Bell 412,RW,13,13,passenger,ns-oper.pdf,2026-08-31,2026-08-31
VT-HLW,8015BD,Heligo Charters,Heligo Charters Pvt. Limited,non-scheduled,#01/2009,2029-02-10,H145,EC45,Airbus Helicopters,Airbus H145,RW,8,8,passenger,ns-oper.pdf,2026-08-31,2026-08-31
VT-HLX,801675,Heligo Charters,Heligo Charters Pvt. Limited,non-scheduled,#01/2009,2029-02-10,H145,EC45,Airbus Helicopters,Airbus H145,RW,8,8,passenger,ns-oper.pdf,2026-08-31,2026-08-31
VT-HLY,801676,Heligo Charters,Heligo Charters Pvt. Limited,non-scheduled,#01/2009,2029-02-10,H145,EC45,Airbus Helicopters,Airbus H145,RW,8,8,passenger,ns-oper.pdf,2026-08-31,2026-08-31
VT-HLZ,801688,Heligo Charters,Heligo Charters Pvt. Limited,non-scheduled,#01/2009,2029-02-10,H145,EC45,Airbus Helicopters,Airbus H145,RW,8,8,passenger,ns-oper.pdf,2026-08-31,2026-08-31
VT-HMA,8005AE,Reliance Commercial Dealers,Reliance Commercial Dealers Ltd.,non-scheduled,#02/2008,2029-01-14,GLOBAL EXPRESS BD-700,GLEX,Bombardier,Bombardier Global Express,FW,14,14,passenger,ns-oper.pdf,2026-08-31,2026-08-31
VT-HNA,8015BF,HN Safal Aviation . HN,HN Safal Aviation Pvt. Ltd. HN,non-scheduled,#07/2019,2029-10-24,Gulfstream G-150,G150,Gulfstream,Gulfstream,FW,8,8,passenger,ns-oper.pdf,2026-08-31,2026-08-31
VT-HNB,,Heligo Charters,Heligo Charters Pvt. Limited,non-scheduled,#01/2009,2029-02-10,AW139,A139,Leonardo,Leonardo AW139,RW,15,15,passenger,ns-oper.pdf,2026-08-31,2026-08-31
VT-HNC,,Jet Serve Aviation,Jet Serve Aviation Pvt. Ltd.,non-scheduled,#02/2017,2029-02-09,ROBINSON-44 RAVEN II,R44,Robinson,Robinson R44,RW,3,3,passenger,ns-oper.pdf,2026-08-31,2026-08-31
VT-HOX,,Heritage Aviation,Heritage Aviation Pvt. Ltd.,non-scheduled,#04/2015,2029-06-30,EC130T2,EC30,Airbus Helicopters,Airbus H130,RW,7,7,passenger,ns-oper.pdf,2026-08-31,2026-08-31
VT-HSR,,IIC Technologies,IIC Technologies Limited,non-scheduled,#06/2015,2029-07-09,CESSNA 206H,C206,Cessna,Cessna 206,FW,,Aerial Work,aerial-work,ns-oper.pdf,2026-08-31,2026-08-31
VT-HUH,8018BA,Indo Pacific Aviation,Indo Pacific Aviation Pvt. Ltd.,non-scheduled,#03/1997,2028-10-14,BD-700-1A10(G6000),GL5T,Bombardier,Bombardier Global 5000/5500/6000/6500,FW,13,13,passenger,ns-oper.pdf,2026-08-31,2026-08-31
VT-HVV,80142E,Air Charters Services,Air Charters Services Pvt. Ltd.,non-scheduled,#15/2008,2029-05-14,FALCON 7X (M 1000),FA7X,Dassault,Dassault Falcon 7X,FW,14,14,passenger,ns-oper.pdf,2026-08-31,2026-08-31
VT-HYA,,SKB Infracons,SKB Infracons Pvt. Ltd.,non-scheduled,#05/2007,2029-06-20,KING AIR C 90A,,Beechcraft,Beechcraft King Air,FW,6,6,passenger,ns-oper.pdf,2026-08-31,2026-08-31
VT-IAH,800429,Reliance Commercial Dealers,Reliance Commercial Dealers Ltd.,non-scheduled,#02/2008,2029-01-14,A319-115 CJ,A319,Airbus,Airbus A319,FW,19,19,passenger,ns-oper.pdf,2026-08-31,2026-08-31
VT-IAN,800AF4,IndiGo,Interglobe Aviation Ltd.,scheduled,S-19,2027-08-02,A320-232,A320,Airbus,Airbus A320,FW,180,180,passenger,sch-oper.pdf,2026-08-31,2024-06-10
VT-IAO,800AF5,IndiGo,Interglobe Aviation Ltd.,scheduled,S-19,2027-08-02,A320-232,A320,Airbus,Airbus A320,FW,180,180,passenger,sch-oper.pdf,2026-08-31,2024-06-10
VT-IAQ,800B12,IndiGo,Interglobe Aviation Ltd.,scheduled,S-19,2027-08-02,A320-232,A320,Airbus,Airbus A320,FW,180,180,passenger,sch-oper.pdf,2026-08-31,2024-06-10
VT-IAR,800B13,IndiGo,Interglobe Aviation Ltd.,scheduled,S-19,2027-08-02,A320-232,A320,Airbus,Airbus A320,FW,180,180,passenger,sch-oper.pdf,2026-08-31,2024-06-10
VT-IAS,800B14,IndiGo,Interglobe Aviation Ltd.,scheduled,S-19,2027-08-02,A320-232,A320,Airbus,Airbus A320,FW,180,180,passenger,sch-oper.pdf,2026-08-31,2024-06-10
VT-IAX,800B2B,IndiGo,Interglobe Aviation Ltd.,scheduled,S-19,2027-08-02,A320-232,A320,Airbus,Airbus A320,FW,180,180,passenger,sch-oper.pdf,2026-08-31,2024-06-10
VT-IAZ,8016D4,IndiGo,Interglobe Aviation Ltd.,scheduled,S-19,2027-08-02,A321-252NX,A21N,Airbus,Airbus A321neo,FW,,,unknown,sch-oper.pdf,2026-08-31,2026-08-31
VT-IBA,80048B,Chipsan Aviation,Chipsan Aviation Pvt. Ltd.,non-scheduled,#04/2017,2029-05-22,EC135P2+,EC35,Airbus Helicopters,Airbus H135,RW,6,6,passenger,ns-oper.pdf,2026-08-31,2026-08-31
VT-IBB,80153E,IndiGo,Interglobe Aviation Ltd.,scheduled,S-19,2027-08-02,A321-252NX,A21N,Airbus,Airbus A321neo,FW,,,unknown,sch-oper.pdf,2026-08-31,2024-06-10
VT-IBC,80154B,IndiGo,Interglobe Aviation Ltd.,scheduled,S-19,2027-08-02,A321-252NX,A21N,Airbus,Airbus A321neo,FW,,,unknown,sch-oper.pdf,2026-08-31,2024-06-10
VT-IBD,80154D,IndiGo,Interglobe Aviation Ltd.,scheduled,S-19,2027-08-02,A321-252NX,A21N,Airbus,Airbus A321neo,FW,,,unknown,sch-oper.pdf,2026-08-31,2024-06-10
VT-IBE,801551,IndiGo,Interglobe Aviation Ltd.,scheduled,S-19,2027-08-02,A321-252NX,A21N,Airbus,Airbus A321neo,FW,,,unknown,sch-oper.pdf,2026-08-31,2024-06-10
VT-IBF,80155B,IndiGo,Interglobe Aviation Ltd.,scheduled,S-19,2027-08-02,A321-252NX,A21N,Airbus,Airbus A321neo,FW,,,unknown,sch-oper.pdf,2026-08-31,2024-06-10
VT-IBH,80155C,IndiGo,Interglobe Aviation Ltd.,scheduled,S-19,2027-08-02,A321-252NX,A21N,Airbus,Airbus A321neo,FW,,,unknown,sch-oper.pdf,2026-08-31,2024-06-10
VT-IBI,80158A,IndiGo,Interglobe Aviation Ltd.,scheduled,S-19,2027-08-02,A321-252NX,A21N,Airbus,Airbus A321neo,FW,,,unknown,sch-oper.pdf,2026-08-31,2024-06-10
VT-IBJ,80156A,IndiGo,Interglobe Aviation Ltd.,scheduled,S-19,2027-08-02,A321-252NX,A21N,Airbus,Airbus A321neo,FW,,,unknown,sch-oper.pdf,2026-08-31,2024-06-10
VT-IBK,8015AD,IndiGo,Interglobe Aviation Ltd.,scheduled,S-19,2027-08-02,A321-252NX,A21N,Airbus,Airbus A321neo,FW,,,unknown,sch-oper.pdf,2026-08-31,2024-06-10
VT-IBL,8015B2,IndiGo,Interglobe Aviation Ltd.,scheduled,S-19,2027-08-02,A321-252NX,A21N,Airbus,Airbus A321neo,FW,,,unknown,sch-oper.pdf,2026-08-31,2024-06-10
VT-IBM,8015BC,IndiGo,Interglobe Aviation Ltd.,scheduled,S-19,2027-08-02,A321-252NX,A21N,Airbus,Airbus A321neo,FW,,,unknown,sch-oper.pdf,2026-08-31,2024-06-10
VT-IBN,8015C7,IndiGo,Interglobe Aviation Ltd.,scheduled,S-19,2027-08-02,A321-252NX,A21N,Airbus,Airbus A321neo,FW,,,unknown,sch-oper.pdf,2026-08-31,2024-06-10
VT-IBO,8015C2,IndiGo,Interglobe Aviation Ltd.,scheduled,S-19,2027-08-02,A321-252NX,A21N,Airbus,Airbus A321neo,FW,,,unknown,sch-oper.pdf,2026-08-31,2024-06-10
VT-IBQ,8015CB,IndiGo,Interglobe Aviation Ltd.,scheduled,S-19,2027-08-02,A321-252NX,A21N,Airbus,Airbus A321neo,FW,,,unknown,sch-oper.pdf,2026-08-31,2024-06-10
VT-IBT,8015C6,IndiGo,Interglobe Aviation Ltd.,scheduled,S-19,2027-08-02,A321-252NX,A21N,Airbus,Airbus A321neo,FW,,,unknown,sch-oper.pdf,2026-08-31,2024-06-10
VT-IBU,8015C9,IndiGo,Interglobe Aviation Ltd.,scheduled,S-19,2027-08-02,A321-252NX,A21N,Airbus,Airbus A321neo,FW,,,unknown,sch-oper.pdf,2026-08-31,2024-06-10
VT-IBV,8015D3,IndiGo,Interglobe Aviation Ltd.,scheduled,S-19,2027-08-02,A321-252NX,A21N,Airbus,Airbus A321neo,FW,,,unknown,sch-oper.pdf,2026-08-31,2024-06-10
VT-IBW,8015E6,IndiGo,Interglobe Aviation Ltd.,scheduled,S-19,2027-08-02,A321-252NX,A21N,Airbus,Airbus A321neo,FW,,,unknown,sch-oper.pdf,2026-08-31,2024-06-10
VT-IBX,8015DB,IndiGo,Interglobe Aviation Ltd.,scheduled,S-19,2027-08-02,A321-252NX,A21N,Airbus,Airbus A321neo,FW,,,unknown,sch-oper.pdf,2026-08-31,2024-06-10
VT-IBY,8015E5,IndiGo,Interglobe Aviation Ltd.,scheduled,S-19,2027-08-02,A321-252NX,A21N,Airbus,Airbus A321neo,FW,,,unknown,sch-oper.pdf,2026-08-31,2024-06-10
VT-IBZ,8015E7,IndiGo,Interglobe Aviation Ltd.,scheduled,S-19,2027-08-02,A321-252NX,A21N,Airbus,Airbus A321neo,FW,,,unknown,sch-oper.pdf,2026-08-31,2024-06-10
VT-ICB,8016DB,IndiGo,Interglobe Aviation Ltd.,scheduled,S-19,2027-08-02,A321-252NX,A21N,Airbus,Airbus A321neo,FW,,,unknown,sch-oper.pdf,2026-08-31,2026-08-31
VT-ICC,8016DF,IndiGo,Interglobe Aviation Ltd.,scheduled,S-19,2027-08-02,A321-252NX,A21N,Airbus,Airbus A321neo,FW,,,unknown,sch-oper.pdf,2026-08-31,2026-08-31
VT-ICD,80171B,IndiGo,Interglobe Aviation Ltd.,scheduled,S-19,2027-08-02,A321-252NX,A21N,Airbus,Airbus A321neo,FW,,,unknown,sch-oper.pdf,2026-08-31,2026-08-31
VT-ICF,80172C,IndiGo,Interglobe Aviation Ltd.,scheduled,S-19,2027-08-02,A321-252NX,A21N,Airbus,Airbus A321neo,FW,,,unknown,sch-oper.pdf,2026-08-31,2026-08-31
VT-ICG,801741,IndiGo,Interglobe Aviation Ltd.,scheduled,S-19,2027-08-02,A321-252NX,A21N,Airbus,Airbus A321neo,FW,,,unknown,sch-oper.pdf,2026-08-31,2026-08-31
VT-ICI,80172E,IndiGo,Interglobe Aviation Ltd.,scheduled,S-19,2027-08-02,A321-252NX,A21N,Airbus,Airbus A321neo,FW,,,unknown,sch-oper.pdf,2026-08-31,2026-08-31
VT-ICK,80173C,IndiGo,Interglobe Aviation Ltd.,scheduled,S-19,2027-08-02,A321-252NX,A21N,Airbus,Airbus A321neo,FW,,,unknown,sch-oper.pdf,2026-08-31,2026-08-31
VT-ICL,801738,IndiGo,Interglobe Aviation Ltd.,scheduled,S-19,2027-08-02,A321-252NX,A21N,Airbus,Airbus A321neo,FW,,,unknown,sch-oper.pdf,2026-08-31,2026-08-31
VT-ICM,80173E,IndiGo,Interglobe Aviation Ltd.,scheduled,S-19,2027-08-02,A321-252NX,A21N,Airbus,Airbus A321neo,FW,,,unknown,sch-oper.pdf,2026-08-31,2026-08-31
VT-ICN,801608,IndiGo,Interglobe Aviation Ltd.,scheduled,S-19,2027-08-02,A321-252NX,A21N,Airbus,Airbus A321neo,FW,,,unknown,sch-oper.pdf,2026-08-31,2024-06-10
VT-ICO,80160F,IndiGo,Interglobe Aviation Ltd.,scheduled,S-19,2027-08-02,A321-252NX,A21N,Airbus,Airbus A321neo,FW,,,unknown,sch-oper.pdf,2026-08-31,2024-06-10
VT-ICP,80169D,IndiGo,Interglobe Aviation Ltd.,scheduled,S-19,2027-08-02,A321-252NX,A21N,Airbus,Airbus A321neo,FW,,,unknown,sch-oper.pdf,2026-08-31,2024-06-10
VT-ICQ,8016A4,IndiGo,Interglobe Aviation Ltd.,scheduled,S-19,2027-08-02,A321-252NX,A21N,Airbus,Airbus A321neo,FW,,,unknown,sch-oper.pdf,2026-08-31,2026-08-31
VT-ICR,8016A9,IndiGo,Interglobe Aviation Ltd.,scheduled,S-19,2027-08-02,A321-252NX,A21N,Airbus,Airbus A321neo,FW,,,unknown,sch-oper.pdf,2026-08-31,2026-08-31
VT-ICS,8016B1,IndiGo,Interglobe Aviation Ltd.,scheduled,S-19,2027-08-02,A321-252NX,A21N,Airbus,Airbus A321neo,FW,,,unknown,sch-oper.pdf,2026-08-31,2026-08-31
VT-ICT,8016B7,IndiGo,Interglobe Aviation Ltd.,scheduled,S-19,2027-08-02,A321-252NX,A21N,Airbus,Airbus A321neo,FW,,,unknown,sch-oper.pdf,2026-08-31,2026-08-31
VT-ICV,8016B8,IndiGo,Interglobe Aviation Ltd.,scheduled,S-19,2027-08-02,A321-252NX,A21N,Airbus,Airbus A321neo,FW,,,unknown,sch-oper.pdf,2026-08-31,2026-08-31
VT-ICW,801736,IndiGo,Interglobe Aviation Ltd.,scheduled,S-19,2027-08-02,A321-252NX,A21N,Airbus,Airbus A321neo,FW,,,unknown,sch-oper.pdf,2026-08-31,2026-08-31
VT-ICX,8016BC,IndiGo,Interglobe Aviation Ltd.,scheduled,S-19,2027-08-02,A321-252NX,A21N,Airbus,Airbus A321neo,FW,,,unknown,sch-oper.pdf,2026-08-31,2026-08-31
VT-ICY,801749,IndiGo,Interglobe Aviation Ltd.,scheduled,S-19,2027-08-02,A321-252NX,A21N,Airbus,Airbus A321neo,FW,,,unknown,sch-oper.pdf,2026-08-31,2026-08-31
VT-IFH,800756,IndiGo,Interglobe Aviation Ltd.,scheduled,S-19,2027-08-02,A320-232,A320,Airbus,Airbus A320,FW,180,180,passenger,sch-oper.pdf,2026-08-31,2024-06-10
VT-IFI,8007B0,IndiGo,Interglobe Aviation Ltd.,scheduled,S-19,2027-08-02,A320-232,A320,Airbus,Airbus A320,FW,180,180,passenger,sch-oper.pdf,2026-08-31,2024-06-10
VT-IFK,8007B2,IndiGo,Interglobe Aviation Ltd.,scheduled,S-19,2027-08-02,A320-232,A320,Airbus,Airbus A320,FW,180,180,passenger,sch-oper.pdf,2026-08-31,2024-06-10
VT-IFL,8007B3,IndiGo,Interglobe Aviation Ltd.,scheduled,S-19,2027-08-02,A320-232,A320,Airbus,Airbus A320,FW,180,180,passenger,sch-oper.pdf,2026-08-31,2024-06-10
VT-IFM,8007C9,IndiGo,Interglobe Aviation Ltd.,scheduled,S-19,2027-08-02,A320-232,A320,Airbus,Airbus A320,FW,180,180,passenger,sch-oper.pdf,2026-08-31,2024-06-10
VT-IFN,8007CA,IndiGo,Interglobe Aviation Ltd.,scheduled,S-19,2027-08-02,A320-232,A320,Airbus,Airbus A320,FW,180,180,passenger,sch-oper.pdf,2026-08-31,2024-06-10
VT-IFP,8007CC,IndiGo,Interglobe Aviation Ltd.,scheduled,S-19,2027-08-02,A320-232,A320,Airbus,Airbus A320,FW,180,180,passenger,sch-oper.pdf,2026-08-31,2024-06-10
VT-IFQ,8007CD,IndiGo,Interglobe Aviation Ltd.,scheduled,S-19,2027-08-02,A320-232,A320,Airbus,Airbus A320,FW,180,180,passenger,sch-oper.pdf,2026-08-31,2024-06-10
VT-IFR,8007CE,IndiGo,Interglobe Aviation Ltd.,scheduled,S-19,2027-08-02,A320-232,A320,Airbus,Airbus A320,FW,180,180,passenger,sch-oper.pdf,2026-08-31,2024-06-10
VT-IFS,8007CF,IndiGo,Interglobe Aviation Ltd.,scheduled,S-19,2027-08-02,A320-232,A320,Airbus,Airbus A320,FW,180,180,passenger,sch-oper.pdf,2026-08-31,2024-06-10
VT-IFV,8007DF,IndiGo,Interglobe Aviation Ltd.,scheduled,S-19,2027-08-02,A320-232,A320,Airbus,Airbus A320,FW,180,180,passenger,sch-oper.pdf,2026-08-31,2024-06-10
VT-IFZ,800AF1,IndiGo,Interglobe Aviation Ltd.,scheduled,S-19,2027-08-02,A320-232,A320,Airbus,Airbus A320,FW,180,180,passenger,sch-oper.pdf,2026-08-31,2024-06-10
VT-IIA,801455,IndiGo,Interglobe Aviation Ltd.,scheduled,S-19,2027-08-02,A320-251N,A20N,Airbus,Airbus A320neo,FW,186,186,passenger,sch-oper.pdf,2026-08-31,2024-06-10
VT-IIB,80145C,IndiGo,Interglobe Aviation Ltd.,scheduled,S-19,2027-08-02,A320-251N,A20N,Airbus,Airbus A320neo,FW,186,186,passenger,sch-oper.pdf,2026-08-31,2024-06-10
VT-IIC,800B50,IIC Technologies,IIC Technologies Limited,non-scheduled,#06/2015,2029-07-09,CESSNA CARAVAN 208B,C208,Cessna,Cessna 208 Grand Caravan,FW,9,9,passenger,ns-oper.pdf,2026-08-31,2026-08-31
VT-IID,80145D,IndiGo,Interglobe Aviation Ltd.,scheduled,S-19,2027-08-02,A320-251N,A20N,Airbus,Airbus A320neo,FW,186,186,passenger,sch-oper.pdf,2026-08-31,2024-06-10
VT-IIE,80145E,IndiGo,Interglobe Aviation Ltd.,scheduled,S-19,2027-08-02,A320-251N,A20N,Airbus,Airbus A320neo,FW,186,186,passenger,sch-oper.pdf,2026-08-31,2024-06-10
VT-IIF,801470,IndiGo,Interglobe Aviation Ltd.,scheduled,S-19,2027-08-02,A320-251N,A20N,Airbus,Airbus A320neo,FW,186,186,passenger,sch-oper.pdf,2026-08-31,2024-06-10
VT-IIG,80145F,IndiGo,Interglobe Aviation Ltd.,scheduled,S-19,2027-08-02,A320-251N,A20N,Airbus,Airbus A320neo,FW,186,186,passenger,sch-oper.pdf,2026-08-31,2024-06-10
VT-IIH,80148F,IndiGo,Interglobe Aviation Ltd.,scheduled,S-19,2027-08-02,A320-251N,A20N,Airbus,Airbus A320neo,FW,186,186,passenger,sch-oper.pdf,2026-08-31,2024-06-10
VT-IIJ,80148E,IndiGo,Interglobe Aviation Ltd.,scheduled,S-19,2027-08-02,A320-251N,A20N,Airbus,Airbus A320neo,FW,186,186,passenger,sch-oper.pdf,2026-08-31,2024-06-10
VT-IIK,80149A,IndiGo,Interglobe Aviation Ltd.,scheduled,S-19,2027-08-02,A320-251N,A20N,Airbus,Airbus A320neo,FW,186,186,passenger,sch-oper.pdf,2026-08-31,2024-06-10
VT-IIL,80149C,IndiGo,Interglobe Aviation Ltd.,scheduled,S-19,2027-08-02,A320-251N,A20N,Airbus,Airbus A320neo,FW,186,186,passenger,sch-oper.pdf,2026-08-31,2024-06-10
VT-IIM,801499,IndiGo,Interglobe Aviation Ltd.,scheduled,S-19,2027-08-02,A320-251N,A20N,Airbus,Airbus A320neo,FW,186,186,passenger,sch-oper.pdf,2026-08-31,2024-06-10
VT-IIN,8014B0,IndiGo,Interglobe Aviation Ltd.,scheduled,S-19,2027-08-02,A320-251N,A20N,Airbus,Airbus A320neo,FW,186,186,passenger,sch-oper.pdf,2026-08-31,2024-06-10
VT-IIO,8014AF,IndiGo,Interglobe Aviation Ltd.,scheduled,S-19,2027-08-02,A320-251N,A20N,Airbus,Airbus A320neo,FW,186,186,passenger,sch-oper.pdf,2026-08-31,2024-06-10
VT-IIP,8014B2,IndiGo,Interglobe Aviation Ltd.,scheduled,S-19,2027-08-02,A320-251N,A20N,Airbus,Airbus A320neo,FW,186,186,passenger,sch-oper.pdf,2026-08-31,2024-06-10
VT-IIQ,8014BD,IndiGo,Interglobe Aviation Ltd.,scheduled,S-19,2027-08-02,A320-251N,A20N,Airbus,Airbus A320neo,FW,186,186,passenger,sch-oper.pdf,2026-08-31,2024-06-10
VT-IIR,8014BC,IndiGo,Interglobe Aviation Ltd.,scheduled,S-19,2027-08-02,A320-251N,A20N,Airbus,Airbus A320neo,FW,186,186,passenger,sch-oper.pdf,2026-08-31,2024-06-10
VT-IIS,8014C0,IndiGo,Interglobe Aviation Ltd.,scheduled,S-19,2027-08-02,A320-251N,A20N,Airbus,Airbus A320neo,FW,186,186,passenger,sch-oper.pdf,2026-08-31,2024-06-10
VT-IIU,8014D3,IndiGo,Interglobe Aviation Ltd.,scheduled,S-19,2027-08-02,A320-251N,A20N,Airbus,Airbus A320neo,FW,186,186,passenger,sch-oper.pdf,2026-08-31,2024-06-10
VT-IIV,8014D6,IndiGo,Interglobe Aviation Ltd.,scheduled,S-19,2027-08-02,A320-251N,A20N,Airbus,Airbus A320neo,FW,186,186,passenger,sch-oper.pdf,2026-08-31,2024-06-10
VT-IIW,8014DC,IndiGo,Interglobe Aviation Ltd.,scheduled,S-19,2027-08-02,A320-251N,A20N,Airbus,Airbus A320neo,FW,186,186,passenger,sch-oper.pdf,2026-08-31,2024-06-10
VT-IIX,801506,IndiGo,Interglobe Aviation Ltd.,scheduled,S-19,2027-08-02,A320-251N,A20N,Airbus,Airbus A320neo,FW,186,186,passenger,sch-oper.pdf,2026-08-31,2024-06-10
VT-IIY,8014F7,IndiGo,Interglobe Aviation Ltd.,scheduled,S-19,2027-08-02,A320-251N,A20N,Airbus,Airbus A320neo,FW,186,186,passenger,sch-oper.pdf,2026-08-31,2024-06-10
VT-IIZ,8014FA,IndiGo,Interglobe Aviation Ltd.,scheduled,S-19,2027-08-02,A320-251N,A20N,Airbus,Airbus A320neo,FW,186,186,passenger,sch-oper.pdf,2026-08-31,2024-06-10
VT-IJI,800DAA,IndiGo,Interglobe Aviation Ltd.,scheduled,S-19,2027-08-02,A320-271N,A20N,Airbus,Airbus A320neo,FW,186,186,passenger,sch-oper.pdf,2026-08-31,2024-06-10
VT-IJN,8013D3,IndiGo,Interglobe Aviation Ltd.,scheduled,S-19,2027-08-02,A320-271N,A20N,Airbus,Airbus A320neo,FW,186,186,passenger,sch-oper.pdf,2026-08-31,2024-06-10
VT-IJQ,8013DA,IndiGo,Interglobe Aviation Ltd.,scheduled,S-19,2027-08-02,A320-271N,A20N,Airbus,Airbus A320neo,FW,186,186,passenger,sch-oper.pdf,2026-08-31,2024-06-10
VT-IJS,,Bativala M Bhagvati Flying Charters,Bativala M Bhagvati Flying Charters LLP,non-scheduled,#05/2023,2028-05-31,CESSNA R172K,,Other,CESSNA R172K,FW,3,3,passenger,ns-oper.pdf,2026-08-31,2026-08-31
VT-IJT,80139D,IndiGo,Interglobe Aviation Ltd.,scheduled,S-19,2027-08-02,A320-271N,A20N,Airbus,Airbus A320neo,FW,186,186,passenger,sch-oper.pdf,2026-08-31,2024-06-10
VT-IJV,8013B5,IndiGo,Interglobe Aviation Ltd.,scheduled,S-19,2027-08-02,A320-271N,A20N,Airbus,Airbus A320neo,FW,186,186,passenger,sch-oper.pdf,2026-08-31,2024-06-10
VT-IJX,8013C8,IndiGo,Interglobe Aviation Ltd.,scheduled,S-19,2027-08-02,A320-271N,A20N,Airbus,Airbus A320neo,FW,186,186,passenger,sch-oper.pdf,2026-08-31,2024-06-10
VT-IJY,8013C9,IndiGo,Interglobe Aviation Ltd.,scheduled,S-19,2027-08-02,A320-271N,A20N,Airbus,Airbus A320neo,FW,186,186,passenger,sch-oper.pdf,2026-08-31,2024-06-10
VT-IJZ,8013DC,IndiGo,Interglobe Aviation Ltd.,scheduled,S-19,2027-08-02,A320-271N,A20N,Airbus,Airbus A320neo,FW,186,186,passenger,sch-oper.pdf,2026-08-31,2024-06-10
VT-IKK,8015B8,IndiGo,Interglobe Aviation Ltd.,scheduled,S-19,2027-08-02,A320-232,A320,Airbus,Airbus A320,FW,180,180,passenger,sch-oper.pdf,2026-08-31,2024-06-10
VT-IKP,8016D3,IndiGo,Interglobe Aviation Ltd.,scheduled,S-19,2027-08-02,A320-214,A320,Airbus,Airbus A320,FW,180,180,passenger,sch-oper.pdf,2026-08-31,2026-08-31
VT-IKQ,801723,IndiGo,Interglobe Aviation Ltd.,scheduled,S-19,2027-08-02,A320-214,A320,Airbus,Airbus A320,FW,180,180,passenger,sch-oper.pdf,2026-08-31,2026-08-31
VT-IKR,,Air Charters Services,Air Charters Services Pvt. Ltd.,non-scheduled,#15/2008,2029-05-14,AGUSTA A109S,A109,Leonardo,Leonardo AW109,RW,6,6,passenger,ns-oper.pdf,2026-08-31,2026-08-31
VT-IKS,801725,IndiGo,Interglobe Aviation Ltd.,scheduled,S-19,2027-08-02,A320-214,A320,Airbus,Airbus A320,FW,180,180,passenger,sch-oper.pdf,2026-08-31,2026-08-31
VT-IKT,801824,IndiGo,Interglobe Aviation Ltd.,scheduled,S-19,2027-08-02,A321-252NX,A21N,Airbus,Airbus A321neo,FW,,,unknown,sch-oper.pdf,2026-08-31,2026-08-31
VT-IKU,80182A,IndiGo,Interglobe Aviation Ltd.,scheduled,S-19,2027-08-02,A321-252NX,A21N,Airbus,Airbus A321neo,FW,,,unknown,sch-oper.pdf,2026-08-31,2026-08-31
VT-IKW,8014CF,IndiGo,Interglobe Aviation Ltd.,scheduled,S-19,2027-08-02,A321-211 (Freighter),A321,Airbus,Airbus A321,FW,,Cargo,cargo,sch-oper.pdf,2026-08-31,2024-06-10
VT-IKX,8014F4,IndiGo,Interglobe Aviation Ltd.,scheduled,S-19,2027-08-02,A321-211 (Freighter),A321,Airbus,Airbus A321,FW,,Cargo,cargo,sch-oper.pdf,2026-08-31,2024-06-10
VT-IKY,801611,IndiGo,Interglobe Aviation Ltd.,scheduled,S-19,2027-08-02,A321-211 (Freighter),A321,Airbus,Airbus A321,FW,,Cargo,cargo,sch-oper.pdf,2026-08-31,2024-06-10
VT-ILB,801404,IndiGo,Interglobe Aviation Ltd.,scheduled,S-19,2027-08-02,A321-252NX,A21N,Airbus,Airbus A321neo,FW,,,unknown,sch-oper.pdf,2026-08-31,2024-06-10
VT-ILC,801405,IndiGo,Interglobe Aviation Ltd.,scheduled,S-19,2027-08-02,A321-252NX,A21N,Airbus,Airbus A321neo,FW,,,unknown,sch-oper.pdf,2026-08-31,2024-06-10
VT-ILD,80140B,IndiGo,Interglobe Aviation Ltd.,scheduled,S-19,2027-08-02,A321-252NX,A21N,Airbus,Airbus A321neo,FW,,,unknown,sch-oper.pdf,2026-08-31,2024-06-10
VT-ILE,80142B,IndiGo,Interglobe Aviation Ltd.,scheduled,S-19,2027-08-02,A321-252NX,A21N,Airbus,Airbus A321neo,FW,,,unknown,sch-oper.pdf,2026-08-31,2024-06-10
VT-ILF,80140C,IndiGo,Interglobe Aviation Ltd.,scheduled,S-19,2027-08-02,A321-252NX,A21N,Airbus,Airbus A321neo,FW,,,unknown,sch-oper.pdf,2026-08-31,2024-06-10
VT-ILG,801422,IndiGo,Interglobe Aviation Ltd.,scheduled,S-19,2027-08-02,A321-252NX,A21N,Airbus,Airbus A321neo,FW,,,unknown,sch-oper.pdf,2026-08-31,2024-06-10
VT-ILH,80141F,IndiGo,Interglobe Aviation Ltd.,scheduled,S-19,2027-08-02,A321-252NX,A21N,Airbus,Airbus A321neo,FW,,,unknown,sch-oper.pdf,2026-08-31,2024-06-10
VT-ILI,801421,IndiGo,Interglobe Aviation Ltd.,scheduled,S-19,2027-08-02,A321-252NX,A21N,Airbus,Airbus A321neo,FW,,,unknown,sch-oper.pdf,2026-08-31,2024-06-10
VT-ILJ,801411,IndiGo,Interglobe Aviation Ltd.,scheduled,S-19,2027-08-02,A321-252NX,A21N,Airbus,Airbus A321neo,FW,,,unknown,sch-oper.pdf,2026-08-31,2024-06-10
VT-ILL,80142A,IndiGo,Interglobe Aviation Ltd.,scheduled,S-19,2027-08-02,A321-252NX,A21N,Airbus,Airbus A321neo,FW,,,unknown,sch-oper.pdf,2026-08-31,2024-06-10
VT-ILM,801410,IndiGo,Interglobe Aviation Ltd.,scheduled,S-19,2027-08-02,A321-252NX,A21N,Airbus,Airbus A321neo,FW,,,unknown,sch-oper.pdf,2026-08-31,2024-06-10
VT-ILN,80141C,IndiGo,Interglobe Aviation Ltd.,scheduled,S-19,2027-08-02,A321-252NX,A21N,Airbus,Airbus A321neo,FW,,,unknown,sch-oper.pdf,2026-08-31,2024-06-10
VT-ILO,801427,IndiGo,Interglobe Aviation Ltd.,scheduled,S-19,2027-08-02,A321-252NX,A21N,Airbus,Airbus A321neo,FW,,,unknown,sch-oper.pdf,2026-08-31,2024-06-10
VT-ILP,801442,IndiGo,Interglobe Aviation Ltd.,scheduled,S-19,2027-08-02,A321-252NX,A21N,Airbus,Airbus A321neo,FW,,,unknown,sch-oper.pdf,2026-08-31,2024-06-10
VT-ILQ,801428,IndiGo,Interglobe Aviation Ltd.,scheduled,S-19,2027-08-02,A321-252NX,A21N,Airbus,Airbus A321neo,FW,,,unknown,sch-oper.pdf,2026-08-31,2024-06-10
VT-ILR,801445,IndiGo,Interglobe Aviation Ltd.,scheduled,S-19,2027-08-02,A321-252NX,A21N,Airbus,Airbus A321neo,FW,,,unknown,sch-oper.pdf,2026-08-31,2024-06-10
VT-ILS,80145B,IndiGo,Interglobe Aviation Ltd.,scheduled,S-19,2027-08-02,A321-252NX,A21N,Airbus,Airbus A321neo,FW,,,unknown,sch-oper.pdf,2026-08-31,2024-06-10
VT-ILT,801461,IndiGo,Interglobe Aviation Ltd.,scheduled,S-19,2027-08-02,A321-252NX,A21N,Airbus,Airbus A321neo,FW,,,unknown,sch-oper.pdf,2026-08-31,2024-06-10
VT-ILU,80146F,IndiGo,Interglobe Aviation Ltd.,scheduled,S-19,2027-08-02,A321-252NX,A21N,Airbus,Airbus A321neo,FW,,,unknown,sch-oper.pdf,2026-08-31,2024-06-10
VT-ILV,801492,IndiGo,Interglobe Aviation Ltd.,scheduled,S-19,2027-08-02,A321-252NX,A21N,Airbus,Airbus A321neo,FW,,,unknown,sch-oper.pdf,2026-08-31,2024-06-10
VT-ILW,80149B,IndiGo,Interglobe Aviation Ltd.,scheduled,S-19,2027-08-02,A321-252NX,A21N,Airbus,Airbus A321neo,FW,,,unknown,sch-oper.pdf,2026-08-31,2024-06-10
VT-ILX,80149E,IndiGo,Interglobe Aviation Ltd.,scheduled,S-19,2027-08-02,A321-252NX,A21N,Airbus,Airbus A321neo,FW,,,unknown,sch-oper.pdf,2026-08-31,2024-06-10
VT-ILY,80148D,IndiGo,Interglobe Aviation Ltd.,scheduled,S-19,2027-08-02,A321-252NX,A21N,Airbus,Airbus A321neo,FW,,,unknown,sch-oper.pdf,2026-08-31,2024-06-10
VT-ILZ,8014A4,IndiGo,Interglobe Aviation Ltd.,scheduled,S-19,2027-08-02,A321-252NX,A21N,Airbus,Airbus A321neo,FW,,,unknown,sch-oper.pdf,2026-08-31,2024-06-10
VT-IMB,8014A3,IndiGo,Interglobe Aviation Ltd.,scheduled,S-19,2027-08-02,A321-252NX,A21N,Airbus,Airbus A321neo,FW,,,unknown,sch-oper.pdf,2026-08-31,2024-06-10
VT-IMC,8014AD,IndiGo,Interglobe Aviation Ltd.,scheduled,S-19,2027-08-02,A321-252NX,A21N,Airbus,Airbus A321neo,FW,,,unknown,sch-oper.pdf,2026-08-31,2024-06-10
VT-IMD,8014B4,IndiGo,Interglobe Aviation Ltd.,scheduled,S-19,2027-08-02,A321-252NX,A21N,Airbus,Airbus A321neo,FW,,,unknown,sch-oper.pdf,2026-08-31,2024-06-10
VT-IME,8014B3,IndiGo,Interglobe Aviation Ltd.,scheduled,S-19,2027-08-02,A321-252NX,A21N,Airbus,Airbus A321neo,FW,,,unknown,sch-oper.pdf,2026-08-31,2024-06-10
VT-IMG,8014C1,IndiGo,Interglobe Aviation Ltd.,scheduled,S-19,2027-08-02,A321-252NX,A21N,Airbus,Airbus A321neo,FW,,,unknown,sch-oper.pdf,2026-08-31,2024-06-10
VT-IMH,8014BB,IndiGo,Interglobe Aviation Ltd.,scheduled,S-19,2027-08-02,A321-252NX,A21N,Airbus,Airbus A321neo,FW,,,unknown,sch-oper.pdf,2026-08-31,2024-06-10
VT-IMI,8014C8,IndiGo,Interglobe Aviation Ltd.,scheduled,S-19,2027-08-02,A321-252NX,A21N,Airbus,Airbus A321neo,FW,,,unknown,sch-oper.pdf,2026-08-31,2024-06-10
VT-IMJ,8014D8,IndiGo,Interglobe Aviation Ltd.,scheduled,S-19,2027-08-02,A321-252NX,A21N,Airbus,Airbus A321neo,FW,,,unknown,sch-oper.pdf,2026-08-31,2024-06-10
VT-IMK,8014D9,IndiGo,Interglobe Aviation Ltd.,scheduled,S-19,2027-08-02,A321-252NX,A21N,Airbus,Airbus A321neo,FW,,,unknown,sch-oper.pdf,2026-08-31,2024-06-10
VT-IML,8014CE,IndiGo,Interglobe Aviation Ltd.,scheduled,S-19,2027-08-02,A321-252NX,A21N,Airbus,Airbus A321neo,FW,,,unknown,sch-oper.pdf,2026-08-31,2024-06-10
VT-IMM,8014DE,IndiGo,Interglobe Aviation Ltd.,scheduled,S-19,2027-08-02,A321-252NX,A21N,Airbus,Airbus A321neo,FW,,,unknown,sch-oper.pdf,2026-08-31,2024-06-10
VT-IMN,8014E4,IndiGo,Interglobe Aviation Ltd.,scheduled,S-19,2027-08-02,A321-252NX,A21N,Airbus,Airbus A321neo,FW,,,unknown,sch-oper.pdf,2026-08-31,2024-06-10
VT-IMQ,8014E5,IndiGo,Interglobe Aviation Ltd.,scheduled,S-19,2027-08-02,A321-252NX,A21N,Airbus,Airbus A321neo,FW,,,unknown,sch-oper.pdf,2026-08-31,2024-06-10
VT-IMR,8014DF,IndiGo,Interglobe Aviation Ltd.,scheduled,S-19,2027-08-02,A321-252NX,A21N,Airbus,Airbus A321neo,FW,,,unknown,sch-oper.pdf,2026-08-31,2024-06-10
VT-IMS,8014E8,IndiGo,Interglobe Aviation Ltd.,scheduled,S-19,2027-08-02,A321-252NX,A21N,Airbus,Airbus A321neo,FW,,,unknown,sch-oper.pdf,2026-08-31,2024-06-10
VT-IMU,801502,IndiGo,Interglobe Aviation Ltd.,scheduled,S-19,2027-08-02,A321-252NX,A21N,Airbus,Airbus A321neo,FW,,,unknown,sch-oper.pdf,2026-08-31,2024-06-10
VT-IMV,801523,IndiGo,Interglobe Aviation Ltd.,scheduled,S-19,2027-08-02,A321-252NX,A21N,Airbus,Airbus A321neo,FW,,,unknown,sch-oper.pdf,2026-08-31,2024-06-10
VT-IMW,801531,IndiGo,Interglobe Aviation Ltd.,scheduled,S-19,2027-08-02,A321-252NX,A21N,Airbus,Airbus A321neo,FW,,,unknown,sch-oper.pdf,2026-08-31,2024-06-10
VT-IMX,801554,IndiGo,Interglobe Aviation Ltd.,scheduled,S-19,2027-08-02,A321-252NX,A21N,Airbus,Airbus A321neo,FW,,,unknown,sch-oper.pdf,2026-08-31,2024-06-10
VT-IMY,80152C,IndiGo,Interglobe Aviation Ltd.,scheduled,S-19,2027-08-02,A321-252NX,A21N,Airbus,Airbus A321neo,FW,,,unknown,sch-oper.pdf,2026-08-31,2024-06-10
VT-IMZ,801532,IndiGo,Interglobe Aviation Ltd.,scheduled,S-19,2027-08-02,A321-252NX,A21N,Airbus,Airbus A321neo,FW,,,unknown,sch-oper.pdf,2026-08-31,2024-06-10
VT-IOF,80182D,IndiGo,Interglobe Aviation Ltd.,scheduled,S-19,2027-08-02,A320-251N,A20N,Airbus,Airbus A320neo,FW,186,186,passenger,sch-oper.pdf,2026-08-31,2026-08-31
VT-IOG,80189E,IndiGo,Interglobe Aviation Ltd.,scheduled,S-19,2027-08-02,A320-251N,A20N,Airbus,Airbus A320neo,FW,186,186,passenger,sch-oper.pdf,2026-08-31,2026-08-31
VT-IOH,801839,IndiGo,Interglobe Aviation Ltd.,scheduled,S-19,2027-08-02,A320-251N,A20N,Airbus,Airbus A320neo,FW,186,186,passenger,sch-oper.pdf,2026-08-31,2026-08-31
VT-IOI,801850,IndiGo,Interglobe Aviation Ltd.,scheduled,S-19,2027-08-02,A320-251N,A20N,Airbus,Airbus A320neo,FW,186,186,passenger,sch-oper.pdf,2026-08-31,2026-08-31
VT-IOJ,80187C,IndiGo,Interglobe Aviation Ltd.,scheduled,S-19,2027-08-02,A320-251N,A20N,Airbus,Airbus A320neo,FW,186,186,passenger,sch-oper.pdf,2026-08-31,2026-08-31
VT-IOK,801862,IndiGo,Interglobe Aviation Ltd.,scheduled,S-19,2027-08-02,A320-251N,A20N,Airbus,Airbus A320neo,FW,186,186,passenger,sch-oper.pdf,2026-08-31,2026-08-31
VT-IOL,801883,IndiGo,Interglobe Aviation Ltd.,scheduled,S-19,2027-08-02,A320-251N,A20N,Airbus,Airbus A320neo,FW,186,186,passenger,sch-oper.pdf,2026-08-31,2026-08-31
VT-IOM,8018B2,IndiGo,Interglobe Aviation Ltd.,scheduled,S-19,2027-08-02,A320-251N,A20N,Airbus,Airbus A320neo,FW,186,186,passenger,sch-oper.pdf,2026-08-31,2026-08-31
VT-ION,8018B7,IndiGo,Interglobe Aviation Ltd.,scheduled,S-19,2027-08-02,A320-251N,A20N,Airbus,Airbus A320neo,FW,186,186,passenger,sch-oper.pdf,2026-08-31,2026-08-31
VT-IOO,8004C7,Ventura Airconnect,Ventura Airconnect Ltd.,non-scheduled,#08/2011,2028-06-08,PC-12/45,PC12,Pilatus,Pilatus PC-12,FW,8,8,passenger,ns-oper.pdf,2026-08-31,2026-08-31
VT-IOQ,80190C,IndiGo,Interglobe Aviation Ltd.,scheduled,S-19,2027-08-02,A320-251N,A20N,Airbus,Airbus A320neo,FW,186,186,passenger,sch-oper.pdf,2026-08-31,2026-08-31
VT-IOR,801907,IndiGo,Interglobe Aviation Ltd.,scheduled,S-19,2027-08-02,A320-251N,A20N,Airbus,Airbus A320neo,FW,186,186,passenger,sch-oper.pdf,2026-08-31,2026-08-31
VT-IOT,80190B,IndiGo,Interglobe Aviation Ltd.,scheduled,S-19,2027-08-02,A320-251N,A20N,Airbus,Airbus A320neo,FW,186,186,passenger,sch-oper.pdf,2026-08-31,2026-08-31
VT-IOU,801913,IndiGo,Interglobe Aviation Ltd.,scheduled,S-19,2027-08-02,A320-251N,A20N,Airbus,Airbus A320neo,FW,186,186,passenger,sch-oper.pdf,2026-08-31,2026-08-31
VT-IPA,80036B,Redbird Airways,Redbird Airways Pvt. Ltd.,non-scheduled,#01/2020,2030-08-12,Cessna Citation III (650),C650,Cessna,Cessna Citation,FW,8,8,passenger,ns-oper.pdf,2026-08-31,2026-08-31
VT-IPC,801503,IndiGo,Interglobe Aviation Ltd.,scheduled,S-19,2027-08-02,A320-251N,A20N,Airbus,Airbus A320neo,FW,186,186,passenger,sch-oper.pdf,2026-08-31,2024-06-10
VT-IPD,801527,IndiGo,Interglobe Aviation Ltd.,scheduled,S-19,2027-08-02,A320-251N,A20N,Airbus,Airbus A320neo,FW,186,186,passenger,sch-oper.pdf,2026-08-31,2024-06-10
VT-IPE,80152D,IndiGo,Interglobe Aviation Ltd.,scheduled,S-19,2027-08-02,A320-251N,A20N,Airbus,Airbus A320neo,FW,186,186,passenger,sch-oper.pdf,2026-08-31,2024-06-10
VT-IPF,80152F,IndiGo,Interglobe Aviation Ltd.,scheduled,S-19,2027-08-02,A320-251N,A20N,Airbus,Airbus A320neo,FW,186,186,passenger,sch-oper.pdf,2026-08-31,2024-06-10
VT-IPG,80152E,IndiGo,Interglobe Aviation Ltd.,scheduled,S-19,2027-08-02,A320-251N,A20N,Airbus,Airbus A320neo,FW,186,186,passenger,sch-oper.pdf,2026-08-31,2024-06-10
VT-IPH,801536,IndiGo,Interglobe Aviation Ltd.,scheduled,S-19,2027-08-02,A320-251N,A20N,Airbus,Airbus A320neo,FW,186,186,passenger,sch-oper.pdf,2026-08-31,2024-06-10
VT-IPI,801540,IndiGo,Interglobe Aviation Ltd.,scheduled,S-19,2027-08-02,A320-251N,A20N,Airbus,Airbus A320neo,FW,186,186,passenger,sch-oper.pdf,2026-08-31,2024-06-10
VT-IPJ,801562,IndiGo,Interglobe Aviation Ltd.,scheduled,S-19,2027-08-02,A320-251N,A20N,Airbus,Airbus A320neo,FW,186,186,passenger,sch-oper.pdf,2026-08-31,2024-06-10
VT-IPK,80155A,IndiGo,Interglobe Aviation Ltd.,scheduled,S-19,2027-08-02,A320-251N,A20N,Airbus,Airbus A320neo,FW,186,186,passenger,sch-oper.pdf,2026-08-31,2024-06-10
VT-IPL,801569,IndiGo,Interglobe Aviation Ltd.,scheduled,S-19,2027-08-02,A320-251N,A20N,Airbus,Airbus A320neo,FW,186,186,passenger,sch-oper.pdf,2026-08-31,2024-06-10
VT-IPM,801560,IndiGo,Interglobe Aviation Ltd.,scheduled,S-19,2027-08-02,A320-251N,A20N,Airbus,Airbus A320neo,FW,186,186,passenger,sch-oper.pdf,2026-08-31,2024-06-10
VT-IPN,80156D,IndiGo,Interglobe Aviation Ltd.,scheduled,S-19,2027-08-02,A320-251N,A20N,Airbus,Airbus A320neo,FW,186,186,passenger,sch-oper.pdf,2026-08-31,2024-06-10
VT-IPO,80156C,IndiGo,Interglobe Aviation Ltd.,scheduled,S-19,2027-08-02,A320-251N,A20N,Airbus,Airbus A320neo,FW,186,186,passenger,sch-oper.pdf,2026-08-31,2024-06-10
VT-IPP,801581,IndiGo,Interglobe Aviation Ltd.,scheduled,S-19,2027-08-02,A320-251N,A20N,Airbus,Airbus A320neo,FW,186,186,passenger,sch-oper.pdf,2026-08-31,2024-06-10
VT-IPQ,801596,IndiGo,Interglobe Aviation Ltd.,scheduled,S-19,2027-08-02,A320-251N,A20N,Airbus,Airbus A320neo,FW,186,186,passenger,sch-oper.pdf,2026-08-31,2024-06-10
VT-IPR,80159A,IndiGo,Interglobe Aviation Ltd.,scheduled,S-19,2027-08-02,A320-251N,A20N,Airbus,Airbus A320neo,FW,186,186,passenger,sch-oper.pdf,2026-08-31,2024-06-10
VT-IPS,8015A4,IndiGo,Interglobe Aviation Ltd.,scheduled,S-19,2027-08-02,A320-251N,A20N,Airbus,Airbus A320neo,FW,186,186,passenger,sch-oper.pdf,2026-08-31,2024-06-10
VT-IPT,8015C0,IndiGo,Interglobe Aviation Ltd.,scheduled,S-19,2027-08-02,A320-251N,A20N,Airbus,Airbus A320neo,FW,186,186,passenger,sch-oper.pdf,2026-08-31,2024-06-10
VT-IPU,8015FC,IndiGo,Interglobe Aviation Ltd.,scheduled,S-19,2027-08-02,A320-251N,A20N,Airbus,Airbus A320neo,FW,186,186,passenger,sch-oper.pdf,2026-08-31,2024-06-10
VT-IPV,8015CA,IndiGo,Interglobe Aviation Ltd.,scheduled,S-19,2027-08-02,A320-251N,A20N,Airbus,Airbus A320neo,FW,186,186,passenger,sch-oper.pdf,2026-08-31,2024-06-10
VT-IPW,8015CE,IndiGo,Interglobe Aviation Ltd.,scheduled,S-19,2027-08-02,A320-251N,A20N,Airbus,Airbus A320neo,FW,186,186,passenger,sch-oper.pdf,2026-08-31,2024-06-10
VT-IPX,8015D8,IndiGo,Interglobe Aviation Ltd.,scheduled,S-19,2027-08-02,A320-251N,A20N,Airbus,Airbus A320neo,FW,186,186,passenger,sch-oper.pdf,2026-08-31,2024-06-10
VT-IPY,8015DA,IndiGo,Interglobe Aviation Ltd.,scheduled,S-19,2027-08-02,A320-251N,A20N,Airbus,Airbus A320neo,FW,186,186,passenger,sch-oper.pdf,2026-08-31,2024-06-10
VT-IPZ,8015D9,IndiGo,Interglobe Aviation Ltd.,scheduled,S-19,2027-08-02,A320-251N,A20N,Airbus,Airbus A320neo,FW,186,186,passenger,sch-oper.pdf,2026-08-31,2024-06-10
VT-IQA,8015E4,IndiGo,Interglobe Aviation Ltd.,scheduled,S-19,2027-08-02,A320-251N,A20N,Airbus,Airbus A320neo,FW,186,186,passenger,sch-oper.pdf,2026-08-31,2024-06-10
VT-IQB,,Dhillon Aviation,Dhillon Aviation Pvt. Ltd.,non-scheduled,#5/2005,2028-09-07,BELL206 L4,B06,Bell,Bell 206 JetRanger,RW,6,6/Aerial Work,aerial-work,ns-oper.pdf,2026-08-31,2026-08-31
VT-IQC,8015E3,IndiGo,Interglobe Aviation Ltd.,scheduled,S-19,2027-08-02,A320-251N,A20N,Airbus,Airbus A320neo,FW,186,186,passenger,sch-oper.pdf,2026-08-31,2024-06-10
VT-IQD,8015F3,IndiGo,Interglobe Aviation Ltd.,scheduled,S-19,2027-08-02,A320-251N,A20N,Airbus,Airbus A320neo,FW,186,186,passenger,sch-oper.pdf,2026-08-31,2024-06-10
VT-IQE,8015E2,IndiGo,Interglobe Aviation Ltd.,scheduled,S-19,2027-08-02,A320-251N,A20N,Airbus,Airbus A320neo,FW,186,186,passenger,sch-oper.pdf,2026-08-31,2024-06-10
VT-IQF,80160A,IndiGo,Interglobe Aviation Ltd.,scheduled,S-19,2027-08-02,A320-251N,A20N,Airbus,Airbus A320neo,FW,186,186,passenger,sch-oper.pdf,2026-08-31,2024-06-10
VT-IQG,80160B,IndiGo,Interglobe Aviation Ltd.,scheduled,S-19,2027-08-02,A320-251N,A20N,Airbus,Airbus A320neo,FW,186,186,passenger,sch-oper.pdf,2026-08-31,2024-06-10
VT-IQH,80160E,IndiGo,Interglobe Aviation Ltd.,scheduled,S-19,2027-08-02,A320-251N,A20N,Airbus,Airbus A320neo,FW,186,186,passenger,sch-oper.pdf,2026-08-31,2024-06-10
VT-IQI,801616,IndiGo,Interglobe Aviation Ltd.,scheduled,S-19,2027-08-02,A320-251N,A20N,Airbus,Airbus A320neo,FW,186,186,passenger,sch-oper.pdf,2026-08-31,2024-06-10
VT-IQJ,801619,IndiGo,Interglobe Aviation Ltd.,scheduled,S-19,2027-08-02,A320-251N,A20N,Airbus,Airbus A320neo,FW,186,186,passenger,sch-oper.pdf,2026-08-31,2024-06-10
VT-IQK,80161A,IndiGo,Interglobe Aviation Ltd.,scheduled,S-19,2027-08-02,A320-251N,A20N,Airbus,Airbus A320neo,FW,186,186,passenger,sch-oper.pdf,2026-08-31,2024-06-10
VT-IQL,80163C,IndiGo,Interglobe Aviation Ltd.,scheduled,S-19,2027-08-02,A320-251N,A20N,Airbus,Airbus A320neo,FW,186,186,passenger,sch-oper.pdf,2026-08-31,2024-06-10
VT-IQM,801621,IndiGo,Interglobe Aviation Ltd.,scheduled,S-19,2027-08-02,A320-251N,A20N,Airbus,Airbus A320neo,FW,186,186,passenger,sch-oper.pdf,2026-08-31,2024-06-10
VT-IQN,80163D,IndiGo,Interglobe Aviation Ltd.,scheduled,S-19,2027-08-02,A320-251N,A20N,Airbus,Airbus A320neo,FW,186,186,passenger,sch-oper.pdf,2026-08-31,2024-06-10
VT-IQO,801622,IndiGo,Interglobe Aviation Ltd.,scheduled,S-19,2027-08-02,A320-251N,A20N,Airbus,Airbus A320neo,FW,186,186,passenger,sch-oper.pdf,2026-08-31,2024-06-10
VT-IQP,801647,IndiGo,Interglobe Aviation Ltd.,scheduled,S-19,2027-08-02,A320-251N,A20N,Airbus,Airbus A320neo,FW,186,186,passenger,sch-oper.pdf,2026-08-31,2024-06-10
VT-IQS,80164C,IndiGo,Interglobe Aviation Ltd.,scheduled,S-19,2027-08-02,A320-251N,A20N,Airbus,Airbus A320neo,FW,186,186,passenger,sch-oper.pdf,2026-08-31,2024-06-10
VT-IQT,801669,IndiGo,Interglobe Aviation Ltd.,scheduled,S-19,2027-08-02,A320-251N,A20N,Airbus,Airbus A320neo,FW,186,186,passenger,sch-oper.pdf,2026-08-31,2024-06-10
VT-IQU,801663,IndiGo,Interglobe Aviation Ltd.,scheduled,S-19,2027-08-02,A320-251N,A20N,Airbus,Airbus A320neo,FW,186,186,passenger,sch-oper.pdf,2026-08-31,2024-06-10
VT-IQV,801661,IndiGo,Interglobe Aviation Ltd.,scheduled,S-19,2027-08-02,A320-251N,A20N,Airbus,Airbus A320neo,FW,186,186,passenger,sch-oper.pdf,2026-08-31,2024-06-10
VT-IQX,80164B,IndiGo,Interglobe Aviation Ltd.,scheduled,S-19,2027-08-02,A320-251N,A20N,Airbus,Airbus A320neo,FW,186,186,passenger,sch-oper.pdf,2026-08-31,2024-06-10
VT-IQY,801662,IndiGo,Interglobe Aviation Ltd.,scheduled,S-19,2027-08-02,A320-251N,A20N,Airbus,Airbus A320neo,FW,186,186,passenger,sch-oper.pdf,2026-08-31,2024-06-10
VT-IQZ,8016B9,IndiGo,Interglobe Aviation Ltd.,scheduled,S-19,2027-08-02,A320-251N,A20N,Airbus,Airbus A320neo,FW,186,186,passenger,sch-oper.pdf,2026-08-31,2026-08-31
VT-IRA,80146E,IndiGo,Interglobe Aviation Ltd.,scheduled,S-19,2027-08-02,ATR72-600,AT76,ATR,ATR 72-600,FW,74,74,passenger,sch-oper.pdf,2026-08-31,2024-06-10
VT-IRB,80149F,IndiGo,Interglobe Aviation Ltd.,scheduled,S-19,2027-08-02,ATR72-600,AT76,ATR,ATR 72-600,FW,74,74,passenger,sch-oper.pdf,2026-08-31,2024-06-10
VT-IRD,80149D,IndiGo,Interglobe Aviation Ltd.,scheduled,S-19,2027-08-02,ATR72-600,AT76,ATR,ATR 72-600,FW,74,74,passenger,sch-oper.pdf,2026-08-31,2024-06-10
VT-IRE,80155E,IndiGo,Interglobe Aviation Ltd.,scheduled,S-19,2027-08-02,ATR72-600,AT76,ATR,ATR 72-600,FW,74,74,passenger,sch-oper.pdf,2026-08-31,2024-06-10
VT-IRF,801573,IndiGo,Interglobe Aviation Ltd.,scheduled,S-19,2027-08-02,ATR72-600,AT76,ATR,ATR 72-600,FW,74,74,passenger,sch-oper.pdf,2026-08-31,2024-06-10
VT-IRG,801566,IndiGo,Interglobe Aviation Ltd.,scheduled,S-19,2027-08-02,ATR72-600,AT76,ATR,ATR 72-600,FW,74,74,passenger,sch-oper.pdf,2026-08-31,2024-06-10
VT-IRH,801571,IndiGo,Interglobe Aviation Ltd.,scheduled,S-19,2027-08-02,ATR72-600,AT76,ATR,ATR 72-600,FW,74,74,passenger,sch-oper.pdf,2026-08-31,2024-06-10
VT-IRI,8015D2,IndiGo,Interglobe Aviation Ltd.,scheduled,S-19,2027-08-02,ATR72-600,AT76,ATR,ATR 72-600,FW,74,74,passenger,sch-oper.pdf,2026-08-31,2024-06-10
VT-IRJ,8015D1,IndiGo,Interglobe Aviation Ltd.,scheduled,S-19,2027-08-02,ATR72-600,AT76,ATR,ATR 72-600,FW,74,74,passenger,sch-oper.pdf,2026-08-31,2024-06-10
VT-IRK,8015ED,IndiGo,Interglobe Aviation Ltd.,scheduled,S-19,2027-08-02,ATR72-600,AT76,ATR,ATR 72-600,FW,74,74,passenger,sch-oper.pdf,2026-08-31,2024-06-10
VT-IRL,801631,IndiGo,Interglobe Aviation Ltd.,scheduled,S-19,2027-08-02,ATR72-600,AT76,ATR,ATR 72-600,FW,74,74,passenger,sch-oper.pdf,2026-08-31,2024-06-10
VT-IRM,80162A,IndiGo,Interglobe Aviation Ltd.,scheduled,S-19,2027-08-02,ATR72-600,AT76,ATR,ATR 72-600,FW,74,74,passenger,sch-oper.pdf,2026-08-31,2024-06-10
VT-IRN,801629,IndiGo,Interglobe Aviation Ltd.,scheduled,S-19,2027-08-02,ATR72-600,AT76,ATR,ATR 72-600,FW,74,74,passenger,sch-oper.pdf,2026-08-31,2024-06-10
VT-IRO,801753,IndiGo,Interglobe Aviation Ltd.,scheduled,S-19,2027-08-02,ATR72-600,AT76,ATR,ATR 72-600,FW,74,74,passenger,sch-oper.pdf,2026-08-31,2026-08-31
VT-IRP,80174C,IndiGo,Interglobe Aviation Ltd.,scheduled,S-19,2027-08-02,ATR72-600,AT76,ATR,ATR 72-600,FW,74,74,passenger,sch-oper.pdf,2026-08-31,2026-08-31
VT-IRQ,801754,IndiGo,Interglobe Aviation Ltd.,scheduled,S-19,2027-08-02,ATR72-600,AT76,ATR,ATR 72-600,FW,74,74,passenger,sch-oper.pdf,2026-08-31,2026-08-31
VT-IRR,801751,IndiGo,Interglobe Aviation Ltd.,scheduled,S-19,2027-08-02,ATR72-600,AT76,ATR,ATR 72-600,FW,74,74,passenger,sch-oper.pdf,2026-08-31,2026-08-31
VT-IRS,801755,IndiGo,Interglobe Aviation Ltd.,scheduled,S-19,2027-08-02,ATR72-600,AT76,ATR,ATR 72-600,FW,74,74,passenger,sch-oper.pdf,2026-08-31,2026-08-31
VT-IRV,8016CE,IndiGo,Interglobe Aviation Ltd.,scheduled,S-19,2027-08-02,A321-252NX,A21N,Airbus,Airbus A321neo,FW,,,unknown,sch-oper.pdf,2026-08-31,2026-08-31
VT-IRW,8016D7,IndiGo,Interglobe Aviation Ltd.,scheduled,S-19,2027-08-02,A321-252NX,A21N,Airbus,Airbus A321neo,FW,,,unknown,sch-oper.pdf,2026-08-31,2026-08-31
VT-IRX,8016DD,IndiGo,Interglobe Aviation Ltd.,scheduled,S-19,2027-08-02,A321-252NX,A21N,Airbus,Airbus A321neo,FW,,,unknown,sch-oper.pdf,2026-08-31,2026-08-31
VT-IRY,80171A,IndiGo,Interglobe Aviation Ltd.,scheduled,S-19,2027-08-02,A321-252NX,A21N,Airbus,Airbus A321neo,FW,,,unknown,sch-oper.pdf,2026-08-31,2026-08-31
VT-IRZ,8016D6,IndiGo,Interglobe Aviation Ltd.,scheduled,S-19,2027-08-02,A321-252NX,A21N,Airbus,Airbus A321neo,FW,,,unknown,sch-oper.pdf,2026-08-31,2026-08-31
VT-ISA,8013D8,IndiGo,Interglobe Aviation Ltd.,scheduled,S-19,2027-08-02,A320-271N,A20N,Airbus,Airbus A320neo,FW,186,186,passenger,sch-oper.pdf,2026-08-31,2024-06-10
VT-ISB,8013DD,IndiGo,Interglobe Aviation Ltd.,scheduled,S-19,2027-08-02,A320-271N,A20N,Airbus,Airbus A320neo,FW,186,186,passenger,sch-oper.pdf,2026-08-31,2024-06-10
VT-ISC,8013DF,IndiGo,Interglobe Aviation Ltd.,scheduled,S-19,2027-08-02,A320-271N,A20N,Airbus,Airbus A320neo,FW,186,186,passenger,sch-oper.pdf,2026-08-31,2024-06-10
VT-ISD,8013DE,IndiGo,Interglobe Aviation Ltd.,scheduled,S-19,2027-08-02,A320-271N,A20N,Airbus,Airbus A320neo,FW,186,186,passenger,sch-oper.pdf,2026-08-31,2024-06-10
VT-ISE,8013F5,IndiGo,Interglobe Aviation Ltd.,scheduled,S-19,2027-08-02,A320-271N,A20N,Airbus,Airbus A320neo,FW,186,186,passenger,sch-oper.pdf,2026-08-31,2024-06-10
VT-ISF,8013E6,IndiGo,Interglobe Aviation Ltd.,scheduled,S-19,2027-08-02,A320-271N,A20N,Airbus,Airbus A320neo,FW,186,186,passenger,sch-oper.pdf,2026-08-31,2024-06-10
VT-ISG,,Star Air,Ghodawat Enterprises Pvt. Ltd.,non-scheduled,#06/2014,2028-03-17,EC-130 T2,EC30,Airbus Helicopters,Airbus H130,RW,6,6,passenger,ns-oper.pdf,2026-08-31,2026-08-31
VT-ISI,8013E2,IndiGo,Interglobe Aviation Ltd.,scheduled,S-19,2027-08-02,A320-271N,A20N,Airbus,Airbus A320neo,FW,186,186,passenger,sch-oper.pdf,2026-08-31,2024-06-10
VT-ISJ,8013E7,IndiGo,Interglobe Aviation Ltd.,scheduled,S-19,2027-08-02,A320-271N,A20N,Airbus,Airbus A320neo,FW,186,186,passenger,sch-oper.pdf,2026-08-31,2024-06-10
VT-ISK,8013DB,IndiGo,Interglobe Aviation Ltd.,scheduled,S-19,2027-08-02,A320-271N,A20N,Airbus,Airbus A320neo,FW,186,186,passenger,sch-oper.pdf,2026-08-31,2024-06-10
VT-ISL,8013F6,IndiGo,Interglobe Aviation Ltd.,scheduled,S-19,2027-08-02,A320-271N,A20N,Airbus,Airbus A320neo,FW,186,186,passenger,sch-oper.pdf,2026-08-31,2024-06-10
VT-ISM,8013F3,IndiGo,Interglobe Aviation Ltd.,scheduled,S-19,2027-08-02,A320-271N,A20N,Airbus,Airbus A320neo,FW,186,186,passenger,sch-oper.pdf,2026-08-31,2024-06-10
VT-ISN,8013F2,IndiGo,Interglobe Aviation Ltd.,scheduled,S-19,2027-08-02,A320-271N,A20N,Airbus,Airbus A320neo,FW,186,186,passenger,sch-oper.pdf,2026-08-31,2024-06-10
VT-ISO,8013F8,IndiGo,Interglobe Aviation Ltd.,scheduled,S-19,2027-08-02,A320-251N,A20N,Airbus,Airbus A320neo,FW,186,186,passenger,sch-oper.pdf,2026-08-31,2024-06-10
VT-ISP,8013FB,IndiGo,Interglobe Aviation Ltd.,scheduled,S-19,2027-08-02,A320-251N,A20N,Airbus,Airbus A320neo,FW,186,186,passenger,sch-oper.pdf,2026-08-31,2024-06-10
VT-ISQ,8013FC,IndiGo,Interglobe Aviation Ltd.,scheduled,S-19,2027-08-02,A320-251N,A20N,Airbus,Airbus A320neo,FW,186,186,passenger,sch-oper.pdf,2026-08-31,2024-06-10
VT-ISR,8013FD,IndiGo,Interglobe Aviation Ltd.,scheduled,S-19,2027-08-02,A320-251N,A20N,Airbus,Airbus A320neo,FW,186,186,passenger,sch-oper.pdf,2026-08-31,2024-06-10
VT-ISS,80140A,IndiGo,Interglobe Aviation Ltd.,scheduled,S-19,2027-08-02,A320-251N,A20N,Airbus,Airbus A320neo,FW,186,186,passenger,sch-oper.pdf,2026-08-31,2024-06-10
VT-IST,801432,IndiGo,Interglobe Aviation Ltd.,scheduled,S-19,2027-08-02,A320-251N,A20N,Airbus,Airbus A320neo,FW,186,186,passenger,sch-oper.pdf,2026-08-31,2024-06-10
VT-ISU,801434,IndiGo,Interglobe Aviation Ltd.,scheduled,S-19,2027-08-02,A320-251N,A20N,Airbus,Airbus A320neo,FW,186,186,passenger,sch-oper.pdf,2026-08-31,2024-06-10
VT-ISV,801431,IndiGo,Interglobe Aviation Ltd.,scheduled,S-19,2027-08-02,A320-251N,A20N,Airbus,Airbus A320neo,FW,186,186,passenger,sch-oper.pdf,2026-08-31,2024-06-10
VT-ISW,801458,IndiGo,Interglobe Aviation Ltd.,scheduled,S-19,2027-08-02,A320-251N,A20N,Airbus,Airbus A320neo,FW,186,186,passenger,sch-oper.pdf,2026-08-31,2024-06-10
VT-ISX,801454,IndiGo,Interglobe Aviation Ltd.,scheduled,S-19,2027-08-02,A320-251N,A20N,Airbus,Airbus A320neo,FW,186,186,passenger,sch-oper.pdf,2026-08-31,2024-06-10
VT-ISY,801460,IndiGo,Interglobe Aviation Ltd.,scheduled,S-19,2027-08-02,A320-251N,A20N,Airbus,Airbus A320neo,FW,186,186,passenger,sch-oper.pdf,2026-08-31,2024-06-10
VT-ISZ,801462,IndiGo,Interglobe Aviation Ltd.,scheduled,S-19,2027-08-02,A320-251N,A20N,Airbus,Airbus A320neo,FW,186,186,passenger,sch-oper.pdf,2026-08-31,2024-06-10
VT-ITB,800B73,IndiGo,Interglobe Aviation Ltd.,scheduled,S-19,2027-08-02,A320-271N,A20N,Airbus,Airbus A320neo,FW,186,186,passenger,sch-oper.pdf,2026-08-31,2024-06-10
VT-ITG,800B78,IndiGo,Interglobe Aviation Ltd.,scheduled,S-19,2027-08-02,A320-271N,A20N,Airbus,Airbus A320neo,FW,186,186,passenger,sch-oper.pdf,2026-08-31,2024-06-10
VT-ITI,800BB5,IndiGo,Interglobe Aviation Ltd.,scheduled,S-19,2027-08-02,A320-271N,A20N,Airbus,Airbus A320neo,FW,186,186,passenger,sch-oper.pdf,2026-08-31,2024-06-10
VT-ITK,800BB7,IndiGo,Interglobe Aviation Ltd.,scheduled,S-19,2027-08-02,A320-271N,A20N,Airbus,Airbus A320neo,FW,186,186,passenger,sch-oper.pdf,2026-08-31,2024-06-10
VT-ITL,800BC0,IndiGo,Interglobe Aviation Ltd.,scheduled,S-19,2027-08-02,A320-271N,A20N,Airbus,Airbus A320neo,FW,186,186,passenger,sch-oper.pdf,2026-08-31,2024-06-10
VT-ITN,8008C2,IndiGo,Interglobe Aviation Ltd.,scheduled,S-19,2027-08-02,A320-271N,A20N,Airbus,Airbus A320neo,FW,186,186,passenger,sch-oper.pdf,2026-08-31,2024-06-10
VT-ITO,8008C3,IndiGo,Interglobe Aviation Ltd.,scheduled,S-19,2027-08-02,A320-271N,A20N,Airbus,Airbus A320neo,FW,186,186,passenger,sch-oper.pdf,2026-08-31,2024-06-10
VT-ITP,800BC4,IndiGo,Interglobe Aviation Ltd.,scheduled,S-19,2027-08-02,A320-271N,A20N,Airbus,Airbus A320neo,FW,186,186,passenger,sch-oper.pdf,2026-08-31,2024-06-10
VT-ITQ,800C10,IndiGo,Interglobe Aviation Ltd.,scheduled,S-19,2027-08-02,A320-271N,A20N,Airbus,Airbus A320neo,FW,186,186,passenger,sch-oper.pdf,2026-08-31,2024-06-10
VT-ITR,800C11,IndiGo,Interglobe Aviation Ltd.,scheduled,S-19,2027-08-02,A320-271N,A20N,Airbus,Airbus A320neo,FW,186,186,passenger,sch-oper.pdf,2026-08-31,2024-06-10
VT-ITS,800C01,IndiGo,Interglobe Aviation Ltd.,scheduled,S-19,2027-08-02,A320-271N,A20N,Airbus,Airbus A320neo,FW,186,186,passenger,sch-oper.pdf,2026-08-31,2024-06-10
VT-ITT,800C15,IndiGo,Interglobe Aviation Ltd.,scheduled,S-19,2027-08-02,A320-271N,A20N,Airbus,Airbus A320neo,FW,186,186,passenger,sch-oper.pdf,2026-08-31,2024-06-10
VT-ITU,800C16,IndiGo,Interglobe Aviation Ltd.,scheduled,S-19,2027-08-02,A320-271N,A20N,Airbus,Airbus A320neo,FW,186,186,passenger,sch-oper.pdf,2026-08-31,2024-06-10
VT-ITV,800C12,IndiGo,Interglobe Aviation Ltd.,scheduled,S-19,2027-08-02,A320-271N,A20N,Airbus,Airbus A320neo,FW,186,186,passenger,sch-oper.pdf,2026-08-31,2024-06-10
VT-ITW,800C17,IndiGo,Interglobe Aviation Ltd.,scheduled,S-19,2027-08-02,A320-271N,A20N,Airbus,Airbus A320neo,FW,186,186,passenger,sch-oper.pdf,2026-08-31,2024-06-10
VT-ITX,800C38,IndiGo,Interglobe Aviation Ltd.,scheduled,S-19,2027-08-02,A320-271N,A20N,Airbus,Airbus A320neo,FW,186,186,passenger,sch-oper.pdf,2026-08-31,2024-06-10
VT-ITY,800C39,IndiGo,Interglobe Aviation Ltd.,scheduled,S-19,2027-08-02,A320-271N,A20N,Airbus,Airbus A320neo,FW,186,186,passenger,sch-oper.pdf,2026-08-31,2024-06-10
VT-ITZ,800C63,IndiGo,Interglobe Aviation Ltd.,scheduled,S-19,2027-08-02,A320-271N,A20N,Airbus,Airbus A320neo,FW,186,186,passenger,sch-oper.pdf,2026-08-31,2024-06-10
VT-IUO,8013D4,IndiGo,Interglobe Aviation Ltd.,scheduled,S-19,2027-08-02,A321-271NX,A21N,Airbus,Airbus A321neo,FW,222,222/232,passenger,sch-oper.pdf,2026-08-31,2024-06-10
VT-IUP,8013E5,IndiGo,Interglobe Aviation Ltd.,scheduled,S-19,2027-08-02,A321-271NX,A21N,Airbus,Airbus A321neo,FW,222,222/232,passenger,sch-oper.pdf,2026-08-31,2024-06-10
VT-IUQ,8013CE,IndiGo,Interglobe Aviation Ltd.,scheduled,S-19,2027-08-02,A321-271NX,A21N,Airbus,Airbus A321neo,FW,222,222/232,passenger,sch-oper.pdf,2026-08-31,2024-06-10
VT-IUR,8013EF,IndiGo,Interglobe Aviation Ltd.,scheduled,S-19,2027-08-02,A321-271NX,A21N,Airbus,Airbus A321neo,FW,222,222/232,passenger,sch-oper.pdf,2026-08-31,2024-06-10
VT-IUS,8013D5,IndiGo,Interglobe Aviation Ltd.,scheduled,S-19,2027-08-02,A321-271NX,A21N,Airbus,Airbus A321neo,FW,222,222/232,passenger,sch-oper.pdf,2026-08-31,2024-06-10
VT-IUT,8013D9,IndiGo,Interglobe Aviation Ltd.,scheduled,S-19,2027-08-02,A321-271NX,A21N,Airbus,Airbus A321neo,FW,222,222/232,passenger,sch-oper.pdf,2026-08-31,2024-06-10
VT-IUU,8013FF,IndiGo,Interglobe Aviation Ltd.,scheduled,S-19,2027-08-02,A321-271NX,A21N,Airbus,Airbus A321neo,FW,222,222/232,passenger,sch-oper.pdf,2026-08-31,2024-06-10
VT-IUV,8013CF,IndiGo,Interglobe Aviation Ltd.,scheduled,S-19,2027-08-02,A321-271NX,A21N,Airbus,Airbus A321neo,FW,222,222/232,passenger,sch-oper.pdf,2026-08-31,2024-06-10
VT-IUW,8013F0,IndiGo,Interglobe Aviation Ltd.,scheduled,S-19,2027-08-02,A321-271NX,A21N,Airbus,Airbus A321neo,FW,222,222/232,passenger,sch-oper.pdf,2026-08-31,2024-06-10
VT-IUX,801400,IndiGo,Interglobe Aviation Ltd.,scheduled,S-19,2027-08-02,A321-271NX,A21N,Airbus,Airbus A321neo,FW,222,222/232,passenger,sch-oper.pdf,2026-08-31,2024-06-10
VT-IUY,801401,IndiGo,Interglobe Aviation Ltd.,scheduled,S-19,2027-08-02,A321-271NX,A21N,Airbus,Airbus A321neo,FW,222,222/232,passenger,sch-oper.pdf,2026-08-31,2024-06-10
VT-IUZ,801402,IndiGo,Interglobe Aviation Ltd.,scheduled,S-19,2027-08-02,A321-252NX,A21N,Airbus,Airbus A321neo,FW,,,unknown,sch-oper.pdf,2026-08-31,2024-06-10
VT-IVA,800C70,IndiGo,Interglobe Aviation Ltd.,scheduled,S-19,2027-08-02,A320-271N,A20N,Airbus,Airbus A320neo,FW,186,186,passenger,sch-oper.pdf,2026-08-31,2024-06-10
VT-IVB,800C71,IndiGo,Interglobe Aviation Ltd.,scheduled,S-19,2027-08-02,A320-271N,A20N,Airbus,Airbus A320neo,FW,186,186,passenger,sch-oper.pdf,2026-08-31,2024-06-10
VT-IVC,800C72,IndiGo,Interglobe Aviation Ltd.,scheduled,S-19,2027-08-02,A320-271N,A20N,Airbus,Airbus A320neo,FW,186,186,passenger,sch-oper.pdf,2026-08-31,2024-06-10
VT-IVD,800C73,IndiGo,Interglobe Aviation Ltd.,scheduled,S-19,2027-08-02,A320-271N,A20N,Airbus,Airbus A320neo,FW,186,186,passenger,sch-oper.pdf,2026-08-31,2024-06-10
VT-IVE,800C74,IndiGo,Interglobe Aviation Ltd.,scheduled,S-19,2027-08-02,A320-271N,A20N,Airbus,Airbus A320neo,FW,186,186,passenger,sch-oper.pdf,2026-08-31,2024-06-10
VT-IVF,800C75,IndiGo,Interglobe Aviation Ltd.,scheduled,S-19,2027-08-02,A320-271N,A20N,Airbus,Airbus A320neo,FW,186,186,passenger,sch-oper.pdf,2026-08-31,2024-06-10
VT-IVK,800CCB,IndiGo,Interglobe Aviation Ltd.,scheduled,S-19,2027-08-02,A320-271N,A20N,Airbus,Airbus A320neo,FW,186,186,passenger,sch-oper.pdf,2026-08-31,2024-06-10
VT-IVP,800CDC,IndiGo,Interglobe Aviation Ltd.,scheduled,S-19,2027-08-02,A320-271N,A20N,Airbus,Airbus A320neo,FW,186,186,passenger,sch-oper.pdf,2026-08-31,2024-06-10
VT-IVQ,800CDD,IndiGo,Interglobe Aviation Ltd.,scheduled,S-19,2027-08-02,A320-271N,A20N,Airbus,Airbus A320neo,FW,186,186,passenger,sch-oper.pdf,2026-08-31,2024-06-10
VT-IVX,800D01,IndiGo,Interglobe Aviation Ltd.,scheduled,S-19,2027-08-02,A320-271N,A20N,Airbus,Airbus A320neo,FW,186,186,passenger,sch-oper.pdf,2026-08-31,2024-06-10
VT-IVY,800D00,IndiGo,Interglobe Aviation Ltd.,scheduled,S-19,2027-08-02,A320-271N,A20N,Airbus,Airbus A320neo,FW,186,186,passenger,sch-oper.pdf,2026-08-31,2024-06-10
VT-IVZ,800CEE,IndiGo,Interglobe Aviation Ltd.,scheduled,S-19,2027-08-02,A320-271N,A20N,Airbus,Airbus A320neo,FW,186,186,passenger,sch-oper.pdf,2026-08-31,2024-06-10
VT-IWM,8016DE,IndiGo,Interglobe Aviation Ltd.,scheduled,S-19,2027-08-02,A321-252NX,A21N,Airbus,Airbus A321neo,FW,,,unknown,sch-oper.pdf,2026-08-31,2026-08-31
VT-IWN,8016D2,IndiGo,Interglobe Aviation Ltd.,scheduled,S-19,2027-08-02,A321-252NX,A21N,Airbus,Airbus A321neo,FW,,,unknown,sch-oper.pdf,2026-08-31,2026-08-31
VT-IWQ,801742,IndiGo,Interglobe Aviation Ltd.,scheduled,S-19,2027-08-02,A321-252NX,A21N,Airbus,Airbus A321neo,FW,,,unknown,sch-oper.pdf,2026-08-31,2026-08-31
VT-IWT,80174D,IndiGo,Interglobe Aviation Ltd.,scheduled,S-19,2027-08-02,A321-252NX,A21N,Airbus,Airbus A321neo,FW,,,unknown,sch-oper.pdf,2026-08-31,2026-08-31
VT-IWU,80175A,IndiGo,Interglobe Aviation Ltd.,scheduled,S-19,2027-08-02,A321-252NX,A21N,Airbus,Airbus A321neo,FW,,,unknown,sch-oper.pdf,2026-08-31,2026-08-31
VT-IWV,80174A,IndiGo,Interglobe Aviation Ltd.,scheduled,S-19,2027-08-02,A321-252NX,A21N,Airbus,Airbus A321neo,FW,,,unknown,sch-oper.pdf,2026-08-31,2026-08-31
VT-IWW,801649,IndiGo,Interglobe Aviation Ltd.,scheduled,S-19,2027-08-02,A320-214,A320,Airbus,Airbus A320,FW,180,180,passenger,sch-oper.pdf,2026-08-31,2024-06-10
VT-IWX,801678,IndiGo,Interglobe Aviation Ltd.,scheduled,S-19,2027-08-02,A320-214,A320,Airbus,Airbus A320,FW,180,180,passenger,sch-oper.pdf,2026-08-31,2026-08-31
VT-IWY,801752,IndiGo,Interglobe Aviation Ltd.,scheduled,S-19,2027-08-02,A320-214,A320,Airbus,Airbus A320,FW,180,180,passenger,sch-oper.pdf,2026-08-31,2026-08-31
VT-IWZ,8016B5,IndiGo,Interglobe Aviation Ltd.,scheduled,S-19,2027-08-02,A320-214,A320,Airbus,Airbus A320,FW,180,180,passenger,sch-oper.pdf,2026-08-31,2026-08-31
VT-IXA,80169C,IndiGo,Interglobe Aviation Ltd.,scheduled,S-19,2027-08-02,A320-251N,A20N,Airbus,Airbus A320neo,FW,186,186,passenger,sch-oper.pdf,2026-08-31,2024-06-10
VT-IXC,800C57,Aviation Connectivity & Infrastructure Developers Pvt,Aviation Connectivity & Infrastructure Developers Pvt.,non-scheduled,#07/2023,2028-07-02,TECNAM P2010TDI,P06T,Tecnam,Tecnam P2006T,FW,3,3,passenger,ns-oper.pdf,2026-08-31,2026-08-31
VT-IXD,8016A3,IndiGo,Interglobe Aviation Ltd.,scheduled,S-19,2027-08-02,A320-251N,A20N,Airbus,Airbus A320neo,FW,186,186,passenger,sch-oper.pdf,2026-08-31,2026-08-31
VT-IXE,8016A5,IndiGo,Interglobe Aviation Ltd.,scheduled,S-19,2027-08-02,A320-251N,A20N,Airbus,Airbus A320neo,FW,186,186,passenger,sch-oper.pdf,2026-08-31,2026-08-31
VT-IXF,8016BA,IndiGo,Interglobe Aviation Ltd.,scheduled,S-19,2027-08-02,A320-251N,A20N,Airbus,Airbus A320neo,FW,186,186,passenger,sch-oper.pdf,2026-08-31,2026-08-31
VT-IXG,8016BE,IndiGo,Interglobe Aviation Ltd.,scheduled,S-19,2027-08-02,A320-251N,A20N,Airbus,Airbus A320neo,FW,186,186,passenger,sch-oper.pdf,2026-08-31,2026-08-31
VT-IXH,8016BF,IndiGo,Interglobe Aviation Ltd.,scheduled,S-19,2027-08-02,A320-251N,A20N,Airbus,Airbus A320neo,FW,186,186,passenger,sch-oper.pdf,2026-08-31,2026-08-31
VT-IXI,8016C5,IndiGo,Interglobe Aviation Ltd.,scheduled,S-19,2027-08-02,A320-251N,A20N,Airbus,Airbus A320neo,FW,186,186,passenger,sch-oper.pdf,2026-08-31,2026-08-31
VT-IXJ,8016E0,IndiGo,Interglobe Aviation Ltd.,scheduled,S-19,2027-08-02,A320-251N,A20N,Airbus,Airbus A320neo,FW,186,186,passenger,sch-oper.pdf,2026-08-31,2026-08-31
VT-IXK,8016DA,IndiGo,Interglobe Aviation Ltd.,scheduled,S-19,2027-08-02,A320-251N,A20N,Airbus,Airbus A320neo,FW,186,186,passenger,sch-oper.pdf,2026-08-31,2026-08-31
VT-IXL,8016E1,IndiGo,Interglobe Aviation Ltd.,scheduled,S-19,2027-08-02,A320-251N,A20N,Airbus,Airbus A320neo,FW,186,186,passenger,sch-oper.pdf,2026-08-31,2026-08-31
VT-IXM,801729,IndiGo,Interglobe Aviation Ltd.,scheduled,S-19,2027-08-02,A320-251N,A20N,Airbus,Airbus A320neo,FW,186,186,passenger,sch-oper.pdf,2026-08-31,2026-08-31
VT-IXN,801726,IndiGo,Interglobe Aviation Ltd.,scheduled,S-19,2027-08-02,A320-251N,A20N,Airbus,Airbus A320neo,FW,186,186,passenger,sch-oper.pdf,2026-08-31,2026-08-31
VT-IXO,80172D,IndiGo,Interglobe Aviation Ltd.,scheduled,S-19,2027-08-02,A320-251N,A20N,Airbus,Airbus A320neo,FW,186,186,passenger,sch-oper.pdf,2026-08-31,2026-08-31
VT-IXP,801733,IndiGo,Interglobe Aviation Ltd.,scheduled,S-19,2027-08-02,A320-251N,A20N,Airbus,Airbus A320neo,FW,186,186,passenger,sch-oper.pdf,2026-08-31,2026-08-31
VT-IXQ,80183A,IndiGo,Interglobe Aviation Ltd.,scheduled,S-19,2027-08-02,A320-251N,A20N,Airbus,Airbus A320neo,FW,186,186,passenger,sch-oper.pdf,2026-08-31,2026-08-31
VT-IXR,800C83,Air India Express,Air India Express Ltd.,scheduled,S-14,2028-04-21,A320-214,A320,Airbus,Airbus A320,FW,180,180,passenger,sch-oper.pdf,2026-08-31,2024-06-10
VT-IXS,8013E3,IndiGo,Interglobe Aviation Ltd.,scheduled,S-19,2027-08-02,ATR72-600,AT76,ATR,ATR 72-600,FW,74,74,passenger,sch-oper.pdf,2026-08-31,2024-06-10
VT-IXT,801828,IndiGo,Interglobe Aviation Ltd.,scheduled,S-19,2027-08-02,A320-251N,A20N,Airbus,Airbus A320neo,FW,186,186,passenger,sch-oper.pdf,2026-08-31,2026-08-31
VT-IXV,8013E4,IndiGo,Interglobe Aviation Ltd.,scheduled,S-19,2027-08-02,ATR72-600,AT76,ATR,ATR 72-600,FW,74,74,passenger,sch-oper.pdf,2026-08-31,2024-06-10
VT-IXW,801415,IndiGo,Interglobe Aviation Ltd.,scheduled,S-19,2027-08-02,ATR72-600,AT76,ATR,ATR 72-600,FW,74,74,passenger,sch-oper.pdf,2026-08-31,2024-06-10
VT-IXX,801414,IndiGo,Interglobe Aviation Ltd.,scheduled,S-19,2027-08-02,ATR72-600,AT76,ATR,ATR 72-600,FW,74,74,passenger,sch-oper.pdf,2026-08-31,2024-06-10
VT-IXY,801465,IndiGo,Interglobe Aviation Ltd.,scheduled,S-19,2027-08-02,ATR72-600,AT76,ATR,ATR 72-600,FW,74,74,passenger,sch-oper.pdf,2026-08-31,2024-06-10
VT-IXZ,80146D,IndiGo,Interglobe Aviation Ltd.,scheduled,S-19,2027-08-02,ATR72-600,AT76,ATR,ATR 72-600,FW,74,74,passenger,sch-oper.pdf,2026-08-31,2024-06-10
VT-IYA,800C65,IndiGo,Interglobe Aviation Ltd.,scheduled,S-19,2027-08-02,ATR72-600,AT76,ATR,ATR 72-600,FW,74,74,passenger,sch-oper.pdf,2026-08-31,2024-06-10
VT-IYB,800C6D,IndiGo,Interglobe Aviation Ltd.,scheduled,S-19,2027-08-02,ATR72-600,AT76,ATR,ATR 72-600,FW,74,74,passenger,sch-oper.pdf,2026-08-31,2024-06-10
VT-IYC,800C6E,IndiGo,Interglobe Aviation Ltd.,scheduled,S-19,2027-08-02,ATR72-600,AT76,ATR,ATR 72-600,FW,74,74,passenger,sch-oper.pdf,2026-08-31,2024-06-10
VT-IYD,800C99,IndiGo,Interglobe Aviation Ltd.,scheduled,S-19,2027-08-02,ATR72-600,AT76,ATR,ATR 72-600,FW,74,74,passenger,sch-oper.pdf,2026-08-31,2024-06-10
VT-IYE,800C9B,IndiGo,Interglobe Aviation Ltd.,scheduled,S-19,2027-08-02,ATR72-600,AT76,ATR,ATR 72-600,FW,74,74,passenger,sch-oper.pdf,2026-08-31,2024-06-10
VT-IYF,800CBF,IndiGo,Interglobe Aviation Ltd.,scheduled,S-19,2027-08-02,ATR72-600,AT76,ATR,ATR 72-600,FW,74,74,passenger,sch-oper.pdf,2026-08-31,2024-06-10
VT-IYG,800CBE,IndiGo,Interglobe Aviation Ltd.,scheduled,S-19,2027-08-02,ATR72-600,AT76,ATR,ATR 72-600,FW,74,74,passenger,sch-oper.pdf,2026-08-31,2024-06-10
VT-IYH,800CC2,IndiGo,Interglobe Aviation Ltd.,scheduled,S-19,2027-08-02,ATR72-600,AT76,ATR,ATR 72-600,FW,74,74,passenger,sch-oper.pdf,2026-08-31,2024-06-10
VT-IYI,800CC3,IndiGo,Interglobe Aviation Ltd.,scheduled,S-19,2027-08-02,ATR72-600,AT76,ATR,ATR 72-600,FW,74,74,passenger,sch-oper.pdf,2026-08-31,2024-06-10
VT-IYJ,800CE0,IndiGo,Interglobe Aviation Ltd.,scheduled,S-19,2027-08-02,ATR72-600,AT76,ATR,ATR 72-600,FW,74,74,passenger,sch-oper.pdf,2026-08-31,2024-06-10
VT-IYK,800CE1,IndiGo,Interglobe Aviation Ltd.,scheduled,S-19,2027-08-02,ATR72-600,AT76,ATR,ATR 72-600,FW,74,74,passenger,sch-oper.pdf,2026-08-31,2024-06-10
VT-IYL,800CF7,IndiGo,Interglobe Aviation Ltd.,scheduled,S-19,2027-08-02,ATR72-600,AT76,ATR,ATR 72-600,FW,74,74,passenger,sch-oper.pdf,2026-08-31,2024-06-10
VT-IYO,800CFB,IndiGo,Interglobe Aviation Ltd.,scheduled,S-19,2027-08-02,ATR72-600,AT76,ATR,ATR 72-600,FW,74,74,passenger,sch-oper.pdf,2026-08-31,2024-06-10
VT-IYP,800D6A,IndiGo,Interglobe Aviation Ltd.,scheduled,S-19,2027-08-02,ATR72-600,AT76,ATR,ATR 72-600,FW,74,74,passenger,sch-oper.pdf,2026-08-31,2024-06-10
VT-IYQ,800D8A,IndiGo,Interglobe Aviation Ltd.,scheduled,S-19,2027-08-02,ATR72-600,AT76,ATR,ATR 72-600,FW,74,74,passenger,sch-oper.pdf,2026-08-31,2024-06-10
VT-IYS,801446,IndiGo,Interglobe Aviation Ltd.,scheduled,S-19,2027-08-02,ATR72-600,AT76,ATR,ATR 72-600,FW,74,74,passenger,sch-oper.pdf,2026-08-31,2024-06-10
VT-IYU,800DB2,IndiGo,Interglobe Aviation Ltd.,scheduled,S-19,2027-08-02,ATR72-600,AT76,ATR,ATR 72-600,FW,74,74,passenger,sch-oper.pdf,2026-08-31,2024-06-10
VT-IYX,8013BB,IndiGo,Interglobe Aviation Ltd.,scheduled,S-19,2027-08-02,ATR72-600,AT76,ATR,ATR 72-600,FW,74,74,passenger,sch-oper.pdf,2026-08-31,2024-06-10
VT-IYY,800FD1,IndiGo,Interglobe Aviation Ltd.,scheduled,S-19,2027-08-02,ATR72-600,AT76,ATR,ATR 72-600,FW,74,74,passenger,sch-oper.pdf,2026-08-31,2024-06-10
VT-IYZ,800DB7,IndiGo,Interglobe Aviation Ltd.,scheduled,S-19,2027-08-02,ATR72-600,AT76,ATR,ATR 72-600,FW,74,74,passenger,sch-oper.pdf,2026-08-31,2024-06-10
VT-IZB,800D09,IndiGo,Interglobe Aviation Ltd.,scheduled,S-19,2027-08-02,A320-271N,A20N,Airbus,Airbus A320neo,FW,186,186,passenger,sch-oper.pdf,2026-08-31,2024-06-10
VT-IZC,800D0A,IndiGo,Interglobe Aviation Ltd.,scheduled,S-19,2027-08-02,A320-271N,A20N,Airbus,Airbus A320neo,FW,186,186,passenger,sch-oper.pdf,2026-08-31,2024-06-10
VT-IZD,800D0F,IndiGo,Interglobe Aviation Ltd.,scheduled,S-19,2027-08-02,A320-271N,A20N,Airbus,Airbus A320neo,FW,186,186,passenger,sch-oper.pdf,2026-08-31,2024-06-10
VT-IZE,800D10,IndiGo,Interglobe Aviation Ltd.,scheduled,S-19,2027-08-02,A320-271N,A20N,Airbus,Airbus A320neo,FW,186,186,passenger,sch-oper.pdf,2026-08-31,2024-06-10
VT-IZF,800D2D,IndiGo,Interglobe Aviation Ltd.,scheduled,S-19,2027-08-02,A320-271N,A20N,Airbus,Airbus A320neo,FW,186,186,passenger,sch-oper.pdf,2026-08-31,2024-06-10
VT-IZH,800D2C,IndiGo,Interglobe Aviation Ltd.,scheduled,S-19,2027-08-02,A320-271N,A20N,Airbus,Airbus A320neo,FW,186,186,passenger,sch-oper.pdf,2026-08-31,2024-06-10
VT-IZK,800D34,IndiGo,Interglobe Aviation Ltd.,scheduled,S-19,2027-08-02,A320-271N,A20N,Airbus,Airbus A320neo,FW,186,186,passenger,sch-oper.pdf,2026-08-31,2024-06-10
VT-IZL,800D35,IndiGo,Interglobe Aviation Ltd.,scheduled,S-19,2027-08-02,A320-271N,A20N,Airbus,Airbus A320neo,FW,186,186,passenger,sch-oper.pdf,2026-08-31,2024-06-10
VT-IZM,800D36,IndiGo,Interglobe Aviation Ltd.,scheduled,S-19,2027-08-02,A320-271N,A20N,Airbus,Airbus A320neo,FW,186,186,passenger,sch-oper.pdf,2026-08-31,2024-06-10
VT-IZN,800D37,IndiGo,Interglobe Aviation Ltd.,scheduled,S-19,2027-08-02,A320-271N,A20N,Airbus,Airbus A320neo,FW,186,186,passenger,sch-oper.pdf,2026-08-31,2024-06-10
VT-IZV,800D6C,IndiGo,Interglobe Aviation Ltd.,scheduled,S-19,2027-08-02,A320-271N,A20N,Airbus,Airbus A320neo,FW,186,186,passenger,sch-oper.pdf,2026-08-31,2024-06-10
VT-JHK,,E-Factor Adventure Tourism (P),E-Factor Adventure Tourism (P) Ltd.,non-scheduled,#1/2008,2029-01-01,ULTRAMAGIC T-210 (HOT AIR BALLOON),BALL,Hot air balloon,Hot air balloon,B,10,10,passenger,ns-oper.pdf,2026-08-31,2026-08-31
VT-JHP,80039D,Fern Aviation India,Fern Aviation India Pvt. Ltd.,non-scheduled,#07/2017,2027-08-21,HAWKER 850XP,H25B,Hawker Beechcraft,Hawker 800/850/900,FW,9,9,passenger,ns-oper.pdf,2026-08-31,2026-08-31
VT-JIB,,Trans Bharat Aviation,Trans Bharat Aviation Pvt. Ltd.,non-scheduled,#01/1991,2029-02-27,BELL 407,B407,Bell,Bell 407,RW,6,6,passenger,ns-oper.pdf,2026-08-31,2026-08-31
VT-JIL,,Jet Serve Aviation,Jet Serve Aviation Pvt. Ltd.,non-scheduled,#02/2017,2029-02-09,King Air C90A,BE9L,Beechcraft,Beechcraft King Air C90,FW,6,6,passenger,ns-oper.pdf,2026-08-31,2026-08-31
VT-JIO,,Reliance Commercial Dealers,Reliance Commercial Dealers Ltd.,non-scheduled,#02/2008,2029-01-14,AS 365 N3,,Other helicopter,AS 365 N3,RW,5,5,passenger,ns-oper.pdf,2026-08-31,2026-08-31
VT-JIT,80049D,Himalyaputra Aviation,Himalyaputra Aviation Ltd.,non-scheduled,#11/2012,2028-10-09,AGUSTA 109E,A109,Leonardo,AGUSTA 109E,RW,6,6,passenger,ns-oper.pdf,2026-08-31,2026-08-31
VT-JJA,,Sky One Airways,Sky One Airways Pvt. Ltd.,non-scheduled,#04/2013,2027-12-25,MI-172,MI17,Mil,Mil Mi-172,RW,26,26,passenger,ns-oper.pdf,2026-08-31,2026-08-31
VT-JJL,8014C5,Joyalukkas India,Joyalukkas India Limited,non-scheduled,#05/2025,2030-02-26,AW109SP,A109,Leonardo,Leonardo AW109,RW,7,7,passenger,ns-oper.pdf,2026-08-31,2026-08-31
VT-JMG,800715,Himalyaputra Aviation,Himalyaputra Aviation Ltd.,non-scheduled,#11/2012,2028-10-09,BEECH CRAFT KING AIR B200GT,BE20,Beechcraft,Beechcraft King Air 200,FW,7,7,passenger,ns-oper.pdf,2026-08-31,2026-08-31
VT-JMN,800B48,Reliance Commercial Dealers,Reliance Commercial Dealers Ltd.,non-scheduled,#02/2008,2029-01-14,EMBRAER 135ER,E135,Embraer,EMBRAER 135ER,FW,37,37,passenger,ns-oper.pdf,2026-08-31,2026-08-31
VT-JMR,801739,Reliance Commercial Dealers,Reliance Commercial Dealers Ltd.,non-scheduled,#02/2008,2029-01-14,EMBRAER ERJ 170-200 LR,E170,Embraer,EMBRAER ERJ 170-200 LR,FW,60,60,passenger,ns-oper.pdf,2026-08-31,2026-08-31
VT-JPA,80039C,Lakeworkoffice Club,Lakeworkoffice Club Pvt. Ltd.,non-scheduled,#10/2025,2030-09-09,A109E,A109,Leonardo,Leonardo AW109,RW,6,6,passenger,ns-oper.pdf,2026-08-31,2026-08-31
VT-JPH,,Arrow Aircrafts Sales & Charters,Arrow Aircrafts Sales & Charters,non-scheduled,#4/2014,2028-03-10,BELL 407,B407,Bell,Bell 407,RW,6,6/Aerial Work,aerial-work,ns-oper.pdf,2026-08-31,2026-08-31
VT-JPK,,Jet Serve Aviation,Jet Serve Aviation Pvt. Ltd.,non-scheduled,#02/2017,2029-02-09,King Air C90A,BE9L,Beechcraft,Beechcraft King Air C90,FW,6,6,passenger,ns-oper.pdf,2026-08-31,2026-08-31
VT-JPV,8005E2,Target Air Services,Target Air Services Pvt. Ltd.,non-scheduled,#14/2023,2028-12-20,BEECH SUPER KING AIR B-200GT,BE20,Beechcraft,Beechcraft King Air,FW,7,7,passenger,ns-oper.pdf,2026-08-31,2026-08-31
VT-JRA,8015F7,Air India,Air India Ltd.,scheduled,S-9,2028-06-30,A350-941,A359,Airbus,Airbus A350-900,FW,316,316,passenger,sch-oper.pdf,2026-08-31,2024-06-10
VT-JRB,801612,Air India,Air India Ltd.,scheduled,S-9,2028-06-30,A350-941,A359,Airbus,Airbus A350-900,FW,316,316,passenger,sch-oper.pdf,2026-08-31,2024-06-10
VT-JRE,801600,Air India,Air India Ltd.,scheduled,S-9,2028-06-30,A350-941,A359,Airbus,Airbus A350-900,FW,316,316,passenger,sch-oper.pdf,2026-08-31,2024-06-10
VT-JRF,801659,Air India,Air India Ltd.,scheduled,S-9,2028-06-30,A350-941,A359,Airbus,Airbus A350-900,FW,316,316,passenger,sch-oper.pdf,2026-08-31,2024-06-10
VT-JRG,8015A3,Indo Pacific Aviation,Indo Pacific Aviation Pvt. Ltd.,non-scheduled,#03/1997,2028-10-14,HAWKER900XP,H25B,Hawker Beechcraft,Hawker 800/850/900,FW,9,9,passenger,ns-oper.pdf,2026-08-31,2026-08-31
VT-JRH,801666,Air India,Air India Ltd.,scheduled,S-9,2028-06-30,A350-941,A359,Airbus,Airbus A350-900,FW,316,316,passenger,sch-oper.pdf,2026-08-31,2024-06-10
VT-JRI,801665,Air India,Air India Ltd.,scheduled,S-9,2028-06-30,A350-941,A359,Airbus,Airbus A350-900,FW,316,316,passenger,sch-oper.pdf,2026-08-31,2024-06-10
VT-JSA,8005DB,India Flysafe Aviation,India Flysafe Aviation Ltd.,non-scheduled,#09/2004,2028-12-14,AW-139 AGUSTA,A139,Leonardo,Leonardo AW139,RW,12,12,passenger,ns-oper.pdf,2026-08-31,2026-08-31
VT-JSC,80072D,India Flysafe Aviation,India Flysafe Aviation Ltd.,non-scheduled,#09/2004,2028-12-14,PILATUS PC-12/47E,PC12,Pilatus,Pilatus PC-12,FW,8,8,passenger,ns-oper.pdf,2026-08-31,2026-08-31
VT-JSD,8014B7,Sapphire Airlines,Sapphire Airlines Pvt. Ltd.,non-scheduled,#03/2022,2027-04-12,Leonardo AW169,A169,Leonardo,Leonardo AW169,RW,6,6,passenger,ns-oper.pdf,2026-08-31,2026-08-31
VT-JSF,80062B,India Flysafe Aviation,India Flysafe Aviation Ltd.,non-scheduled,#09/2004,2028-12-14,GRAND AGUSTA 109S,A109,Leonardo,GRAND AGUSTA 109S,RW,6,6,passenger,ns-oper.pdf,2026-08-31,2026-08-31
VT-JSH,8007BF,Span Air,Span Air pvt. Ltd.,non-scheduled,#06/1995,2028-11-23,BELL-429,B429,Bell,Bell helicopter,RW,6,6,passenger,ns-oper.pdf,2026-08-31,2026-08-31
VT-JSI,800729,India Flysafe Aviation,India Flysafe Aviation Ltd.,non-scheduled,#09/2004,2028-12-14,EMBRAER EMB-135LR,E135,Embraer,Embraer ERJ 135 / Legacy,FW,37,37,passenger,ns-oper.pdf,2026-08-31,2026-08-31
VT-JSJ,8016B6,Sapphire Airlines,Sapphire Airlines Pvt. Ltd.,non-scheduled,#03/2022,2027-04-12,BD-700-2A12 (G7500),GL7T,Bombardier,Bombardier Global 7500,FW,15,15,passenger,ns-oper.pdf,2026-08-31,2026-08-31
VT-JSQ,,India Flysafe Aviation,India Flysafe Aviation Ltd.,non-scheduled,#09/2004,2028-12-14,PILATUS PC-12/47E,PC12,Pilatus,Pilatus PC-12,FW,8,8,passenger,ns-oper.pdf,2026-08-31,2026-08-31
VT-JST,80165B,Sapphire Airlines,Sapphire Airlines Pvt. Ltd.,non-scheduled,#03/2022,2027-04-12,BD-100-1A10 (Challenger3500),CL30,Bombardier,Bombardier Challenger 300/350,FW,10,10,passenger,ns-oper.pdf,2026-08-31,2026-08-31
VT-JSX,8017AB,India Flysafe Aviation,India Flysafe Aviation Ltd.,non-scheduled,#09/2004,2028-12-14,BD-100-1A10,CL30,Bombardier,Bombardier Challenger 300/350,FW,9,9,passenger,ns-oper.pdf,2026-08-31,2026-08-31
VT-JVS,,Malhotra Helikopters,Malhotra Helikopters Pvt. Ltd.,non-scheduled,#01/2023,2028-01-11,BELL 206 L4,B06,Bell,Bell 206 JetRanger,RW,5,5,passenger,ns-oper.pdf,2026-08-31,2026-08-31
VT-JVV,8013D1,Air Charters Services,Air Charters Services Pvt. Ltd.,non-scheduled,#15/2008,2029-05-14,CESSNA CITATION 560XL EXCEL,C56X,Cessna,Cessna Citation XLS,FW,9,9,passenger,ns-oper.pdf,2026-08-31,2026-08-31
VT-KBS,,Pinnacle Air,Pinnacle Air Pvt. Ltd.,non-scheduled,#25/2008,2028-10-02,AS350B2,B350,Beechcraft,Beechcraft King Air 350,RW,3,3,passenger,ns-oper.pdf,2026-08-31,2026-08-31
VT-KCM,,Kyathi Climate Modification Consultants,Kyathi Climate Modification Consultants LLP,non-scheduled,#04/2020,2030-12-27,Superking Air B200,BE20,Beechcraft,Beechcraft King Air 200,FW,7,7/Aerial Work,aerial-work,ns-oper.pdf,2026-08-31,2026-08-31
VT-KGA,801695,Karnavati Aviation,Karnavati Aviation Pvt. Ltd.,non-scheduled,#22/2008,2028-08-06,PC-24,PC24,Pilatus,Pilatus PC-24,FW,6,6,passenger,ns-oper.pdf,2026-08-31,2026-08-31
VT-KGV,801718,Kingscraft Aviation,Kingscraft Aviation Private Limited,non-scheduled,#01/2026,2031-01-04,HAWKER 900XP,H25B,Hawker Beechcraft,Hawker 800/850/900,FW,7,7,passenger,ns-oper.pdf,2026-08-31,2026-08-31
VT-KHA,,Kainos Aviation,Kainos Aviation Private Limited,non-scheduled,#01/2024,2029-01-04,SIKORSKY S-76C++,S76,Sikorsky,Sikorsky S-76,RW,8,8,passenger,ns-oper.pdf,2026-08-31,2026-08-31
VT-KJK,80181B,TAI Jets,TAI Jets Private Limited,non-scheduled,#07/2025,2030-06-01,EMB-500 (PHENOM 100E),E50P,Embraer,Embraer Phenom 100,FW,7,7,passenger,ns-oper.pdf,2026-08-31,2026-08-31
VT-KJR,801735,TAI Jets,TAI Jets Private Limited,non-scheduled,#07/2025,2030-06-01,EMB-135BJ (LEGACY 650),E35L,Embraer,Embraer Legacy 600/650,FW,13,13,passenger,ns-oper.pdf,2026-08-31,2026-08-31
VT-KJS,,Pinnacle Air,Pinnacle Air Pvt. Ltd.,non-scheduled,#25/2008,2028-10-02,King Air C90GTI,BE9L,Beechcraft,Beechcraft King Air C90,FW,6,6,passenger,ns-oper.pdf,2026-08-31,2026-08-31
VT-KNB,8003C4,Forum I Aviation,Forum I Aviation Pvt. Ltd.,non-scheduled,#01/2006,2029-03-20,HAWKER 850XP,H25B,Hawker Beechcraft,Hawker 800/850/900,FW,8,8,passenger,ns-oper.pdf,2026-08-31,2026-08-31
VT-KNG,,Thumby Aviation,Thumby Aviation Pvt. Ltd.,non-scheduled,#02/2013,2029-03-24,BELL 412 EP,B412,Bell,Bell 412,RW,13,13,passenger,ns-oper.pdf,2026-08-31,2026-08-31
VT-KNH,,Deccan Charters,Deccan Charters Pvt. Ltd.,non-scheduled,#26/2008,2028-10-06,Sikorsky S-76C,S76,Sikorsky,Sikorsky S-76,RW,6,6,passenger,ns-oper.pdf,2026-08-31,2026-08-31
VT-KNP,800C35,Alliance Air,Alliance Air Aviation Ltd.,scheduled,S-8,2028-04-30,DO 228-201 (UPGRADED),D228,Other,DO 228-201 (UPGRADED),FW,16,16,passenger,sch-oper.pdf,2026-08-31,2024-06-10
VT-KOL,8015E0,Carewell Aviation India,Carewell Aviation India Pvt. Ltd.,non-scheduled,#11/2023,2028-11-09,Embraer EMB-135 (Legacy 600),E35L,Embraer,Embraer Legacy 600/650,FW,13,13,passenger,ns-oper.pdf,2026-08-31,2026-08-31
VT-KPR,801654,Dadachanji Aviation,Dadachanji Aviation Pvt. Ltd.,non-scheduled,#11/2024,2029-10-29,EC130T2,EC30,Airbus Helicopters,Airbus H130,RW,6,6,passenger,ns-oper.pdf,2026-08-31,2026-08-31
VT-KSA,,Thumby Aviation,Thumby Aviation Pvt. Ltd.,non-scheduled,#02/2013,2029-03-24,BELL 407,B407,Bell,Bell 407,RW,6,6/Aerial Work,aerial-work,ns-oper.pdf,2026-08-31,2026-08-31
VT-KSE,80172F,Skyblue Aviation Services,Skyblue Aviation Services Pvt. Ltd.,non-scheduled,#13/2024,2029-12-19,Falcon900EX,F900,Dassault,Dassault Falcon 900,FW,14,14,passenger,ns-oper.pdf,2026-08-31,2026-08-31
VT-KTC,80158D,Aviation Connectivity & Infrastructure Developers Pvt,Aviation Connectivity & Infrastructure Developers Pvt.,non-scheduled,#07/2023,2028-07-02,TECNAM P2010TDI,P06T,Tecnam,Tecnam P2006T,FW,3,3,passenger,ns-oper.pdf,2026-08-31,2026-08-31
VT-KTK,,Niraant Aviation,Niraant Aviation Pvt. Ltd.,non-scheduled,#12/2025,2030-09-10,BELL 429,B429,Bell,Bell 429,RW,6,6,passenger,ns-oper.pdf,2026-08-31,2026-08-31
VT-KVR,801691,Transworld Jets,Transworld Jets Pvt Ltd,non-scheduled,#07/2024,2029-07-11,Hawker-4000,HA4T,Other,Hawker-4000,FW,9,9,passenger,ns-oper.pdf,2026-08-31,2026-08-31
VT-KVV,8014FF,Air Charters Services,Air Charters Services Pvt. Ltd.,non-scheduled,#15/2008,2029-05-14,A109S,A109,Leonardo,Leonardo AW109,RW,6,6,passenger,ns-oper.pdf,2026-08-31,2026-08-31
VT-KZN,800BC5,Khazana Jewellery,Khazana Jewellery Pvt. Ltd.,non-scheduled,#03/2017,2029-03-28,GULFSTREAM G150,G150,Gulfstream,Gulfstream,FW,8,8,passenger,ns-oper.pdf,2026-08-31,2026-08-31
VT-LIB,80143C,Indo Pacific Aviation,Indo Pacific Aviation Pvt. Ltd.,non-scheduled,#03/1997,2028-10-14,Hawker 800XP,H25B,Hawker Beechcraft,Hawker 800/850/900,FW,8,8,passenger,ns-oper.pdf,2026-08-31,2026-08-31
VT-LJH,800581,Saarthi Airways,Saarthi Airways Pvt. Ltd.,non-scheduled,#09/2010,2028-12-13,AGUSTA A109S,A109,Leonardo,Leonardo AW109,RW,6,6,passenger,ns-oper.pdf,2026-08-31,2026-08-31
VT-LKK,800197,Flaps Aviation,Flaps Aviation Pvt. Ltd.,non-scheduled,#07/2022,2027-09-20,BEECH SUPER KING AIR B-200,BE20,Beechcraft,Beechcraft King Air,FW,7,7,passenger,ns-oper.pdf,2026-08-31,2026-08-31
VT-LMW,,Sreeji Aviation,Sreeji Aviation Pvt. Ltd.,non-scheduled,#02/2023,2028-02-21,Beech Superking Air B200,BE20,Beechcraft,Beechcraft King Air 200,FW,7,7,passenger,ns-oper.pdf,2026-08-31,2026-08-31
VT-LTC,800659,L & T Aviation Services,L & T Aviation Services Pvt. Ltd.,non-scheduled,#06/2010,2028-11-02,HAWKER HS 125 900XP,H25B,Other,HAWKER HS 125 900XP,FW,9,9,passenger,ns-oper.pdf,2026-08-31,2026-08-31
VT-MAE,,Sky One Airways,Sky One Airways Pvt. Ltd.,non-scheduled,#04/2013,2027-12-25,MI-172,MI17,Mil,Mil Mi-172,RW,26,26,passenger,ns-oper.pdf,2026-08-31,2026-08-31
VT-MAL,,Maharaja Aviation,Maharaja Aviation Pvt. Ltd.,non-scheduled,#07/2015,2027-08-26,ROBINSON R66,R44,Robinson,Robinson R44,RW,4,4,passenger,ns-oper.pdf,2026-08-31,2026-08-31
VT-MAM,800622,MAB Aviation,MAB Aviation Pvt. Ltd.,non-scheduled,#06/2016,2028-12-22,Learjet 60XR,LJ45,Bombardier,Learjet,FW,8,8,passenger,ns-oper.pdf,2026-08-31,2026-08-31
VT-MAN,,Mandke and Mandke Infrastructure,Mandke and Mandke Infrastructure Pvt. Ltd.,non-scheduled,#01/2015,2029-02-12,ROBINSON R66,R44,Robinson,Robinson R44,RW,4,4,passenger,ns-oper.pdf,2026-08-31,2026-08-31
VT-MAY,8016B2,Mahindra Airways,Mahindra Airways Ltd.,non-scheduled,#10/2024,2029-10-27,Bombardier BD-100-1A10,CL30,Bombardier,Bombardier Challenger 300/350,FW,9,9,passenger,ns-oper.pdf,2026-08-31,2026-08-31
VT-MEG,80045D,VSR Ventures,VSR Ventures Pvt. Ltd.,non-scheduled,#07/2014,2028-04-20,PILATUS PC-12,PC12,Pilatus,Pilatus PC-12,FW,8,8,passenger,ns-oper.pdf,2026-08-31,2026-08-31
VT-MEL,801500,Pinnacle Air,Pinnacle Air Pvt. Ltd.,non-scheduled,#25/2008,2028-10-02,Beechcraft Premier 1A-390,PRM1,Hawker Beechcraft,Beechcraft Premier I,FW,6,6,passenger,ns-oper.pdf,2026-08-31,2026-08-31
VT-MHM,,Innxt Aviation,Innxt Aviation Pvt. Ltd.,non-scheduled,#03/2021,2026-10-25,EC135P2+,EC35,Airbus Helicopters,Airbus H135,RW,5,5,passenger,ns-oper.pdf,2026-08-31,2026-08-31
VT-MIR,80184A,RPSG Resources,RPSG Resources Pvt Ltd.,non-scheduled,#08/2014,2028-06-25,BD-700-2A12(G7500),GL7T,Bombardier,Bombardier Global 7500,FW,16,16,passenger,ns-oper.pdf,2026-08-31,2026-08-31
VT-MNK,8015CF,Media House DND,Media House DND Private Limited,non-scheduled,#05/2024,2029-02-27,EC-130T2,EC30,Airbus Helicopters,Airbus H130,RW,6,6,passenger,ns-oper.pdf,2026-08-31,2026-08-31
VT-MON,,Indo Pacific Aviation,Indo Pacific Aviation Pvt. Ltd.,non-scheduled,#03/1997,2028-10-14,Cessna Citation CJ2 525A,C25B,Cessna,Cessna Citation CJ series,FW,7,7,passenger,ns-oper.pdf,2026-08-31,2026-08-31
VT-MPG,,Saarthi Airways,Saarthi Airways Pvt. Ltd.,non-scheduled,#09/2010,2028-12-13,SUPER KING AIR B200,BE20,Beechcraft,Beechcraft King Air 200,FW,7,7,passenger,ns-oper.pdf,2026-08-31,2026-08-31
VT-MPT,800141,Sreeji Aviation,Sreeji Aviation Pvt. Ltd.,non-scheduled,#02/2023,2028-02-21,Beech Superking Air B200,BE20,Beechcraft,Beechcraft King Air 200,FW,7,7,passenger,ns-oper.pdf,2026-08-31,2026-08-31
VT-MUM,8014FB,Indo Pacific Aviation,Indo Pacific Aviation Pvt. Ltd.,non-scheduled,#03/1997,2028-10-14,Hawker 800XP,H25B,Hawker Beechcraft,Hawker 800/850/900,FW,9,9,passenger,ns-oper.pdf,2026-08-31,2026-08-31
VT-MVV,80164D,Air Charters Services,Air Charters Services Pvt. Ltd.,non-scheduled,#15/2008,2029-05-14,A109S,A109,Leonardo,Leonardo AW109,RW,6,6,passenger,ns-oper.pdf,2026-08-31,2026-08-31
VT-MXD,800D13,SpiceJet,Spice Jet Ltd.,scheduled,S-16,2028-05-16,B737-8,B38M,Boeing,Boeing 737-8,FW,189,189,passenger,sch-oper.pdf,2026-08-31,2024-06-10
VT-MXE,800D14,SpiceJet,Spice Jet Ltd.,scheduled,S-16,2028-05-16,B737-8,B38M,Boeing,Boeing 737-8,FW,189,189,passenger,sch-oper.pdf,2026-08-31,2024-06-10
VT-MXI,800D1B,SpiceJet,Spice Jet Ltd.,scheduled,S-16,2028-05-16,B737-8,B38M,Boeing,Boeing 737-8,FW,189,189,passenger,sch-oper.pdf,2026-08-31,2024-06-10
VT-NAA,800741,Air India,Air India Ltd.,scheduled,S-9,2028-06-30,B787-8,B788,Boeing,Boeing 787-8,FW,256,256,passenger,sch-oper.pdf,2026-08-31,2024-06-10
VT-NAB,800371,SkyJets International,SkyJets International Pvt. Ltd.,non-scheduled,#05/2015,2029-07-02,CESSNA CITATION CJ1+525,C25B,Cessna,Cessna Citation CJ series,FW,5,5,passenger,ns-oper.pdf,2026-08-31,2026-08-31
VT-NAC,800742,Air India,Air India Ltd.,scheduled,S-9,2028-06-30,B787-8,B788,Boeing,Boeing 787-8,FW,256,256,passenger,sch-oper.pdf,2026-08-31,2024-06-10
VT-NAD,8014A0,Poonawalla Aviation,Poonawalla Aviation Pvt. Ltd.,non-scheduled,#03/2006,2029-06-25,Bombardier Global 6500,GL5T,Bombardier,Bombardier Global 5000/5500/6000/6500,FW,13,13,passenger,ns-oper.pdf,2026-08-31,2026-08-31
VT-NAL,800AF2,Thumby Aviation,Thumby Aviation Pvt. Ltd.,non-scheduled,#02/2013,2029-03-24,BELL407GX,B407,Bell,Bell 407,RW,6,6,passenger,ns-oper.pdf,2026-08-31,2026-08-31
VT-NAP,800CD8,Poonawalla Aviation,Poonawalla Aviation Pvt. Ltd.,non-scheduled,#03/2006,2029-06-25,H145,EC45,Airbus Helicopters,Airbus H145,RW,7,7,passenger,ns-oper.pdf,2026-08-31,2026-08-31
VT-NAV,,Thumby Aviation,Thumby Aviation Pvt. Ltd.,non-scheduled,#02/2013,2029-03-24,BELL412EP,B412,Bell,Bell 412,RW,7,7,passenger,ns-oper.pdf,2026-08-31,2026-08-31
VT-NCA,80174B,IndiGo,Interglobe Aviation Ltd.,scheduled,S-19,2027-08-02,A321-252NX,A21N,Airbus,Airbus A321neo,FW,,,unknown,sch-oper.pdf,2026-08-31,2026-08-31
VT-NCB,80175F,IndiGo,Interglobe Aviation Ltd.,scheduled,S-19,2027-08-02,A321-252NX,A21N,Airbus,Airbus A321neo,FW,,,unknown,sch-oper.pdf,2026-08-31,2026-08-31
VT-NCC,801767,IndiGo,Interglobe Aviation Ltd.,scheduled,S-19,2027-08-02,A321-252NX,A21N,Airbus,Airbus A321neo,FW,,,unknown,sch-oper.pdf,2026-08-31,2026-08-31
VT-NCD,801759,IndiGo,Interglobe Aviation Ltd.,scheduled,S-19,2027-08-02,A321-252NX,A21N,Airbus,Airbus A321neo,FW,,,unknown,sch-oper.pdf,2026-08-31,2026-08-31
VT-NCE,801778,IndiGo,Interglobe Aviation Ltd.,scheduled,S-19,2027-08-02,A321-252NX,A21N,Airbus,Airbus A321neo,FW,,,unknown,sch-oper.pdf,2026-08-31,2026-08-31
VT-NCF,801768,IndiGo,Interglobe Aviation Ltd.,scheduled,S-19,2027-08-02,A321-252NX,A21N,Airbus,Airbus A321neo,FW,,,unknown,sch-oper.pdf,2026-08-31,2026-08-31
VT-NCG,801788,IndiGo,Interglobe Aviation Ltd.,scheduled,S-19,2027-08-02,A321-252NX,A21N,Airbus,Airbus A321neo,FW,,,unknown,sch-oper.pdf,2026-08-31,2026-08-31
VT-NCI,801775,IndiGo,Interglobe Aviation Ltd.,scheduled,S-19,2027-08-02,A321-252NX,A21N,Airbus,Airbus A321neo,FW,,,unknown,sch-oper.pdf,2026-08-31,2026-08-31
VT-NCJ,801772,IndiGo,Interglobe Aviation Ltd.,scheduled,S-19,2027-08-02,A321-252NX,A21N,Airbus,Airbus A321neo,FW,,,unknown,sch-oper.pdf,2026-08-31,2026-08-31
VT-NCK,80177D,IndiGo,Interglobe Aviation Ltd.,scheduled,S-19,2027-08-02,A321-252NX,A21N,Airbus,Airbus A321neo,FW,,,unknown,sch-oper.pdf,2026-08-31,2026-08-31
VT-NCL,801798,IndiGo,Interglobe Aviation Ltd.,scheduled,S-19,2027-08-02,A321-252NX,A21N,Airbus,Airbus A321neo,FW,,,unknown,sch-oper.pdf,2026-08-31,2026-08-31
VT-NCN,8017E4,IndiGo,Interglobe Aviation Ltd.,scheduled,S-19,2027-08-02,A321-252NX,A21N,Airbus,Airbus A321neo,FW,,,unknown,sch-oper.pdf,2026-08-31,2026-08-31
VT-NCP,8017EE,IndiGo,Interglobe Aviation Ltd.,scheduled,S-19,2027-08-02,A321-252NX,A21N,Airbus,Airbus A321neo,FW,,,unknown,sch-oper.pdf,2026-08-31,2026-08-31
VT-NCQ,8017E5,IndiGo,Interglobe Aviation Ltd.,scheduled,S-19,2027-08-02,A321-252NX,A21N,Airbus,Airbus A321neo,FW,,,unknown,sch-oper.pdf,2026-08-31,2026-08-31
VT-NCR,8017A0,IndiGo,Interglobe Aviation Ltd.,scheduled,S-19,2027-08-02,A321-252NX,A21N,Airbus,Airbus A321neo,FW,,,unknown,sch-oper.pdf,2026-08-31,2026-08-31
VT-NCS,8017FF,IndiGo,Interglobe Aviation Ltd.,scheduled,S-19,2027-08-02,A321-252NX,A21N,Airbus,Airbus A321neo,FW,,,unknown,sch-oper.pdf,2026-08-31,2026-08-31
VT-NCU,801804,IndiGo,Interglobe Aviation Ltd.,scheduled,S-19,2027-08-02,A321-252NX,A21N,Airbus,Airbus A321neo,FW,,,unknown,sch-oper.pdf,2026-08-31,2026-08-31
VT-NCV,80180C,IndiGo,Interglobe Aviation Ltd.,scheduled,S-19,2027-08-02,A321-252NX,A21N,Airbus,Airbus A321neo,FW,,,unknown,sch-oper.pdf,2026-08-31,2026-08-31
VT-NCW,8017F3,IndiGo,Interglobe Aviation Ltd.,scheduled,S-19,2027-08-02,A321-252NX,A21N,Airbus,Airbus A321neo,FW,,,unknown,sch-oper.pdf,2026-08-31,2026-08-31
VT-NCY,801823,IndiGo,Interglobe Aviation Ltd.,scheduled,S-19,2027-08-02,A321-252NX,A21N,Airbus,Airbus A321neo,FW,,,unknown,sch-oper.pdf,2026-08-31,2026-08-31
VT-NCZ,801805,IndiGo,Interglobe Aviation Ltd.,scheduled,S-19,2027-08-02,A321-252NX,A21N,Airbus,Airbus A321neo,FW,,,unknown,sch-oper.pdf,2026-08-31,2026-08-31
VT-NDA,801728,Dunes Aviation,Dunes Aviation Private Limited,non-scheduled,#08/2024,2029-10-13,CITATION 525A CJ2+,C25B,Cessna,Cessna Citation CJ series,FW,7,7,passenger,ns-oper.pdf,2026-08-31,2026-08-31
VT-NDN,,Maharaja Aviation,Maharaja Aviation Pvt. Ltd.,non-scheduled,#07/2015,2027-08-26,ROBINSON R66,R44,Robinson,Robinson R44,RW,4,4,passenger,ns-oper.pdf,2026-08-31,2026-08-31
VT-NHA,801806,IndiGo,Interglobe Aviation Ltd.,scheduled,S-19,2027-08-02,A321-252NX,A21N,Airbus,Airbus A321neo,FW,,,unknown,sch-oper.pdf,2026-08-31,2026-08-31
VT-NHB,80180E,IndiGo,Interglobe Aviation Ltd.,scheduled,S-19,2027-08-02,A321-252NX,A21N,Airbus,Airbus A321neo,FW,,,unknown,sch-oper.pdf,2026-08-31,2026-08-31
VT-NHC,801822,IndiGo,Interglobe Aviation Ltd.,scheduled,S-19,2027-08-02,A321-252NX,A21N,Airbus,Airbus A321neo,FW,,,unknown,sch-oper.pdf,2026-08-31,2026-08-31
VT-NHD,801819,IndiGo,Interglobe Aviation Ltd.,scheduled,S-19,2027-08-02,A321-252NX,A21N,Airbus,Airbus A321neo,FW,,,unknown,sch-oper.pdf,2026-08-31,2026-08-31
VT-NHE,801816,IndiGo,Interglobe Aviation Ltd.,scheduled,S-19,2027-08-02,A321-252NX,A21N,Airbus,Airbus A321neo,FW,,,unknown,sch-oper.pdf,2026-08-31,2026-08-31
VT-NHF,80183B,IndiGo,Interglobe Aviation Ltd.,scheduled,S-19,2027-08-02,A321-252NX,A21N,Airbus,Airbus A321neo,FW,,,unknown,sch-oper.pdf,2026-08-31,2026-08-31
VT-NHG,80180B,IndiGo,Interglobe Aviation Ltd.,scheduled,S-19,2027-08-02,A321-252NX,A21N,Airbus,Airbus A321neo,FW,,,unknown,sch-oper.pdf,2026-08-31,2026-08-31
VT-NHH,,IndiGo,Interglobe Aviation Ltd.,scheduled,S-19,2027-08-02,A321-252NX,A21N,Airbus,Airbus A321neo,FW,,,unknown,sch-oper.pdf,2026-08-31,2026-08-31
VT-NHI,80182F,IndiGo,Interglobe Aviation Ltd.,scheduled,S-19,2027-08-02,A321-252NX,A21N,Airbus,Airbus A321neo,FW,,,unknown,sch-oper.pdf,2026-08-31,2026-08-31
VT-NHJ,801861,IndiGo,Interglobe Aviation Ltd.,scheduled,S-19,2027-08-02,A321-252NX,A21N,Airbus,Airbus A321neo,FW,,,unknown,sch-oper.pdf,2026-08-31,2026-08-31
VT-NHK,80185F,IndiGo,Interglobe Aviation Ltd.,scheduled,S-19,2027-08-02,A321-252NX,A21N,Airbus,Airbus A321neo,FW,,,unknown,sch-oper.pdf,2026-08-31,2026-08-31
VT-NHL,80184E,IndiGo,Interglobe Aviation Ltd.,scheduled,S-19,2027-08-02,A321-252NX,A21N,Airbus,Airbus A321neo,FW,,,unknown,sch-oper.pdf,2026-08-31,2026-08-31
VT-NHM,80184B,IndiGo,Interglobe Aviation Ltd.,scheduled,S-19,2027-08-02,A321-252NX,A21N,Airbus,Airbus A321neo,FW,,,unknown,sch-oper.pdf,2026-08-31,2026-08-31
VT-NHN,80186E,IndiGo,Interglobe Aviation Ltd.,scheduled,S-19,2027-08-02,A321-252NX,A21N,Airbus,Airbus A321neo,FW,,,unknown,sch-oper.pdf,2026-08-31,2026-08-31
VT-NHO,801878,IndiGo,Interglobe Aviation Ltd.,scheduled,S-19,2027-08-02,A321-252NX,A21N,Airbus,Airbus A321neo,FW,,,unknown,sch-oper.pdf,2026-08-31,2026-08-31
VT-NHP,801860,IndiGo,Interglobe Aviation Ltd.,scheduled,S-19,2027-08-02,A321-252NX,A21N,Airbus,Airbus A321neo,FW,,,unknown,sch-oper.pdf,2026-08-31,2026-08-31
VT-NHR,80187D,IndiGo,Interglobe Aviation Ltd.,scheduled,S-19,2027-08-02,A321-252NX,A21N,Airbus,Airbus A321neo,FW,,,unknown,sch-oper.pdf,2026-08-31,2026-08-31
VT-NHX,8018A8,IndiGo,Interglobe Aviation Ltd.,scheduled,S-19,2027-08-02,A321-252NX,A21N,Airbus,Airbus A321neo,FW,,,unknown,sch-oper.pdf,2026-08-31,2026-08-31
VT-NIT,,Reliance Commercial Dealers,Reliance Commercial Dealers Ltd.,non-scheduled,#02/2008,2029-01-14,SIKORSKY S-76 C++,S76,Sikorsky,Sikorsky S-76,RW,8,8,passenger,ns-oper.pdf,2026-08-31,2026-08-31
VT-NJP,8016B3,KAN Aerofoil,KAN Aerofoil Private Limited,non-scheduled,#09/2024,2029-10-16,BELL-407GX,B407,Bell,Bell helicopter,RW,6,6,passenger,ns-oper.pdf,2026-08-31,2026-08-31
VT-NKF,,Pinnacle Air,Pinnacle Air Pvt. Ltd.,non-scheduled,#25/2008,2028-10-02,King Air C90B,BE9L,Beechcraft,Beechcraft King Air C90,FW,6,6,passenger,ns-oper.pdf,2026-08-31,2026-08-31
VT-NKS,801529,EHA Aviation,EHA Aviation Pvt. Ltd.,non-scheduled,#01/2022,2027-03-31,EMB135BJ (LEGACY 650),E35L,Embraer,Embraer Legacy 600/650,FW,13,13,passenger,ns-oper.pdf,2026-08-31,2026-08-31
VT-NLA,80187B,IndiGo,Interglobe Aviation Ltd.,scheduled,S-19,2027-08-02,A321-253NY,A21N,Airbus,Airbus A321neo,FW,195,195,passenger,sch-oper.pdf,2026-08-31,2026-08-31
VT-NLB,8018BE,IndiGo,Interglobe Aviation Ltd.,scheduled,S-19,2027-08-02,A321-253NY,A21N,Airbus,Airbus A321neo,FW,195,195,passenger,sch-oper.pdf,2026-08-31,2026-08-31
VT-NLC,8018DD,IndiGo,Interglobe Aviation Ltd.,scheduled,S-19,2027-08-02,A321-253NY,A21N,Airbus,Airbus A321neo,FW,195,195,passenger,sch-oper.pdf,2026-08-31,2026-08-31
VT-NMA,,Reliance Commercial Dealers,Reliance Commercial Dealers Ltd.,non-scheduled,#02/2008,2029-01-14,SIKORSKY S-76 C++,S76,Sikorsky,Sikorsky S-76,RW,5,5,passenger,ns-oper.pdf,2026-08-31,2026-08-31
VT-NOC,,IndiGo,Interglobe Aviation Ltd.,scheduled,S-19,2027-08-02,A321-251NX,A21N,Airbus,Airbus A321neo,FW,,,unknown,sch-oper.pdf,2026-08-31,2026-08-31
VT-NOF,801903,IndiGo,Interglobe Aviation Ltd.,scheduled,S-19,2027-08-02,A321-251NX,A21N,Airbus,Airbus A321neo,FW,,,unknown,sch-oper.pdf,2026-08-31,2026-08-31
VT-NOG,8018E0,IndiGo,Interglobe Aviation Ltd.,scheduled,S-19,2027-08-02,A321-251NX,A21N,Airbus,Airbus A321neo,FW,,,unknown,sch-oper.pdf,2026-08-31,2026-08-31
VT-NOI,80190F,IndiGo,Interglobe Aviation Ltd.,scheduled,S-19,2027-08-02,A321-251NX,A21N,Airbus,Airbus A321neo,FW,,,unknown,sch-oper.pdf,2026-08-31,2026-08-31
VT-NOL,801910,IndiGo,Interglobe Aviation Ltd.,scheduled,S-19,2027-08-02,A321-251NX,A21N,Airbus,Airbus A321neo,FW,,,unknown,sch-oper.pdf,2026-08-31,2026-08-31
VT-NRJ,,Aman Aviation & Aerospace Solutions,Aman Aviation & Aerospace Solutions Pvt. Ltd.,non-scheduled,#10/2012,2028-09-13,AS365N3,AS65,Airbus Helicopters,Airbus Dauphin / H155,RW,6,6,passenger,ns-oper.pdf,2026-08-31,2026-08-31
VT-NSG,80165F,VSR Ventures,VSR Ventures Pvt. Ltd.,non-scheduled,#07/2014,2028-04-20,EMB 135 (Legacy600),E35L,Embraer,Embraer Legacy 600/650,FW,13,13,passenger,ns-oper.pdf,2026-08-31,2026-08-31
VT-NSS,,PILGRIMAGE AVIATION,PILGRIMAGE AVIATION PRIVATE LIMITED,non-scheduled,#08/2025,2030-06-04,AS350B3E,B350,Beechcraft,Beechcraft King Air 350,RW,6,6,passenger,ns-oper.pdf,2026-08-31,2026-08-31
VT-NTA,801874,Air India Express,Air India Express Ltd.,scheduled,S-14,2028-04-21,B737-8,B38M,Boeing,Boeing 737-8,FW,176,176,passenger,sch-oper.pdf,2026-08-31,2026-08-31
VT-NTB,801877,Air India Express,Air India Express Ltd.,scheduled,S-14,2028-04-21,B737-8,B38M,Boeing,Boeing 737-8,FW,176,176,passenger,sch-oper.pdf,2026-08-31,2026-08-31
VT-OBR,800410,EIH,EIH Ltd.,non-scheduled,#02/1996,2029-08-01,HAWKER 850XP,H25B,Hawker Beechcraft,Hawker 800/850/900,FW,9,9,passenger,ns-oper.pdf,2026-08-31,2026-08-31
VT-OJS,,Jet Serve Aviation,Jet Serve Aviation Pvt. Ltd.,non-scheduled,#02/2017,2029-02-09,ROBINSON-44 RAVEN II,R44,Robinson,Robinson R44,RW,3,3,passenger,ns-oper.pdf,2026-08-31,2026-08-31
VT-OMG,,E-Factor Adventure Tourism (P),E-Factor Adventure Tourism (P) Ltd.,non-scheduled,#1/2008,2029-01-01,ULTRAMAGIC N-355 (HOT AIR BALLOON),BALL,Hot air balloon,Hot air balloon,B,16,16,passenger,ns-oper.pdf,2026-08-31,2026-08-31
VT-OMM,800B94,Reliance Transport & Travels,Reliance Transport & Travels Pvt. Ltd.,non-scheduled,#03/2000,2028-09-27,EMB-135BJ,E35L,Embraer,Embraer Legacy 600/650,FW,13,13,passenger,ns-oper.pdf,2026-08-31,2026-08-31
VT-OSC,,Lakeworkoffice Club,Lakeworkoffice Club Pvt. Ltd.,non-scheduled,#10/2025,2030-09-09,A109E,A109,Leonardo,Leonardo AW109,RW,7,7,passenger,ns-oper.pdf,2026-08-31,2026-08-31
VT-OSH,800C2F,OSS Air Management,OSS Air Management Pvt. Ltd.,non-scheduled,#02/2006,2029-04-03,AGUSTA A109SP,A109,Leonardo,Leonardo AW109,RW,7,7,passenger,ns-oper.pdf,2026-08-31,2026-08-31
VT-OSN,,Jet Serve Aviation,Jet Serve Aviation Pvt. Ltd.,non-scheduled,#02/2017,2029-02-09,A109E,A109,Leonardo,Leonardo AW109,RW,6,6,passenger,ns-oper.pdf,2026-08-31,2026-08-31
VT-OSR,,Jet Serve Aviation,Jet Serve Aviation Pvt. Ltd.,non-scheduled,#02/2017,2029-02-09,A109E,A109,Leonardo,Leonardo AW109,RW,6,6,passenger,ns-oper.pdf,2026-08-31,2026-08-31
VT-OXL,,Aerokalinga Aviation,Aerokalinga Aviation Pvt. Ltd.,non-scheduled,#17/2025,2030-10-15,EMB-135 (LEGACY 600),E35L,Embraer,Embraer Legacy 600/650,FW,13,13,passenger,ns-oper.pdf,2026-08-31,2026-08-31
VT-PBS,,B.G. Shirke Construction Technology,B.G. Shirke Construction Technology Pvt. Ltd.,non-scheduled,#10/2010,2028-12-21,Bell427,,Bell,Bell helicopter,RW,6,6,passenger,ns-oper.pdf,2026-08-31,2026-08-31
VT-PCR,801525,Jatayu,Golden Baritone Private Limited,non-scheduled,#13/2025,2030-09-14,G-200,GALX,Gulfstream,Gulfstream G200,FW,10,10,passenger,ns-oper.pdf,2026-08-31,2026-08-31
VT-PEC,800668,LMCS Infra Holdings,LMCS Infra Holdings Pvt. Ltd.,non-scheduled,#05/2016,2028-10-25,EC 135 P2+,EC35,Airbus Helicopters,EC 135 P2+,RW,5,5,passenger,ns-oper.pdf,2026-08-31,2026-08-31
VT-PFA,,Pioneer Flying Academy,Pioneer Flying Academy Pvt. Ltd.,non-scheduled,#09/2015,2027-10-13,CESSNA 172S,C172,Cessna,Cessna 172,FW,3,3/Aerial Work,aerial-work,ns-oper.pdf,2026-08-31,2026-08-31
VT-PGA,8016CD,Karnavati Aviation,Karnavati Aviation Pvt. Ltd.,non-scheduled,#22/2008,2028-08-06,PC-24,PC24,Pilatus,Pilatus PC-24,FW,6,6,passenger,ns-oper.pdf,2026-08-31,2026-08-31
VT-PHA,,Pawan Hans,Pawan Hans Ltd.,non-scheduled,#02/1998,2029-03-14,BELL 206 L4,B06,Bell,Bell 206 JetRanger,RW,7,7,passenger,ns-oper.pdf,2026-08-31,2026-08-31
VT-PHE,,Pawan Hans,Pawan Hans Ltd.,non-scheduled,#02/1998,2029-03-14,BELL 206 L4,B06,Bell,Bell 206 JetRanger,RW,7,7,passenger,ns-oper.pdf,2026-08-31,2026-08-31
VT-PHG,,Pawan Hans,Pawan Hans Ltd.,non-scheduled,#02/1998,2029-03-14,MI-172,MI17,Mil,Mil Mi-172,RW,26,26,passenger,ns-oper.pdf,2026-08-31,2026-08-31
VT-PHI,,Pawan Hans,Pawan Hans Ltd.,non-scheduled,#02/1998,2029-03-14,BELL 407,B407,Bell,Bell 407,RW,7,7,passenger,ns-oper.pdf,2026-08-31,2026-08-31
VT-PHJ,,Pawan Hans,Pawan Hans Ltd.,non-scheduled,#02/1998,2029-03-14,DAUPHIN AS 365 N3,AS65,Airbus Helicopters,Airbus Dauphin / H155,RW,13,13,passenger,ns-oper.pdf,2026-08-31,2026-08-31
VT-PHL,,Pawan Hans,Pawan Hans Ltd.,non-scheduled,#02/1998,2029-03-14,DAUPHIN AS 365 N3,AS65,Airbus Helicopters,Airbus Dauphin / H155,RW,13,13,passenger,ns-oper.pdf,2026-08-31,2026-08-31
VT-PHM,,Pawan Hans,Pawan Hans Ltd.,non-scheduled,#02/1998,2029-03-14,DAUPHIN AS 365 N3,AS65,Airbus Helicopters,Airbus Dauphin / H155,RW,13,13,passenger,ns-oper.pdf,2026-08-31,2026-08-31
VT-PHN,,Pawan Hans,Pawan Hans Ltd.,non-scheduled,#02/1998,2029-03-14,BELL 407,B407,Bell,Bell 407,RW,7,7,passenger,ns-oper.pdf,2026-08-31,2026-08-31
VT-PHQ,,Pawan Hans,Pawan Hans Ltd.,non-scheduled,#02/1998,2029-03-14,BELL 407,B407,Bell,Bell 407,RW,7,7,passenger,ns-oper.pdf,2026-08-31,2026-08-31
VT-PHR,,Pawan Hans,Pawan Hans Ltd.,non-scheduled,#02/1998,2029-03-14,DAUPHIN AS 365 N3,AS65,Airbus Helicopters,Airbus Dauphin / H155,RW,11,11,passenger,ns-oper.pdf,2026-08-31,2026-08-31
VT-PHS,,Pawan Hans,Pawan Hans Ltd.,non-scheduled,#02/1998,2029-03-14,DAUPHIN AS 365 N3,AS65,Airbus Helicopters,Airbus Dauphin / H155,RW,11,11,passenger,ns-oper.pdf,2026-08-31,2026-08-31
VT-PHU,,Pawan Hans,Pawan Hans Ltd.,non-scheduled,#02/1998,2029-03-14,ECUREUIL AS 350 B3,B350,Beechcraft,Beechcraft King Air 350,RW,5,5,passenger,ns-oper.pdf,2026-08-31,2026-08-31
VT-PHV,,Pawan Hans,Pawan Hans Ltd.,non-scheduled,#02/1998,2029-03-14,ECUREUIL AS 350 B3,B350,Beechcraft,Beechcraft King Air 350,RW,5,5,passenger,ns-oper.pdf,2026-08-31,2026-08-31
VT-PHW,,Pawan Hans,Pawan Hans Ltd.,non-scheduled,#02/1998,2029-03-14,DAUPHIN AS 365 N3,AS65,Airbus Helicopters,Airbus Dauphin / H155,RW,12,12,passenger,ns-oper.pdf,2026-08-31,2026-08-31
VT-PHX,,Pawan Hans,Pawan Hans Ltd.,non-scheduled,#02/1998,2029-03-14,DAUPHIN AS 365 N3,AS65,Airbus Helicopters,Airbus Dauphin / H155,RW,12,12,passenger,ns-oper.pdf,2026-08-31,2026-08-31
VT-PHY,,Pawan Hans,Pawan Hans Ltd.,non-scheduled,#02/1998,2029-03-14,DAUPHIN AS 365 N3,AS65,Airbus Helicopters,Airbus Dauphin / H155,RW,12,12,passenger,ns-oper.pdf,2026-08-31,2026-08-31
VT-PHZ,,Pawan Hans,Pawan Hans Ltd.,non-scheduled,#02/1998,2029-03-14,DAUPHIN AS 365 N3,AS65,Airbus Helicopters,Airbus Dauphin / H155,RW,12,12,passenger,ns-oper.pdf,2026-08-31,2026-08-31
VT-PLC,8018B4,Vijayanand Travels,Vijayanand Travels Private Limited,non-scheduled,#09/2023,2028-09-14,FALCON 2000EX,F2TH,Dassault,Dassault Falcon 2000,FW,10,10,passenger,ns-oper.pdf,2026-08-31,2026-08-31
VT-PLV,8016A8,Vijayanand Travels,Vijayanand Travels Private Limited,non-scheduled,#09/2023,2028-09-14,G-150,G150,Other,G-150,FW,9,9,passenger,ns-oper.pdf,2026-08-31,2026-08-31
VT-PMO,801609,Saffron Strokes,Saffron Strokes Private Limited,non-scheduled,#04/2024,2029-02-18,BEECHCRAFT PREMIER 1A-390,PRM1,Hawker Beechcraft,Beechcraft Premier I,FW,6,6,passenger,ns-oper.pdf,2026-08-31,2026-08-31
VT-PNJ,,KAN Aerofoil,KAN Aerofoil Private Limited,non-scheduled,#09/2024,2029-10-16,BELL-407GX,,Bell,Bell helicopter,RW,6,6,passenger,ns-oper.pdf,2026-08-31,2026-08-31
VT-PNS,8014EB,Pradhaan Air Express,Pradhaan Air Express Pvt. Ltd.,non-scheduled,#08/2022,2027-09-21,A320-232,A320,Airbus,Airbus A320,FW,,Cargo,cargo,ns-oper.pdf,2026-08-31,2026-08-31
VT-POP,801466,Indo Pacific Aviation,Indo Pacific Aviation Pvt. Ltd.,non-scheduled,#03/1997,2028-10-14,Hawker 800XP,H25B,Hawker Beechcraft,Hawker 800/850/900,FW,7,7,passenger,ns-oper.pdf,2026-08-31,2026-08-31
VT-PPH,800441,Air India,Air India Ltd.,scheduled,S-9,2028-06-30,A321-211,A321,Airbus,Airbus A321,FW,182,182,passenger,sch-oper.pdf,2026-08-31,2024-06-10
VT-PPI,80047C,Air India,Air India Ltd.,scheduled,S-9,2028-06-30,A321-211,A321,Airbus,Airbus A321,FW,182,182,passenger,sch-oper.pdf,2026-08-31,2024-06-10
VT-PPJ,80047A,Air India,Air India Ltd.,scheduled,S-9,2028-06-30,A321-211,A321,Airbus,Airbus A321,FW,182,182,passenger,sch-oper.pdf,2026-08-31,2024-06-10
VT-PPK,8004A6,Air India,Air India Ltd.,scheduled,S-9,2028-06-30,A321-211,A321,Airbus,Airbus A321,FW,182,182,passenger,sch-oper.pdf,2026-08-31,2024-06-10
VT-PPL,8004D5,Air India,Air India Ltd.,scheduled,S-9,2028-06-30,A321-211,A321,Airbus,Airbus A321,FW,182,182,passenger,sch-oper.pdf,2026-08-31,2024-06-10
VT-PPM,8004D6,Air India,Air India Ltd.,scheduled,S-9,2028-06-30,A321-211,A321,Airbus,Airbus A321,FW,182,182,passenger,sch-oper.pdf,2026-08-31,2024-06-10
VT-PPO,80052B,Air India,Air India Ltd.,scheduled,S-9,2028-06-30,A321-211,A321,Airbus,Airbus A321,FW,182,182,passenger,sch-oper.pdf,2026-08-31,2024-06-10
VT-PPQ,80052D,Air India,Air India Ltd.,scheduled,S-9,2028-06-30,A321-211,A321,Airbus,Airbus A321,FW,182,182,passenger,sch-oper.pdf,2026-08-31,2024-06-10
VT-PPT,80053E,Air India,Air India Ltd.,scheduled,S-9,2028-06-30,A321-211,A321,Airbus,Airbus A321,FW,182,182,passenger,sch-oper.pdf,2026-08-31,2024-06-10
VT-PPU,800543,Air India,Air India Ltd.,scheduled,S-9,2028-06-30,A321-211,A321,Airbus,Airbus A321,FW,182,182,passenger,sch-oper.pdf,2026-08-31,2024-06-10
VT-PPV,800579,Air India,Air India Ltd.,scheduled,S-9,2028-06-30,A321-211,A321,Airbus,Airbus A321,FW,182,182,passenger,sch-oper.pdf,2026-08-31,2024-06-10
VT-PPW,80057B,Air India,Air India Ltd.,scheduled,S-9,2028-06-30,A321-211,A321,Airbus,Airbus A321,FW,182,182,passenger,sch-oper.pdf,2026-08-31,2024-06-10
VT-PPX,80058A,Air India,Air India Ltd.,scheduled,S-9,2028-06-30,A321-211,A321,Airbus,Airbus A321,FW,182,182,passenger,sch-oper.pdf,2026-08-31,2024-06-10
VT-PRI,801593,Reliance Commercial Dealers,Reliance Commercial Dealers Ltd.,non-scheduled,#02/2008,2029-01-14,Global 7500 BD700-2A-12,GL7T,Bombardier,Bombardier Global 7500,FW,15,15,passenger,ns-oper.pdf,2026-08-31,2026-08-31
VT-PRM,801397,Mytri Aviation,Mytri Aviation Pvt. Ltd.,non-scheduled,#01/2018,2028-07-02,EMBRAER 190-100ECJ (Lineage 1000),E195,Embraer,EMBRAER 190-100ECJ (Lineage 1000),FW,19,19,passenger,ns-oper.pdf,2026-08-31,2026-08-31
VT-PRS,,IndiaOne Air,India One Air Private Limited,scheduled,SC-09,2027-06-23,Cessna Grand Caravan 208B,C208,Cessna,Cessna 208 Grand Caravan,FW,9,9,passenger,sch-oper.pdf,2026-08-31,2026-08-31
VT-PRY,8013BA,Span Air,Span Air pvt. Ltd.,non-scheduled,#06/1995,2028-11-23,HAWKER 900XP,H25B,Hawker Beechcraft,Hawker 800/850/900,FW,9,9,passenger,ns-oper.pdf,2026-08-31,2026-08-31
VT-PSA,,Pinnacle Air,Pinnacle Air Pvt. Ltd.,non-scheduled,#25/2008,2028-10-02,BELL-407,,Bell,Bell helicopter,RW,6,6,passenger,ns-oper.pdf,2026-08-31,2026-08-31
VT-PSB,8004B1,Kakini Enterprises,Kakini Enterprises Pvt. Ltd.,non-scheduled,#06/2023,2028-06-05,Citation 525A,C25B,Cessna,Cessna Citation CJ series,FW,8,8,passenger,ns-oper.pdf,2026-08-31,2026-08-31
VT-PVK,800C13,Mytri Aviation,Mytri Aviation Pvt. Ltd.,non-scheduled,#01/2018,2028-07-02,EMBRAER 135BJ,E35L,Embraer,EMBRAER 135BJ,FW,13,13,passenger,ns-oper.pdf,2026-08-31,2026-08-31
VT-PVS,,Reliance Commercial Dealers,Reliance Commercial Dealers Ltd.,non-scheduled,#02/2008,2029-01-14,H160-B,H160,Airbus Helicopters,Airbus H160,RW,6,6,passenger,ns-oper.pdf,2026-08-31,2026-08-31
VT-PVV,801743,Air Charters Services,Air Charters Services Pvt. Ltd.,non-scheduled,#15/2008,2029-05-14,CITATION 525A CJ2+,C25B,Cessna,Cessna Citation CJ series,FW,7,7,passenger,ns-oper.pdf,2026-08-31,2026-08-31
VT-PWB,,Pawan Hans,Pawan Hans Ltd.,non-scheduled,#02/1998,2029-03-14,DAUPHIN AS 365 N3,AS65,Airbus Helicopters,Airbus Dauphin / H155,RW,12,12,passenger,ns-oper.pdf,2026-08-31,2026-08-31
VT-PWC,,Pawan Hans,Pawan Hans Ltd.,non-scheduled,#02/1998,2029-03-14,DAUPHIN AS 365 N3,AS65,Airbus Helicopters,Airbus Dauphin / H155,RW,12,12,passenger,ns-oper.pdf,2026-08-31,2026-08-31
VT-PWD,,Pawan Hans,Pawan Hans Ltd.,non-scheduled,#02/1998,2029-03-14,DAUPHIN AS 365 N3,AS65,Airbus Helicopters,Airbus Dauphin / H155,RW,12,12,passenger,ns-oper.pdf,2026-08-31,2026-08-31
VT-PWE,,Pawan Hans,Pawan Hans Ltd.,non-scheduled,#02/1998,2029-03-14,DAUPHIN AS 365 N3,AS65,Airbus Helicopters,Airbus Dauphin / H155,RW,12,12,passenger,ns-oper.pdf,2026-08-31,2026-08-31
VT-PWJ,,Pawan Hans,Pawan Hans Ltd.,non-scheduled,#02/1998,2029-03-14,SIKORSKY S-76D,S76,Sikorsky,Sikorsky S-76,RW,12,12,passenger,ns-oper.pdf,2026-08-31,2026-08-31
VT-PWK,,Pawan Hans,Pawan Hans Ltd.,non-scheduled,#02/1998,2029-03-14,SIKORSKY S-76D,S76,Sikorsky,Sikorsky S-76,RW,12,12,passenger,ns-oper.pdf,2026-08-31,2026-08-31
VT-PWL,8014AA,Pawan Hans,Pawan Hans Ltd.,non-scheduled,#02/1998,2029-03-14,SIKORSKY S-76D,S76,Sikorsky,Sikorsky S-76,RW,12,12,passenger,ns-oper.pdf,2026-08-31,2026-08-31
VT-PWM,8014B1,Pawan Hans,Pawan Hans Ltd.,non-scheduled,#02/1998,2029-03-14,SIKORSKY S-76D,S76,Sikorsky,Sikorsky S-76,RW,12,12,passenger,ns-oper.pdf,2026-08-31,2026-08-31
VT-RAG,,Rajas Aerosports and Adventures (Air Safari),Rajas Aerosports and Adventures Private Limited (Air Safari),non-scheduled,#02/2024,2029-01-31,ULTRAMAGIC M-105,BALL,Hot air balloon,Hot air balloon,B,4,4,passenger,ns-oper.pdf,2026-08-31,2026-08-31
VT-RAJ,,Golden Crane Aviation,Golden Crane Aviation Pvt. Ltd.,non-scheduled,#03/2023,2028-03-08,Agusta A109E,A109,Leonardo,Leonardo AW109,RW,6,6,passenger,ns-oper.pdf,2026-08-31,2026-08-31
VT-RAM,,Redbird Airways,Redbird Airways Pvt. Ltd.,non-scheduled,#01/2020,2030-08-12,KINGAIR C90B,BE9L,Beechcraft,Beechcraft King Air C90,FW,6,6,passenger,ns-oper.pdf,2026-08-31,2026-08-31
VT-RAS,,Flaps Aviation,Flaps Aviation Pvt. Ltd.,non-scheduled,#07/2022,2027-09-20,BEECH SUPER KING AIR B-200,,Beechcraft,Beechcraft King Air,FW,9,9,passenger,ns-oper.pdf,2026-08-31,2026-08-31
VT-RBB,8013B6,Redbird Flight Training Academy,Redbird Flight Training Academy Private Limited,non-scheduled,#10/2022,2027-10-06,TECNAM P2006T,P06T,Tecnam,Tecnam P2006T,FW,3,3,passenger,ns-oper.pdf,2026-08-31,2026-08-31
VT-RBG,,Deccan Charters,Deccan Charters Pvt. Ltd.,non-scheduled,#26/2008,2028-10-06,BELL 206 L4,B06,Bell,Bell 206 JetRanger,RW,6,6,passenger,ns-oper.pdf,2026-08-31,2026-08-31
VT-RBO,,Rajas Aerosports and Adventures (Air Safari),Rajas Aerosports and Adventures Private Limited (Air Safari),non-scheduled,#02/2024,2029-01-31,ULTRAMAGIC N-210,BALL,Hot air balloon,Hot air balloon,B,10,10,passenger,ns-oper.pdf,2026-08-31,2026-08-31
VT-RDS,801781,GMR Aviation,GMR Aviation Pvt. Ltd.,non-scheduled,#06/2007,2028-08-06,EMB135BJ (LEGACY 650),E35L,Embraer,Embraer Legacy 600/650,FW,13,13,passenger,ns-oper.pdf,2026-08-31,2026-08-31
VT-REM,800417,Flaps Aviation,Flaps Aviation Pvt. Ltd.,non-scheduled,#07/2022,2027-09-20,BEECH SUPER KING AIR B-200,BE20,Beechcraft,Beechcraft King Air,FW,9,9,passenger,ns-oper.pdf,2026-08-31,2026-08-31
VT-RFX,8015B7,Sparzana Aviation,Sparzana Aviation Pvt. Ltd.,non-scheduled,#06/2022,2027-09-08,Hawker900XP,H25B,Hawker Beechcraft,Hawker 800/850/900,FW,8,8,passenger,ns-oper.pdf,2026-08-31,2026-08-31
VT-RGL,,Chipsan Aviation,Chipsan Aviation Pvt. Ltd.,non-scheduled,#04/2017,2029-05-22,AS350B3,B350,Beechcraft,Beechcraft King Air 350,RW,6,6,passenger,ns-oper.pdf,2026-08-31,2026-08-31
VT-RGM,,Chipsan Aviation,Chipsan Aviation Pvt. Ltd.,non-scheduled,#04/2017,2029-05-22,AS350B3,B350,Beechcraft,Beechcraft King Air 350,RW,6,6,passenger,ns-oper.pdf,2026-08-31,2026-08-31
VT-RGO,,Chipsan Aviation,Chipsan Aviation Pvt. Ltd.,non-scheduled,#04/2017,2029-05-22,H160-B,H160,Airbus Helicopters,Airbus H160,RW,6,6,passenger,ns-oper.pdf,2026-08-31,2026-08-31
VT-RGP,801459,Star Air,Ghodawat Enterprises Pvt. Ltd.,non-scheduled,#06/2014,2028-03-17,MBB-BK117 D-3,EC45,Airbus Helicopters,Airbus H145,RW,7,7,passenger,ns-oper.pdf,2026-08-31,2026-08-31
VT-RGQ,801579,Chipsan Aviation,Chipsan Aviation Pvt. Ltd.,non-scheduled,#04/2017,2029-05-22,Airbus H145 D3 (MBB-BK117 D-3),EC45,Airbus Helicopters,Airbus H145,RW,8,8,passenger,ns-oper.pdf,2026-08-31,2026-08-31
VT-RGR,8017AA,Chipsan Aviation,Chipsan Aviation Pvt. Ltd.,non-scheduled,#04/2017,2029-05-22,H160-B,H160,Airbus Helicopters,Airbus H160,RW,6,6,passenger,ns-oper.pdf,2026-08-31,2026-08-31
VT-RGY,,Chipsan Aviation,Chipsan Aviation Pvt. Ltd.,non-scheduled,#04/2017,2029-05-22,H160-B,H160,Airbus Helicopters,Airbus H160,RW,6,6,passenger,ns-oper.pdf,2026-08-31,2026-08-31
VT-RGZ,,Chipsan Aviation,Chipsan Aviation Pvt. Ltd.,non-scheduled,#04/2017,2029-05-22,H160-B,H160,Airbus Helicopters,Airbus H160,RW,6,6,passenger,ns-oper.pdf,2026-08-31,2026-08-31
VT-RIM,80142C,IRM,IRM Pvt. Ltd.,non-scheduled,#09/2014,2028-07-03,GULFSTREAM GV-SP (G550),GLF5,Gulfstream,Gulfstream G550,FW,8,8,passenger,ns-oper.pdf,2026-08-31,2026-08-31
VT-RIO,8016A6,Air India,Air India Ltd.,scheduled,S-9,2028-06-30,A320-251N,A20N,Airbus,Airbus A320neo,FW,162,162,passenger,sch-oper.pdf,2026-08-31,2026-08-31
VT-RJA,8003A9,Avenor Aviation,Avenor Aviation LLP,non-scheduled,#08/2026,2031-07-09,BEECH SUPER KING AIR B-200,BE20,Beechcraft,Beechcraft King Air,FW,7,7,passenger,ns-oper.pdf,2026-08-31,2026-08-31
VT-RJF,,Rajas Aerosports and Adventures (Air Safari),Rajas Aerosports and Adventures Private Limited (Air Safari),non-scheduled,#02/2024,2029-01-31,AS350B3,B350,Beechcraft,Beechcraft King Air 350,RW,5,5,passenger,ns-oper.pdf,2026-08-31,2026-08-31
VT-RJG,80169B,Rajas Aerosports and Adventures (Air Safari),Rajas Aerosports and Adventures Private Limited (Air Safari),non-scheduled,#02/2024,2029-01-31,AS350B3,B350,Beechcraft,Beechcraft King Air 350,RW,5,5,passenger,ns-oper.pdf,2026-08-31,2026-08-31
VT-RJH,,Rajas Aerosports and Adventures (Air Safari),Rajas Aerosports and Adventures Private Limited (Air Safari),non-scheduled,#02/2024,2029-01-31,AS350B3,B350,Beechcraft,Beechcraft King Air 350,RW,5,5,passenger,ns-oper.pdf,2026-08-31,2026-08-31
VT-RJL,801634,Rajas Aerosports and Adventures (Air Safari),Rajas Aerosports and Adventures Private Limited (Air Safari),non-scheduled,#02/2024,2029-01-31,Cessna Citation 560XL,C56X,Cessna,Cessna Citation XLS,FW,9,9,passenger,ns-oper.pdf,2026-08-31,2026-08-31
VT-RJM,,Rajas Aerosports and Adventures (Air Safari),Rajas Aerosports and Adventures Private Limited (Air Safari),non-scheduled,#02/2024,2029-01-31,AS350B3,B350,Beechcraft,Beechcraft King Air 350,RW,5,5,passenger,ns-oper.pdf,2026-08-31,2026-08-31
VT-RKC,800C09,Alliance Air,Alliance Air Aviation Ltd.,scheduled,S-8,2028-04-30,ATR72-600,AT76,ATR,ATR 72-600,FW,70,70,passenger,sch-oper.pdf,2026-08-31,2024-06-10
VT-RKD,800C0A,Alliance Air,Alliance Air Aviation Ltd.,scheduled,S-8,2028-04-30,ATR72-600,AT76,ATR,ATR 72-600,FW,70,70,passenger,sch-oper.pdf,2026-08-31,2024-06-10
VT-RKE,800C3A,Alliance Air,Alliance Air Aviation Ltd.,scheduled,S-8,2028-04-30,ATR72-600,AT76,ATR,ATR 72-600,FW,70,70,passenger,sch-oper.pdf,2026-08-31,2024-06-10
VT-RKF,800C3B,Alliance Air,Alliance Air Aviation Ltd.,scheduled,S-8,2028-04-30,ATR72-600,AT76,ATR,ATR 72-600,FW,70,70,passenger,sch-oper.pdf,2026-08-31,2024-06-10
VT-RKG,800C4E,Alliance Air,Alliance Air Aviation Ltd.,scheduled,S-8,2028-04-30,ATR72-600,AT76,ATR,ATR 72-600,FW,70,70,passenger,sch-oper.pdf,2026-08-31,2024-06-10
VT-RKH,800C7F,Alliance Air,Alliance Air Aviation Ltd.,scheduled,S-8,2028-04-30,ATR72-600,AT76,ATR,ATR 72-600,FW,70,70,passenger,sch-oper.pdf,2026-08-31,2024-06-10
VT-RKJ,800CBB,Alliance Air,Alliance Air Aviation Ltd.,scheduled,S-8,2028-04-30,ATR72-600,AT76,ATR,ATR 72-600,FW,70,70,passenger,sch-oper.pdf,2026-08-31,2024-06-10
VT-RKK,800CE7,Alliance Air,Alliance Air Aviation Ltd.,scheduled,S-8,2028-04-30,ATR72-600,AT76,ATR,ATR 72-600,FW,70,70,passenger,sch-oper.pdf,2026-08-31,2024-06-10
VT-RKL,800D3B,Alliance Air,Alliance Air Aviation Ltd.,scheduled,S-8,2028-04-30,ATR72-600,AT76,ATR,ATR 72-600,FW,70,70,passenger,sch-oper.pdf,2026-08-31,2024-06-10
VT-RKM,800D52,Alliance Air,Alliance Air Aviation Ltd.,scheduled,S-8,2028-04-30,ATR72-600,AT76,ATR,ATR 72-600,FW,70,70,passenger,sch-oper.pdf,2026-08-31,2024-06-10
VT-RKP,8015B4,Property Ventures (India),Property Ventures (India) Pvt. Ltd.,non-scheduled,#04/2022,2027-04-18,FALCON 2000EX,F2TH,Dassault,Dassault Falcon 2000,FW,10,10,passenger,ns-oper.pdf,2026-08-31,2026-08-31
VT-RKR,,Shivan Aadithya Air Services,Shivan Aadithya Air Services Pvt. Ltd.,non-scheduled,#05/2022,2027-07-20,A109S,A109,Leonardo,Leonardo AW109,RW,7,7,passenger,ns-oper.pdf,2026-08-31,2026-08-31
VT-RKS,,Property Ventures (India),Property Ventures (India) Pvt. Ltd.,non-scheduled,#04/2022,2027-04-18,BEECH SUPER KING AIR 250 B-200GT,BE20,Beechcraft,Beechcraft King Air 200,FW,7,7,passenger,ns-oper.pdf,2026-08-31,2026-08-31
VT-RKV,,Property Ventures (India),Property Ventures (India) Pvt. Ltd.,non-scheduled,#04/2022,2027-04-18,EC-130T2,EC30,Airbus Helicopters,Airbus H130,RW,6,6,passenger,ns-oper.pdf,2026-08-31,2026-08-31
VT-RLB,,Malhotra Helikopters,Malhotra Helikopters Pvt. Ltd.,non-scheduled,#01/2023,2028-01-11,BELL 206 L3,B06,Bell,Bell 206 JetRanger,RW,6,6,passenger,ns-oper.pdf,2026-08-31,2026-08-31
VT-RMX,801677,Heritage Aviation,Heritage Aviation Pvt. Ltd.,non-scheduled,#04/2015,2029-06-30,AS350B3E,B350,Beechcraft,Beechcraft King Air 350,RW,6,6,passenger,ns-oper.pdf,2026-08-31,2026-08-31
VT-RNT,801848,Air India Express,Air India Express Ltd.,scheduled,S-14,2028-04-21,B737-8,B38M,Boeing,Boeing 737-8,FW,176,176,passenger,sch-oper.pdf,2026-08-31,2026-08-31
VT-RPB,,Smart Wings Aviation,Smart Wings Aviation Pvt. Ltd.,non-scheduled,#09/2025,2030-07-23,EC130T2,EC30,Airbus Helicopters,Airbus H130,RW,6,6,passenger,ns-oper.pdf,2026-08-31,2026-08-31
VT-RPO,,Chipsan Aviation,Chipsan Aviation Pvt. Ltd.,non-scheduled,#04/2017,2029-05-22,BELL 407,B407,Bell,Bell 407,RW,6,6,passenger,ns-oper.pdf,2026-08-31,2026-08-31
VT-RRA,,Global Vectra Helicorp,Global Vectra Helicorp Limited,non-scheduled,#08/1998,2028-04-28,AS 350 B3e,B350,Beechcraft,Beechcraft King Air 350,RW,6,6/Aerial Work,aerial-work,ns-oper.pdf,2026-08-31,2026-08-31
VT-RRB,,Global Vectra Helicorp,Global Vectra Helicorp Limited,non-scheduled,#08/1998,2028-04-28,AS 350 B3e,B350,Beechcraft,Beechcraft King Air 350,RW,6,6/Aerial Work,aerial-work,ns-oper.pdf,2026-08-31,2026-08-31
VT-RRC,800C8D,Global Vectra Helicorp,Global Vectra Helicorp Limited,non-scheduled,#08/1998,2028-04-28,AW169,A169,Leonardo,Leonardo AW169,RW,8,8,passenger,ns-oper.pdf,2026-08-31,2026-08-31
VT-RRD,,Global Vectra Helicorp,Global Vectra Helicorp Limited,non-scheduled,#08/1998,2028-04-28,BELL412 EP,B412,Bell,Bell 412,RW,13,13,passenger,ns-oper.pdf,2026-08-31,2026-08-31
VT-RRE,800D5F,Global Vectra Helicorp,Global Vectra Helicorp Limited,non-scheduled,#08/1998,2028-04-28,AW139,A139,Leonardo,Leonardo AW139,RW,15,15,passenger,ns-oper.pdf,2026-08-31,2026-08-31
VT-RRF,801429,Global Vectra Helicorp,Global Vectra Helicorp Limited,non-scheduled,#08/1998,2028-04-28,BELL412EP,B412,Bell,Bell 412,RW,13,13,passenger,ns-oper.pdf,2026-08-31,2026-08-31
VT-RRG,801457,Global Vectra Helicorp,Global Vectra Helicorp Limited,non-scheduled,#08/1998,2028-04-28,AW169,A169,Leonardo,Leonardo AW169,RW,8,8,passenger,ns-oper.pdf,2026-08-31,2026-08-31
VT-RRH,,Global Vectra Helicorp,Global Vectra Helicorp Limited,non-scheduled,#08/1998,2028-04-28,AS 350 B3e,B350,Beechcraft,Beechcraft King Air 350,RW,6,6/Aerial Work,aerial-work,ns-oper.pdf,2026-08-31,2026-08-31
VT-RRI,8014BF,Global Vectra Helicorp,Global Vectra Helicorp Limited,non-scheduled,#08/1998,2028-04-28,BELL412EP,B412,Bell,Bell 412,RW,13,13,passenger,ns-oper.pdf,2026-08-31,2026-08-31
VT-RRJ,8014EF,Global Vectra Helicorp,Global Vectra Helicorp Limited,non-scheduled,#08/1998,2028-04-28,BELL412EP,B412,Bell,Bell 412,RW,11,11,passenger,ns-oper.pdf,2026-08-31,2026-08-31
VT-RRK,80154F,Global Vectra Helicorp,Global Vectra Helicorp Limited,non-scheduled,#08/1998,2028-04-28,AW169,A169,Leonardo,Leonardo AW169,RW,8,8,passenger,ns-oper.pdf,2026-08-31,2026-08-31
VT-RRL,8015B6,Global Vectra Helicorp,Global Vectra Helicorp Limited,non-scheduled,#08/1998,2028-04-28,AW169,A169,Leonardo,Leonardo AW169,RW,8,8,passenger,ns-oper.pdf,2026-08-31,2026-08-31
VT-RRN,8015E8,Global Vectra Helicorp,Global Vectra Helicorp Limited,non-scheduled,#08/1998,2028-04-28,AW169,A169,Leonardo,Leonardo AW169,RW,8,8,passenger,ns-oper.pdf,2026-08-31,2026-08-31
VT-RRO,,Global Vectra Helicorp,Global Vectra Helicorp Limited,non-scheduled,#08/1998,2028-04-28,AW169,A169,Leonardo,Leonardo AW169,RW,10,10,passenger,ns-oper.pdf,2026-08-31,2026-08-31
VT-RRP,801787,Baramati Agro,Baramati Agro Limited,non-scheduled,#14/2025,2031-09-17,Bell407GXP,B407,Bell,Bell 407,RW,6,6,passenger,ns-oper.pdf,2026-08-31,2026-08-31
VT-RRR,8017EF,Shivan Aadithya Air Services,Shivan Aadithya Air Services Pvt. Ltd.,non-scheduled,#05/2022,2027-07-20,BEECHCRAFT PREMIER 1A-390,PRM1,Hawker Beechcraft,Beechcraft Premier I,FW,6,6,passenger,ns-oper.pdf,2026-08-31,2026-08-31
VT-RSG,800BD5,Saarthi Airways,Saarthi Airways Pvt. Ltd.,non-scheduled,#09/2010,2028-12-13,FALCON 2000EX,F2TH,Dassault,Dassault Falcon 2000,FW,9,9,passenger,ns-oper.pdf,2026-08-31,2026-08-31
VT-RSL,8003CA,Flaps Aviation,Flaps Aviation Pvt. Ltd.,non-scheduled,#07/2022,2027-09-20,Beech Kingair C90A,BE9L,Beechcraft,Beechcraft King Air C90,FW,6,6,passenger,ns-oper.pdf,2026-08-31,2026-08-31
VT-RSM,,VSR Ventures,VSR Ventures Pvt. Ltd.,non-scheduled,#07/2014,2028-04-20,BEECHCRAFT KING AIR B200,BE20,Beechcraft,Beechcraft King Air 200,FW,8,8,passenger,ns-oper.pdf,2026-08-31,2026-08-31
VT-RSN,,Jet Serve Aviation,Jet Serve Aviation Pvt. Ltd.,non-scheduled,#02/2017,2029-02-09,Super King Air B-200,,Beechcraft,Beechcraft King Air,FW,8,8,passenger,ns-oper.pdf,2026-08-31,2026-08-31
VT-RTB,801590,Air India Express,Air India Express Ltd.,scheduled,S-14,2028-04-21,A321-251NX,A21N,Airbus,Airbus A321neo,FW,192,192,passenger,sch-oper.pdf,2026-08-31,2024-06-10
VT-RTC,801591,Air India Express,Air India Express Ltd.,scheduled,S-14,2028-04-21,A321-251NX,A21N,Airbus,Airbus A321neo,FW,192,192,passenger,sch-oper.pdf,2026-08-31,2024-06-10
VT-RTD,801595,Air India Express,Air India Express Ltd.,scheduled,S-14,2028-04-21,A321-251NX,A21N,Airbus,Airbus A321neo,FW,192,192,passenger,sch-oper.pdf,2026-08-31,2024-06-10
VT-RTE,801594,Air India Express,Air India Express Ltd.,scheduled,S-14,2028-04-21,A321-251NX,A21N,Airbus,Airbus A321neo,FW,192,192,passenger,sch-oper.pdf,2026-08-31,2024-06-10
VT-RTF,80160D,Air India Express,Air India Express Ltd.,scheduled,S-14,2028-04-21,A320-251N,A20N,Airbus,Airbus A320neo,FW,186,186,passenger,sch-oper.pdf,2026-08-31,2024-06-10
VT-RTG,801627,Air India Express,Air India Express Ltd.,scheduled,S-14,2028-04-21,A320-251N,A20N,Airbus,Airbus A320neo,FW,186,186,passenger,sch-oper.pdf,2026-08-31,2024-06-10
VT-RTH,801626,Air India Express,Air India Express Ltd.,scheduled,S-14,2028-04-21,A320-251N,A20N,Airbus,Airbus A320neo,FW,186,186,passenger,sch-oper.pdf,2026-08-31,2024-06-10
VT-RTI,801638,Air India Express,Air India Express Ltd.,scheduled,S-14,2028-04-21,A320-251N,A20N,Airbus,Airbus A320neo,FW,186,186,passenger,sch-oper.pdf,2026-08-31,2024-06-10
VT-RTJ,801645,Air India,Air India Ltd.,scheduled,S-9,2028-06-30,A320-251N,A20N,Airbus,Airbus A320neo,FW,162,162,passenger,sch-oper.pdf,2026-08-31,2024-06-10
VT-RTK,801657,Air India,Air India Ltd.,scheduled,S-9,2028-06-30,A320-251N,A20N,Airbus,Airbus A320neo,FW,162,162,passenger,sch-oper.pdf,2026-08-31,2024-06-10
VT-RTL,801671,Air India,Air India Ltd.,scheduled,S-9,2028-06-30,A320-251N,A20N,Airbus,Airbus A320neo,FW,162,162,passenger,sch-oper.pdf,2026-08-31,2024-06-10
VT-RTM,801674,Air India,Air India Ltd.,scheduled,S-9,2028-06-30,A320-251N,A20N,Airbus,Airbus A320neo,FW,162,162,passenger,sch-oper.pdf,2026-08-31,2026-08-31
VT-RTN,8016A7,Air India,Air India Ltd.,scheduled,S-9,2028-06-30,A320-251N,A20N,Airbus,Airbus A320neo,FW,162,162,passenger,sch-oper.pdf,2026-08-31,2026-08-31
VT-RTO,801615,Air India Express,Air India Express Ltd.,scheduled,S-14,2028-04-21,A320-251N,A20N,Airbus,Airbus A320neo,FW,186,186,passenger,sch-oper.pdf,2026-08-31,2024-06-10
VT-RTP,80161C,Air India Express,Air India Express Ltd.,scheduled,S-14,2028-04-21,A320-251N,A20N,Airbus,Airbus A320neo,FW,186,186,passenger,sch-oper.pdf,2026-08-31,2024-06-10
VT-RTQ,801613,Air India Express,Air India Express Ltd.,scheduled,S-14,2028-04-21,A320-251N,A20N,Airbus,Airbus A320neo,FW,186,186,passenger,sch-oper.pdf,2026-08-31,2024-06-10
VT-RTS,801667,Air India,Air India Ltd.,scheduled,S-9,2028-06-30,A320-251N,A20N,Airbus,Airbus A320neo,FW,162,162,passenger,sch-oper.pdf,2026-08-31,2024-06-10
VT-RTT,801625,Air India,Air India Ltd.,scheduled,S-9,2028-06-30,A320-251N,A20N,Airbus,Airbus A320neo,FW,162,162,passenger,sch-oper.pdf,2026-08-31,2024-06-10
VT-RTU,801640,Air India,Air India Ltd.,scheduled,S-9,2028-06-30,A320-251N,A20N,Airbus,Airbus A320neo,FW,162,162,passenger,sch-oper.pdf,2026-08-31,2024-06-10
VT-RTV,80164F,Air India,Air India Ltd.,scheduled,S-9,2028-06-30,A320-251N,A20N,Airbus,Airbus A320neo,FW,162,162,passenger,sch-oper.pdf,2026-08-31,2024-06-10
VT-RTW,80164E,Air India,Air India Ltd.,scheduled,S-9,2028-06-30,A320-251N,A20N,Airbus,Airbus A320neo,FW,162,162,passenger,sch-oper.pdf,2026-08-31,2026-08-31
VT-RTX,80165A,Air India,Air India Ltd.,scheduled,S-9,2028-06-30,A320-251N,A20N,Airbus,Airbus A320neo,FW,162,162,passenger,sch-oper.pdf,2026-08-31,2024-06-10
VT-RTY,80167E,Air India,Air India Ltd.,scheduled,S-9,2028-06-30,A320-251N,A20N,Airbus,Airbus A320neo,FW,162,162,passenger,sch-oper.pdf,2026-08-31,2024-06-10
VT-RTZ,80167F,Air India,Air India Ltd.,scheduled,S-9,2028-06-30,A320-251N,A20N,Airbus,Airbus A320neo,FW,162,162,passenger,sch-oper.pdf,2026-08-31,2026-08-31
VT-RUN,,E-Factor Adventure Tourism (P),E-Factor Adventure Tourism (P) Ltd.,non-scheduled,#1/2008,2029-01-01,ULTRAMAGIC N-250 (HOT AIR BALLOON),BALL,Hot air balloon,Hot air balloon,B,10,10,passenger,ns-oper.pdf,2026-08-31,2026-08-31
VT-SBJ,8015BE,Shraddha Energy and Infraprojects,Shraddha Energy and Infraprojects Private Limited,non-scheduled,#12/2023,2028-12-06,AS350B3,B350,Beechcraft,Beechcraft King Air 350,RW,5,5,passenger,ns-oper.pdf,2026-08-31,2026-08-31
VT-SCF,800373,Air India,Air India Ltd.,scheduled,S-9,2028-06-30,A319-112,A319,Airbus,Airbus A319,FW,122,122,passenger,sch-oper.pdf,2026-08-31,2024-06-10
VT-SCH,800401,Air India,Air India Ltd.,scheduled,S-9,2028-06-30,A319-112,A319,Airbus,Airbus A319,FW,122,122,passenger,sch-oper.pdf,2026-08-31,2024-06-10
VT-SCM,8004A7,Air India,Air India Ltd.,scheduled,S-9,2028-06-30,A319-112,A319,Airbus,Airbus A319,FW,122,122,passenger,sch-oper.pdf,2026-08-31,2024-06-10
VT-SCQ,800520,Air India,Air India Ltd.,scheduled,S-9,2028-06-30,A319-112,A319,Airbus,Airbus A319,FW,122,122,passenger,sch-oper.pdf,2026-08-31,2024-06-10
VT-SCR,800521,Air India,Air India Ltd.,scheduled,S-9,2028-06-30,A319-112,A319,Airbus,Airbus A319,FW,122,122,passenger,sch-oper.pdf,2026-08-31,2024-06-10
VT-SCV,80053F,Air India,Air India Ltd.,scheduled,S-9,2028-06-30,A319-112,A319,Airbus,Airbus A319,FW,122,122,passenger,sch-oper.pdf,2026-08-31,2024-06-10
VT-SDD,,Maharaja Aviation,Maharaja Aviation Pvt. Ltd.,non-scheduled,#07/2015,2027-08-26,ROBINSON R44,R44,Robinson,Robinson R44,RW,3,3,passenger,ns-oper.pdf,2026-08-31,2026-08-31
VT-SDS,,Thumby Aviation,Thumby Aviation Pvt. Ltd.,non-scheduled,#02/2013,2029-03-24,EC130-T2,EC30,Airbus Helicopters,Airbus H130,RW,7,7,passenger,ns-oper.pdf,2026-08-31,2026-08-31
VT-SES,,Syandan Aviation,Syandan Aviation Pvt. Ltd.,non-scheduled,#11/2025,2030-09-10,EC-130T2,EC30,Airbus Helicopters,Airbus H130,RW,7,7,passenger,ns-oper.pdf,2026-08-31,2026-08-31
VT-SFB,800CF5,SpiceJet,Spice Jet Ltd.,scheduled,S-16,2028-05-16,B737-700F/800F,B737,Boeing,Boeing 737-700,FW,,Cargo,cargo,sch-oper.pdf,2026-08-31,2024-06-10
VT-SFD,800D48,SpiceJet,Spice Jet Ltd.,scheduled,S-16,2028-05-16,B737-700F/800F,B737,Boeing,Boeing 737-700,FW,,Cargo,cargo,sch-oper.pdf,2026-08-31,2024-06-10
VT-SFE,800DAE,SpiceJet,Spice Jet Ltd.,scheduled,S-16,2028-05-16,B737-700F/800F,B737,Boeing,Boeing 737-700,FW,,Cargo,cargo,sch-oper.pdf,2026-08-31,2024-06-10
VT-SFU,8014BA,Indo Pacific Aviation,Indo Pacific Aviation Pvt. Ltd.,non-scheduled,#03/1997,2028-10-14,Embraer EMB-135 (Legacy 600),E35L,Embraer,Embraer Legacy 600/650,FW,13,13,passenger,ns-oper.pdf,2026-08-31,2026-08-31
VT-SGG,8005D5,SpiceJet,Spice Jet Ltd.,scheduled,S-16,2028-05-16,B737-800,B738,Boeing,Boeing 737-800,FW,189,189,passenger,sch-oper.pdf,2026-08-31,2024-06-10
VT-SGJ,800614,SpiceJet,Spice Jet Ltd.,scheduled,S-16,2028-05-16,B737-800,B738,Boeing,Boeing 737-800,FW,189,189,passenger,sch-oper.pdf,2026-08-31,2024-06-10
VT-SGV,80067F,SpiceJet,Spice Jet Ltd.,scheduled,S-16,2028-05-16,B737-800,B738,Boeing,Boeing 737-800,FW,189,189,passenger,sch-oper.pdf,2026-08-31,2024-06-10
VT-SHE,,Skyhop Aviation,Skyhop Aviation Private limited,scheduled,SC-11,2029-04-23,Twin Otter DHC-6,DHC6,De Havilland Canada,DHC-6 Twin Otter,FW,18,18,passenger,sch-oper.pdf,2026-08-31,2026-08-31
VT-SHG,800D9A,RPSG Resources,RPSG Resources Pvt Ltd.,non-scheduled,#08/2014,2028-06-25,Bombardier Global 5000,GLEX,Bombardier,Bombardier Global Express,FW,13,13,passenger,ns-oper.pdf,2026-08-31,2026-08-31
VT-SHL,801734,Steamhouse India,Steamhouse India Ltd.,non-scheduled,#18/2025,2030-10-20,PA-46-350P,B350,Beechcraft,Beechcraft King Air 350,FW,4,4,passenger,ns-oper.pdf,2026-08-31,2026-08-31
VT-SIL,,Aryan Aviation,Aryan Aviation Pvt. Ltd.,non-scheduled,#13/2009,2029-04-07,EUROCOPTER AS355N,,Other helicopter,EUROCOPTER AS355N,RW,5,5,passenger,ns-oper.pdf,2026-08-31,2026-08-31
VT-SIM,,Aryan Aviation,Aryan Aviation Pvt. Ltd.,non-scheduled,#13/2009,2029-04-07,AS365N2 DAUPHIN,AS65,Airbus Helicopters,Airbus Dauphin / H155,RW,5,5,passenger,ns-oper.pdf,2026-08-31,2026-08-31
VT-SKB,,Sky One Airways,Sky One Airways Pvt. Ltd.,non-scheduled,#04/2013,2027-12-25,MI-172,MI17,Mil,Mil Mi-172,RW,26,26,passenger,ns-oper.pdf,2026-08-31,2026-08-31
VT-SKE,,Sky One Airways,Sky One Airways Pvt. Ltd.,non-scheduled,#04/2013,2027-12-25,MI-172,MI17,Mil,Mil Mi-172,RW,26,26,passenger,ns-oper.pdf,2026-08-31,2026-08-31
VT-SKH,801440,Sky One Airways,Sky One Airways Pvt. Ltd.,non-scheduled,#04/2013,2027-12-25,MI-171A2,MI17,Mil,Mil Mi-172,RW,19,19,passenger,ns-oper.pdf,2026-08-31,2026-08-31
VT-SKJ,8016D0,Everdeliver Logistics,Everdeliver Logistics Pvt. Ltd.,non-scheduled,#02/2025,2030-01-23,PC-12/47E,PC12,Pilatus,Pilatus PC-12,FW,8,8,passenger,ns-oper.pdf,2026-08-31,2026-08-31
VT-SKN,8015D4,EHA Aviation,EHA Aviation Pvt. Ltd.,non-scheduled,#01/2022,2027-03-31,Cessna Citation 560XLS+,C56X,Cessna,Cessna Citation XLS,FW,9,9,passenger,ns-oper.pdf,2026-08-31,2026-08-31
VT-SLA,800B80,SpiceJet,Spice Jet Ltd.,scheduled,S-16,2028-05-16,B737-700,B737,Boeing,Boeing 737-700,FW,149,149,passenger,sch-oper.pdf,2026-08-31,2024-06-10
VT-SLB,800B81,SpiceJet,Spice Jet Ltd.,scheduled,S-16,2028-05-16,B737-700,B737,Boeing,Boeing 737-700,FW,149,149,passenger,sch-oper.pdf,2026-08-31,2024-06-10
VT-SLC,800B82,SpiceJet,Spice Jet Ltd.,scheduled,S-16,2028-05-16,B737-900,B737,Boeing,Boeing 737,FW,212,212,passenger,sch-oper.pdf,2026-08-31,2024-06-10
VT-SLD,800B83,SpiceJet,Spice Jet Ltd.,scheduled,S-16,2028-05-16,B737-900,B737,Boeing,Boeing 737,FW,212,212,passenger,sch-oper.pdf,2026-08-31,2024-06-10
VT-SLF,800BC7,SpiceJet,Spice Jet Ltd.,scheduled,S-16,2028-05-16,B737-800,B738,Boeing,Boeing 737-800,FW,189,189,passenger,sch-oper.pdf,2026-08-31,2024-06-10
VT-SLG,800BC8,SpiceJet,Spice Jet Ltd.,scheduled,S-16,2028-05-16,B737-800,B738,Boeing,Boeing 737-800,FW,189,189,passenger,sch-oper.pdf,2026-08-31,2024-06-10
VT-SLJ,800BCC,SpiceJet,Spice Jet Ltd.,scheduled,S-16,2028-05-16,B737-800,B738,Boeing,Boeing 737-800,FW,189,189,passenger,sch-oper.pdf,2026-08-31,2024-06-10
VT-SLK,,Flaps Aviation,Flaps Aviation Pvt. Ltd.,non-scheduled,#07/2022,2027-09-20,BEECH KING AIR C-90A,,Beechcraft,Beechcraft King Air,FW,6,6,passenger,ns-oper.pdf,2026-08-31,2026-08-31
VT-SLM,800BCE,SpiceJet,Spice Jet Ltd.,scheduled,S-16,2028-05-16,B737-800,B738,Boeing,Boeing 737-800,FW,189,189,passenger,sch-oper.pdf,2026-08-31,2024-06-10
VT-SLP,800CBD,SpiceJet,Spice Jet Ltd.,scheduled,S-16,2028-05-16,B737-700,B737,Boeing,Boeing 737-700,FW,149,149,passenger,sch-oper.pdf,2026-08-31,2024-06-10
VT-SMK,,Span Air,Span Air pvt. Ltd.,non-scheduled,#06/1995,2028-11-23,BELL-429,,Bell,Bell helicopter,RW,5,5,passenger,ns-oper.pdf,2026-08-31,2026-08-31
VT-SMR,800B2F,Span Air,Span Air pvt. Ltd.,non-scheduled,#06/1995,2028-11-23,B 200 GT,BE20,Beechcraft,B 200 GT,FW,9,9,passenger,ns-oper.pdf,2026-08-31,2026-08-31
VT-SMS,800D81,Empire Aircraft Management Services,Empire Aircraft Management Services Pvt. Ltd.,non-scheduled,#08/2017,2027-03-31,King Air 250 (B200GT),BE20,Beechcraft,Beechcraft King Air 200,FW,7,7,passenger,ns-oper.pdf,2026-08-31,2026-08-31
VT-SNB,800D06,MSPL,MSPL Ltd.,non-scheduled,#02/2009,2027-02-11,P-180 AVANTI II,P180,Other,P-180 AVANTI II,FW,8,8,passenger,ns-oper.pdf,2026-08-31,2026-08-31
VT-SNP,800661,Sobha Puravankara Aviation,Sobha Puravankara Aviation Pvt. Ltd.,non-scheduled,#03/2012,2028-03-14,GULFSTREAM G-200,GALX,Gulfstream,Gulfstream G200,FW,9,9,passenger,ns-oper.pdf,2026-08-31,2026-08-31
VT-SQA,800D03,SpiceJet,Spice Jet Ltd.,scheduled,S-16,2028-05-16,Q400,DH8D,De Havilland Canada,Dash 8 Q400,FW,78,78,passenger,sch-oper.pdf,2026-08-31,2024-06-10
VT-SQB,800D08,SpiceJet,Spice Jet Ltd.,scheduled,S-16,2028-05-16,Q400,DH8D,De Havilland Canada,Dash 8 Q400,FW,78,78,passenger,sch-oper.pdf,2026-08-31,2024-06-10
VT-SQC,800D17,SpiceJet,Spice Jet Ltd.,scheduled,S-16,2028-05-16,Q400,DH8D,De Havilland Canada,Dash 8 Q400,FW,78,78,passenger,sch-oper.pdf,2026-08-31,2024-06-10
VT-SQD,800D18,SpiceJet,Spice Jet Ltd.,scheduled,S-16,2028-05-16,Q400,DH8D,De Havilland Canada,Dash 8 Q400,FW,78,78,passenger,sch-oper.pdf,2026-08-31,2024-06-10
VT-SQE,800D42,SpiceJet,Spice Jet Ltd.,scheduled,S-16,2028-05-16,Q400,DH8D,De Havilland Canada,Dash 8 Q400,FW,78,78,passenger,sch-oper.pdf,2026-08-31,2024-06-10
VT-SQI,800D56,SpiceJet,Spice Jet Ltd.,scheduled,S-16,2028-05-16,Q400,DH8D,De Havilland Canada,Dash 8 Q400,FW,78,78,passenger,sch-oper.pdf,2026-08-31,2024-06-10
VT-SRC,8006E2,VSR Ventures,VSR Ventures Pvt. Ltd.,non-scheduled,#07/2014,2028-04-20,BEECHCRAFT KING AIR B200,BE20,Beechcraft,Beechcraft King Air 200,FW,8,8,passenger,ns-oper.pdf,2026-08-31,2026-08-31
VT-SRE,80181C,Rithwik Green Power and Aviation,Rithwik Green Power and Aviation Pvt. Ltd.,non-scheduled,#12/2022,2027-10-25,CITATION 525A CJ2+,C25B,Cessna,Cessna Citation CJ series,FW,7,7,passenger,ns-oper.pdf,2026-08-31,2026-08-31
VT-SRK,80183C,Saffron Strokes,Saffron Strokes Private Limited,non-scheduled,#04/2024,2029-02-18,BEECHCRAFT PREMIER 1A-390,PRM1,Hawker Beechcraft,Beechcraft Premier I,FW,6,6,passenger,ns-oper.pdf,2026-08-31,2026-08-31
VT-SSF,8005F5,Simm Samm Airways,Simm Samm Airways Pvt. Ltd.,non-scheduled,#14/2009,2029-04-08,HAWKER BEECHCRAFT (PREMIER 1A),PRM1,Hawker Beechcraft,Beechcraft Premier I,FW,6,6,passenger,ns-oper.pdf,2026-08-31,2026-08-31
VT-SSJ,,Fairwinds Aviation,Fairwinds Aviation Pvt. Ltd.,non-scheduled,#01/2019,2029-01-10,CESSNA 206H,C206,Cessna,Cessna 206,FW,4,4,passenger,ns-oper.pdf,2026-08-31,2026-08-31
VT-SSO,,Simm Samm Airways,Simm Samm Airways Pvt. Ltd.,non-scheduled,#14/2009,2029-04-08,SIKORSKY S-76C++,S76,Sikorsky,Sikorsky S-76,RW,6,6,passenger,ns-oper.pdf,2026-08-31,2026-08-31
VT-SSR,8015C3,FLYSBS AVIATION,FLYSBS AVIATION LIMITED,non-scheduled,#13/2023,2028-12-18,EMB-135 (LEGACY 600),E35L,Embraer,Embraer Legacy 600/650,FW,13,13,passenger,ns-oper.pdf,2026-08-31,2026-08-31
VT-SUB,800655,SpiceJet,Spice Jet Ltd.,scheduled,S-16,2028-05-16,Q400,DH8D,De Havilland Canada,Dash 8 Q400,FW,78,78,passenger,sch-oper.pdf,2026-08-31,2024-06-10
VT-SUD,800657,SpiceJet,Spice Jet Ltd.,scheduled,S-16,2028-05-16,Q400,DH8D,De Havilland Canada,Dash 8 Q400,FW,78,78,passenger,sch-oper.pdf,2026-08-31,2024-06-10
VT-SUE,800670,SpiceJet,Spice Jet Ltd.,scheduled,S-16,2028-05-16,Q400,DH8D,De Havilland Canada,Dash 8 Q400,FW,78,78,passenger,sch-oper.pdf,2026-08-31,2024-06-10
VT-SUG,800672,SpiceJet,Spice Jet Ltd.,scheduled,S-16,2028-05-16,Q400,DH8D,De Havilland Canada,Dash 8 Q400,FW,78,78,passenger,sch-oper.pdf,2026-08-31,2024-06-10
VT-SUH,800673,SpiceJet,Spice Jet Ltd.,scheduled,S-16,2028-05-16,Q400,DH8D,De Havilland Canada,Dash 8 Q400,FW,78,78,passenger,sch-oper.pdf,2026-08-31,2024-06-10
VT-SUI,8006E8,SpiceJet,Spice Jet Ltd.,scheduled,S-16,2028-05-16,Q400,DH8D,De Havilland Canada,Dash 8 Q400,FW,78,78,passenger,sch-oper.pdf,2026-08-31,2024-06-10
VT-SUJ,8006E9,SpiceJet,Spice Jet Ltd.,scheduled,S-16,2028-05-16,Q400,DH8D,De Havilland Canada,Dash 8 Q400,FW,78,78,passenger,sch-oper.pdf,2026-08-31,2024-06-10
VT-SUK,8006EA,SpiceJet,Spice Jet Ltd.,scheduled,S-16,2028-05-16,Q400,DH8D,De Havilland Canada,Dash 8 Q400,FW,78,78,passenger,sch-oper.pdf,2026-08-31,2024-06-10
VT-SUL,8006EB,SpiceJet,Spice Jet Ltd.,scheduled,S-16,2028-05-16,Q400,DH8D,De Havilland Canada,Dash 8 Q400,FW,78,78,passenger,sch-oper.pdf,2026-08-31,2024-06-10
VT-SUM,8006EC,SpiceJet,Spice Jet Ltd.,scheduled,S-16,2028-05-16,Q400,DH8D,De Havilland Canada,Dash 8 Q400,FW,78,78,passenger,sch-oper.pdf,2026-08-31,2024-06-10
VT-SUO,8006ED,SpiceJet,Spice Jet Ltd.,scheduled,S-16,2028-05-16,Q400,DH8D,De Havilland Canada,Dash 8 Q400,FW,78,78,passenger,sch-oper.pdf,2026-08-31,2024-06-10
VT-SUP,800712,SpiceJet,Spice Jet Ltd.,scheduled,S-16,2028-05-16,Q400,DH8D,De Havilland Canada,Dash 8 Q400,FW,78,78,passenger,sch-oper.pdf,2026-08-31,2024-06-10
VT-SUQ,800BB1,SpiceJet,Spice Jet Ltd.,scheduled,S-16,2028-05-16,Q400,DH8D,De Havilland Canada,Dash 8 Q400,FW,78,78,passenger,sch-oper.pdf,2026-08-31,2024-06-10
VT-SUR,8001E0,SpiceJet,Spice Jet Ltd.,scheduled,S-16,2028-05-16,Q400,DH8D,De Havilland Canada,Dash 8 Q400,FW,78,78,passenger,sch-oper.pdf,2026-08-31,2024-06-10
VT-SUS,8000C1,SpiceJet,Spice Jet Ltd.,scheduled,S-16,2028-05-16,Q400,DH8D,De Havilland Canada,Dash 8 Q400,FW,78,78,passenger,sch-oper.pdf,2026-08-31,2024-06-10
VT-SUV,800C25,SpiceJet,Spice Jet Ltd.,scheduled,S-16,2028-05-16,Q400,DH8D,De Havilland Canada,Dash 8 Q400,FW,78,78,passenger,sch-oper.pdf,2026-08-31,2024-06-10
VT-SUY,800C67,SpiceJet,Spice Jet Ltd.,scheduled,S-16,2028-05-16,Q400,DH8D,De Havilland Canada,Dash 8 Q400,FW,78,78,passenger,sch-oper.pdf,2026-08-31,2024-06-10
VT-SXA,800DA3,SpiceJet,Spice Jet Ltd.,scheduled,S-16,2028-05-16,B737-800,B738,Boeing,Boeing 737-800,FW,189,189,passenger,sch-oper.pdf,2026-08-31,2024-06-10
VT-SXE,800DA9,SpiceJet,Spice Jet Ltd.,scheduled,S-16,2028-05-16,B737-800,B738,Boeing,Boeing 737-800,FW,189,189,passenger,sch-oper.pdf,2026-08-31,2024-06-10
VT-SYI,800D79,SpiceJet,Spice Jet Ltd.,scheduled,S-16,2028-05-16,B737-800,B738,Boeing,Boeing 737-800,FW,189,189,passenger,sch-oper.pdf,2026-08-31,2024-06-10
VT-SYJ,800D7A,SpiceJet,Spice Jet Ltd.,scheduled,S-16,2028-05-16,B737-800,B738,Boeing,Boeing 737-800,FW,189,189,passenger,sch-oper.pdf,2026-08-31,2024-06-10
VT-SYT,800D90,SpiceJet,Spice Jet Ltd.,scheduled,S-16,2028-05-16,B737-700,B737,Boeing,Boeing 737-700,FW,149,149,passenger,sch-oper.pdf,2026-08-31,2024-06-10
VT-SYU,800D91,SpiceJet,Spice Jet Ltd.,scheduled,S-16,2028-05-16,B737-700,B737,Boeing,Boeing 737-700,FW,149,149,passenger,sch-oper.pdf,2026-08-31,2024-06-10
VT-SYZ,800DA2,SpiceJet,Spice Jet Ltd.,scheduled,S-16,2028-05-16,B737-800,B738,Boeing,Boeing 737-800,FW,189,189,passenger,sch-oper.pdf,2026-08-31,2024-06-10
VT-SZL,800AF7,SpiceJet,Spice Jet Ltd.,scheduled,S-16,2028-05-16,B737-900,B737,Boeing,Boeing 737,FW,212,212,passenger,sch-oper.pdf,2026-08-31,2024-06-10
VT-TAA,,Pinnacle Air,Pinnacle Air Pvt. Ltd.,non-scheduled,#25/2008,2028-10-02,P68 Obeserver-2,P68,Vulcanair / Partenavia,Partenavia P.68,FW,4,4,passenger,ns-oper.pdf,2026-08-31,2026-08-31
VT-TAT,8013C5,Tara Aviation Services,Tara Aviation Services Pvt. Ltd.,non-scheduled,#03/2026,2031-02-11,FALCON 2000,F2TH,Dassault,Dassault Falcon 2000,FW,8,8,passenger,ns-oper.pdf,2026-08-31,2026-08-31
VT-TAZ,8017ED,Zest Aviation,Zest Aviation Pvt. Ltd.,non-scheduled,#07/2012,2028-06-27,Cessna Citation 560XL,C56X,Cessna,Cessna Citation XLS,FW,8,8,passenger,ns-oper.pdf,2026-08-31,2026-08-31
VT-TBC,,Trans Bharat Aviation,Trans Bharat Aviation Pvt. Ltd.,non-scheduled,#01/1991,2029-02-27,BELL 407,B407,Bell,Bell 407,RW,6,6/Aerial Work,aerial-work,ns-oper.pdf,2026-08-31,2026-08-31
VT-TBF,,Trans Bharat Aviation,Trans Bharat Aviation Pvt. Ltd.,non-scheduled,#01/1991,2029-02-27,BELL 407,B407,Bell,Bell 407,RW,6,6,passenger,ns-oper.pdf,2026-08-31,2026-08-31
VT-TBT,800140,RPS Aviation,RPS Aviation Pvt. Ltd.,non-scheduled,#02/2022,2027-04-10,FALCON 2000,F2TH,Dassault,Dassault Falcon 2000,FW,8,8,passenger,ns-oper.pdf,2026-08-31,2026-08-31
VT-TDT,8004AF,Taj Air,Taj Air Ltd.,non-scheduled,#09/1993,2028-11-14,FALCON 2000 LX,F2TH,Dassault,Dassault Falcon 2000,FW,9,9,passenger,ns-oper.pdf,2026-08-31,2026-08-31
VT-TEN,801504,Arrow Aircrafts Sales & Charters,Arrow Aircrafts Sales & Charters,non-scheduled,#4/2014,2028-03-10,Embraer EMB135BJ (Legacy 650),E35L,Embraer,Embraer Legacy 600/650,FW,10,10,passenger,ns-oper.pdf,2026-08-31,2026-08-31
VT-TGG,800DB4,Air India Express,Air India Express Ltd.,scheduled,S-14,2028-04-21,B737-800,B738,Boeing,Boeing 737-800,FW,186,186,passenger,sch-oper.pdf,2026-08-31,2024-06-10
VT-TGH,800DB5,Air India Express,Air India Express Ltd.,scheduled,S-14,2028-04-21,B737-800,B738,Boeing,Boeing 737-800,FW,186,186,passenger,sch-oper.pdf,2026-08-31,2024-06-10
VT-TIS,,Jhankar Aviation,Jhankar Aviation Pvt. Ltd.,non-scheduled,#13/2022,2027-11-10,King Air C90A,BE9L,Beechcraft,Beechcraft King Air C90,FW,6,6,passenger,ns-oper.pdf,2026-08-31,2026-08-31
VT-TKG,80185A,Tara Aviation Services,Tara Aviation Services Pvt. Ltd.,non-scheduled,#03/2026,2031-02-11,PC-12/47E,PC12,Pilatus,Pilatus PC-12,FW,8,8,passenger,ns-oper.pdf,2026-08-31,2026-08-31
VT-TLC,,Wings Aviation,Wings Aviation Pvt. Ltd.,non-scheduled,#05/2026,2031-03-23,P68C,P68,Vulcanair / Partenavia,Partenavia P.68,FW,5,5,passenger,ns-oper.pdf,2026-08-31,2026-08-31
VT-TNB,800C0B,Air India,Air India Ltd.,scheduled,S-9,2028-06-30,A320-251N,A20N,Airbus,Airbus A320neo,FW,162,162,passenger,sch-oper.pdf,2026-08-31,2024-06-10
VT-TNC,800C0C,Air India,Air India Ltd.,scheduled,S-9,2028-06-30,A320-251N,A20N,Airbus,Airbus A320neo,FW,162,162,passenger,sch-oper.pdf,2026-08-31,2024-06-10
VT-TNE,800C3C,Air India,Air India Ltd.,scheduled,S-9,2028-06-30,A320-251N,A20N,Airbus,Airbus A320neo,FW,162,162,passenger,sch-oper.pdf,2026-08-31,2024-06-10
VT-TNF,800C64,Air India,Air India Ltd.,scheduled,S-9,2028-06-30,A320-251N,A20N,Airbus,Airbus A320neo,FW,162,162,passenger,sch-oper.pdf,2026-08-31,2024-06-10
VT-TNH,800C8E,Air India,Air India Ltd.,scheduled,S-9,2028-06-30,A320-251N,A20N,Airbus,Airbus A320neo,FW,162,162,passenger,sch-oper.pdf,2026-08-31,2024-06-10
VT-TNI,800C8F,Air India,Air India Ltd.,scheduled,S-9,2028-06-30,A320-251N,A20N,Airbus,Airbus A320neo,FW,162,162,passenger,sch-oper.pdf,2026-08-31,2024-06-10
VT-TNJ,800CB9,Air India,Air India Ltd.,scheduled,S-9,2028-06-30,A320-251N,A20N,Airbus,Airbus A320neo,FW,162,162,passenger,sch-oper.pdf,2026-08-31,2024-06-10
VT-TNK,800CBA,Air India,Air India Ltd.,scheduled,S-9,2028-06-30,A320-251N,A20N,Airbus,Airbus A320neo,FW,162,162,passenger,sch-oper.pdf,2026-08-31,2024-06-10
VT-TNL,800DAF,Air India,Air India Ltd.,scheduled,S-9,2028-06-30,A320-251N,A20N,Airbus,Airbus A320neo,FW,162,162,passenger,sch-oper.pdf,2026-08-31,2024-06-10
VT-TNM,800DB0,Air India,Air India Ltd.,scheduled,S-9,2028-06-30,A320-251N,A20N,Airbus,Airbus A320neo,FW,162,162,passenger,sch-oper.pdf,2026-08-31,2024-06-10
VT-TNN,800DA0,Air India Express,Air India Express Ltd.,scheduled,S-14,2028-04-21,A320-251N,A20N,Airbus,Airbus A320neo,FW,186,186,passenger,sch-oper.pdf,2026-08-31,2024-06-10
VT-TNP,801396,Air India,Air India Ltd.,scheduled,S-9,2028-06-30,A320-251N,A20N,Airbus,Airbus A320neo,FW,162,162,passenger,sch-oper.pdf,2026-08-31,2024-06-10
VT-TNQ,80139B,Air India,Air India Ltd.,scheduled,S-9,2028-06-30,A320-251N,A20N,Airbus,Airbus A320neo,FW,162,162,passenger,sch-oper.pdf,2026-08-31,2024-06-10
VT-TNR,80139E,Air India,Air India Ltd.,scheduled,S-9,2028-06-30,A320-251N,A20N,Airbus,Airbus A320neo,FW,162,162,passenger,sch-oper.pdf,2026-08-31,2024-06-10
VT-TNS,8013B1,Air India,Air India Ltd.,scheduled,S-9,2028-06-30,A320-251N,A20N,Airbus,Airbus A320neo,FW,162,162,passenger,sch-oper.pdf,2026-08-31,2024-06-10
VT-TNU,8013A3,Air India,Air India Ltd.,scheduled,S-9,2028-06-30,A320-251N,A20N,Airbus,Airbus A320neo,FW,162,162,passenger,sch-oper.pdf,2026-08-31,2024-06-10
VT-TNV,8013A4,Air India,Air India Ltd.,scheduled,S-9,2028-06-30,A320-251N,A20N,Airbus,Airbus A320neo,FW,162,162,passenger,sch-oper.pdf,2026-08-31,2024-06-10
VT-TNW,8013B2,Air India,Air India Ltd.,scheduled,S-9,2028-06-30,A320-251N,A20N,Airbus,Airbus A320neo,FW,162,162,passenger,sch-oper.pdf,2026-08-31,2024-06-10
VT-TNX,8013EA,Air India,Air India Ltd.,scheduled,S-9,2028-06-30,A320-251N,A20N,Airbus,Airbus A320neo,FW,162,162,passenger,sch-oper.pdf,2026-08-31,2024-06-10
VT-TNY,8013CC,Air India,Air India Ltd.,scheduled,S-9,2028-06-30,A320-251N,A20N,Airbus,Airbus A320neo,FW,162,162,passenger,sch-oper.pdf,2026-08-31,2024-06-10
VT-TNZ,8013FE,Air India,Air India Ltd.,scheduled,S-9,2028-06-30,A320-251N,A20N,Airbus,Airbus A320neo,FW,162,162,passenger,sch-oper.pdf,2026-08-31,2024-06-10
VT-TOP,801692,Arrow Aircrafts Sales & Charters,Arrow Aircrafts Sales & Charters,non-scheduled,#4/2014,2028-03-10,AW169,A169,Leonardo,Leonardo AW169,RW,6,6,passenger,ns-oper.pdf,2026-08-31,2026-08-31
VT-TQA,801408,Air India,Air India Ltd.,scheduled,S-9,2028-06-30,A320-251N,A20N,Airbus,Airbus A320neo,FW,162,162,passenger,sch-oper.pdf,2026-08-31,2024-06-10
VT-TQB,801409,Air India,Air India Ltd.,scheduled,S-9,2028-06-30,A320-251N,A20N,Airbus,Airbus A320neo,FW,162,162,passenger,sch-oper.pdf,2026-08-31,2024-06-10
VT-TQC,80141E,Air India,Air India Ltd.,scheduled,S-9,2028-06-30,A320-251N,A20N,Airbus,Airbus A320neo,FW,162,162,passenger,sch-oper.pdf,2026-08-31,2024-06-10
VT-TQD,80141D,Air India,Air India Ltd.,scheduled,S-9,2028-06-30,A320-251N,A20N,Airbus,Airbus A320neo,FW,162,162,passenger,sch-oper.pdf,2026-08-31,2024-06-10
VT-TQE,801439,Air India,Air India Ltd.,scheduled,S-9,2028-06-30,A320-251N,A20N,Airbus,Airbus A320neo,FW,162,162,passenger,sch-oper.pdf,2026-08-31,2024-06-10
VT-TQF,801424,Air India,Air India Ltd.,scheduled,S-9,2028-06-30,A320-251N,A20N,Airbus,Airbus A320neo,FW,162,162,passenger,sch-oper.pdf,2026-08-31,2024-06-10
VT-TQG,801495,Air India,Air India Ltd.,scheduled,S-9,2028-06-30,A320-251N,A20N,Airbus,Airbus A320neo,FW,162,162,passenger,sch-oper.pdf,2026-08-31,2024-06-10
VT-TQH,80145A,Air India,Air India Ltd.,scheduled,S-9,2028-06-30,A320-251N,A20N,Airbus,Airbus A320neo,FW,162,162,passenger,sch-oper.pdf,2026-08-31,2024-06-10
VT-TQI,8014DA,Air India,Air India Ltd.,scheduled,S-9,2028-06-30,A320-251N,A20N,Airbus,Airbus A320neo,FW,162,162,passenger,sch-oper.pdf,2026-08-31,2024-06-10
VT-TQJ,8014DB,Air India,Air India Ltd.,scheduled,S-9,2028-06-30,A320-251N,A20N,Airbus,Airbus A320neo,FW,162,162,passenger,sch-oper.pdf,2026-08-31,2024-06-10
VT-TQK,8014D0,Air India,Air India Ltd.,scheduled,S-9,2028-06-30,A320-251N,A20N,Airbus,Airbus A320neo,FW,162,162,passenger,sch-oper.pdf,2026-08-31,2024-06-10
VT-TQL,8014C4,Air India,Air India Ltd.,scheduled,S-9,2028-06-30,A320-251N,A20N,Airbus,Airbus A320neo,FW,162,162,passenger,sch-oper.pdf,2026-08-31,2024-06-10
VT-TQM,8014ED,Air India,Air India Ltd.,scheduled,S-9,2028-06-30,A320-251N,A20N,Airbus,Airbus A320neo,FW,162,162,passenger,sch-oper.pdf,2026-08-31,2024-06-10
VT-TQN,801534,Air India,Air India Ltd.,scheduled,S-9,2028-06-30,A320-251N,A20N,Airbus,Airbus A320neo,FW,162,162,passenger,sch-oper.pdf,2026-08-31,2024-06-10
VT-TQO,801553,Air India,Air India Ltd.,scheduled,S-9,2028-06-30,A320-251N,A20N,Airbus,Airbus A320neo,FW,162,162,passenger,sch-oper.pdf,2026-08-31,2024-06-10
VT-TQP,80159C,Air India,Air India Ltd.,scheduled,S-9,2028-06-30,A320-251N,A20N,Airbus,Airbus A320neo,FW,162,162,passenger,sch-oper.pdf,2026-08-31,2024-06-10
VT-TQQ,80159D,Air India,Air India Ltd.,scheduled,S-9,2028-06-30,A320-251N,A20N,Airbus,Airbus A320neo,FW,162,162,passenger,sch-oper.pdf,2026-08-31,2024-06-10
VT-TQR,801602,Air India,Air India Ltd.,scheduled,S-9,2028-06-30,A320-251N,A20N,Airbus,Airbus A320neo,FW,162,162,passenger,sch-oper.pdf,2026-08-31,2024-06-10
VT-TQS,801603,Air India,Air India Ltd.,scheduled,S-9,2028-06-30,A320-251N,A20N,Airbus,Airbus A320neo,FW,162,162,passenger,sch-oper.pdf,2026-08-31,2024-06-10
VT-TQT,80162E,Air India,Air India Ltd.,scheduled,S-9,2028-06-30,A320-251N,A20N,Airbus,Airbus A320neo,FW,162,162,passenger,sch-oper.pdf,2026-08-31,2024-06-10
VT-TQU,80162F,Air India,Air India Ltd.,scheduled,S-9,2028-06-30,A320-251N,A20N,Airbus,Airbus A320neo,FW,162,162,passenger,sch-oper.pdf,2026-08-31,2024-06-10
VT-TQV,,Air India,Air India Ltd.,scheduled,S-9,2028-06-30,A320-251N,A20N,Airbus,Airbus A320neo,FW,162,162,passenger,sch-oper.pdf,2026-08-31,2024-06-10
VT-TQW,801672,Air India,Air India Ltd.,scheduled,S-9,2028-06-30,A320-251N,A20N,Airbus,Airbus A320neo,FW,162,162,passenger,sch-oper.pdf,2026-08-31,2024-06-10
VT-TQX,80167B,Air India,Air India Ltd.,scheduled,S-9,2028-06-30,A320-251N,A20N,Airbus,Airbus A320neo,FW,162,162,passenger,sch-oper.pdf,2026-08-31,2024-06-10
VT-TRI,8007F5,VSR Ventures,VSR Ventures Pvt. Ltd.,non-scheduled,#07/2014,2028-04-20,LEARJET-45 XR,LJ45,Bombardier,Learjet,FW,9,9,passenger,ns-oper.pdf,2026-08-31,2026-08-31
VT-TSD,8013C2,Air India,Air India Ltd.,scheduled,S-9,2028-06-30,B787-9,B789,Boeing,Boeing 787-9,FW,299,299,passenger,sch-oper.pdf,2026-08-31,2024-06-10
VT-TSE,8013C3,Air India,Air India Ltd.,scheduled,S-9,2028-06-30,B787-9,B789,Boeing,Boeing 787-9,FW,299,299,passenger,sch-oper.pdf,2026-08-31,2024-06-10
VT-TSG,800CC6,Deccan Charters,Deccan Charters Pvt. Ltd.,non-scheduled,#26/2008,2028-10-06,Hawker 900XP,H25B,Hawker Beechcraft,Hawker 800/850/900,FW,9,9,passenger,ns-oper.pdf,2026-08-31,2026-08-31
VT-TSH,801406,Air India,Air India Ltd.,scheduled,S-9,2028-06-30,B787-9,B789,Boeing,Boeing 787-9,FW,299,299,passenger,sch-oper.pdf,2026-08-31,2024-06-10
VT-TSN,80166C,Air India,Air India Ltd.,scheduled,S-9,2028-06-30,B787-9,B789,Boeing,Boeing 787-9,FW,299,299,passenger,sch-oper.pdf,2026-08-31,2024-06-10
VT-TSO,8015CD,Air India,Air India Ltd.,scheduled,S-9,2028-06-30,B787-9,B789,Boeing,Boeing 787-9,FW,299,299,passenger,sch-oper.pdf,2026-08-31,2024-06-10
VT-TSP,80158C,Air India,Air India Ltd.,scheduled,S-9,2028-06-30,B787-9,B789,Boeing,Boeing 787-9,FW,299,299,passenger,sch-oper.pdf,2026-08-31,2024-06-10
VT-TUS,801628,Zest Aviation,Zest Aviation Pvt. Ltd.,non-scheduled,#07/2012,2028-06-27,GLOBAL EXPRESS XRS,GLEX,Bombardier,Bombardier Global Express,FW,13,13,passenger,ns-oper.pdf,2026-08-31,2026-08-31
VT-TVA,8013D6,Air India,Air India Ltd.,scheduled,S-9,2028-06-30,A321-251NX,A21N,Airbus,Airbus A321neo,FW,192,192,passenger,sch-oper.pdf,2026-08-31,2024-06-10
VT-TVB,8013ED,Air India,Air India Ltd.,scheduled,S-9,2028-06-30,A321-251NX,A21N,Airbus,Airbus A321neo,FW,192,192,passenger,sch-oper.pdf,2026-08-31,2024-06-10
VT-TVC,80143A,Air India,Air India Ltd.,scheduled,S-9,2028-06-30,A321-251NX,A21N,Airbus,Airbus A321neo,FW,192,192,passenger,sch-oper.pdf,2026-08-31,2024-06-10
VT-TVD,801464,Air India,Air India Ltd.,scheduled,S-9,2028-06-30,A321-251NX,A21N,Airbus,Airbus A321neo,FW,192,192,passenger,sch-oper.pdf,2026-08-31,2024-06-10
VT-TVE,8014DD,Air India,Air India Ltd.,scheduled,S-9,2028-06-30,A321-251NX,A21N,Airbus,Airbus A321neo,FW,192,192,passenger,sch-oper.pdf,2026-08-31,2024-06-10
VT-TVF,801552,Air India,Air India Ltd.,scheduled,S-9,2028-06-30,A321-251NX,A21N,Airbus,Airbus A321neo,FW,192,192,passenger,sch-oper.pdf,2026-08-31,2024-06-10
VT-TVG,80155F,Air India,Air India Ltd.,scheduled,S-9,2028-06-30,A321-251NX,A21N,Airbus,Airbus A321neo,FW,192,192,passenger,sch-oper.pdf,2026-08-31,2024-06-10
VT-TVH,801597,Air India,Air India Ltd.,scheduled,S-9,2028-06-30,A321-251NX,A21N,Airbus,Airbus A321neo,FW,192,192,passenger,sch-oper.pdf,2026-08-31,2024-06-10
VT-TVI,8015C1,Air India,Air India Ltd.,scheduled,S-9,2028-06-30,A321-251NX,A21N,Airbus,Airbus A321neo,FW,192,192,passenger,sch-oper.pdf,2026-08-31,2024-06-10
VT-TVJ,8015C5,Air India,Air India Ltd.,scheduled,S-9,2028-06-30,A321-251NX,A21N,Airbus,Airbus A321neo,FW,192,192,passenger,sch-oper.pdf,2026-08-31,2024-06-10
VT-TVM,800634,Rithwik Green Power and Aviation,Rithwik Green Power and Aviation Pvt. Ltd.,non-scheduled,#12/2022,2027-10-25,CITATION 525A CJ2+,C25B,Cessna,Cessna Citation CJ series,FW,7,7,passenger,ns-oper.pdf,2026-08-31,2026-08-31
VT-TWJ,8018B8,Transworld Jets,Transworld Jets Pvt Ltd,non-scheduled,#07/2024,2029-07-11,FALCON 2000 EX EASY,F2TH,Dassault,Dassault Falcon 2000,FW,9,9,passenger,ns-oper.pdf,2026-08-31,2026-08-31
VT-TWO,80057E,Universal Airways,Universal Airways Pvt. Ltd.,non-scheduled,#04/2006,2028-07-31,AW139,A139,Leonardo,Leonardo AW139,RW,8,8,passenger,ns-oper.pdf,2026-08-31,2026-08-31
VT-TYA,801420,Air India,Air India Ltd.,scheduled,S-9,2028-06-30,A320-251N,A20N,Airbus,Airbus A320neo,FW,162,162,passenger,sch-oper.pdf,2026-08-31,2024-06-10
VT-TYB,801441,Air India,Air India Ltd.,scheduled,S-9,2028-06-30,A320-251N,A20N,Airbus,Airbus A320neo,FW,162,162,passenger,sch-oper.pdf,2026-08-31,2024-06-10
VT-TYC,801493,Air India,Air India Ltd.,scheduled,S-9,2028-06-30,A320-251N,A20N,Airbus,Airbus A320neo,FW,162,162,passenger,sch-oper.pdf,2026-08-31,2024-06-10
VT-TYD,8014AE,Air India,Air India Ltd.,scheduled,S-9,2028-06-30,A320-251N,A20N,Airbus,Airbus A320neo,FW,162,162,passenger,sch-oper.pdf,2026-08-31,2024-06-10
VT-TYE,8014F3,Air India,Air India Ltd.,scheduled,S-9,2028-06-30,A320-251N,A20N,Airbus,Airbus A320neo,FW,162,162,passenger,sch-oper.pdf,2026-08-31,2024-06-10
VT-TYF,80158B,Air India Express,Air India Express Ltd.,scheduled,S-14,2028-04-21,A320-251N,A20N,Airbus,Airbus A320neo,FW,186,186,passenger,sch-oper.pdf,2026-08-31,2024-06-10
VT-TYG,801584,Air India,Air India Ltd.,scheduled,S-9,2028-06-30,A320-251N,A20N,Airbus,Airbus A320neo,FW,162,162,passenger,sch-oper.pdf,2026-08-31,2024-06-10
VT-UDA,8014E9,Alliance Air,Alliance Air Aviation Ltd.,scheduled,S-8,2028-04-30,ATR42-500,AT46,ATR,ATR 42-600,FW,48,48,passenger,sch-oper.pdf,2026-08-31,2024-06-10
VT-UDB,8014EA,Alliance Air,Alliance Air Aviation Ltd.,scheduled,S-8,2028-04-30,ATR42-500,AT46,ATR,ATR 42-600,FW,48,48,passenger,sch-oper.pdf,2026-08-31,2024-06-10
VT-UDY,,Deccan Charters,Deccan Charters Pvt. Ltd.,non-scheduled,#26/2008,2028-10-06,AS 350 B3,B350,Beechcraft,Beechcraft King Air 350,RW,6,6,passenger,ns-oper.pdf,2026-08-31,2026-08-31
VT-UHE,,United Helicharters,United Helicharters Pvt. Ltd.,non-scheduled,#04/2026,2031-02-19,AS350B3,B350,Beechcraft,Beechcraft King Air 350,RW,6,6,passenger,ns-oper.pdf,2026-08-31,2026-08-31
VT-UPA,80004F,Jhankar Aviation,Jhankar Aviation Pvt. Ltd.,non-scheduled,#13/2022,2027-11-10,BEECHCRAFT 300LW,BE30,Beechcraft,BEECHCRAFT 300LW,FW,9,9,passenger,ns-oper.pdf,2026-08-31,2026-08-31
VT-UYK,800C04,Vimaan Airlines,Vimaan Airlines Pvt. Ltd.,non-scheduled,#03/2025,2030-02-03,Hawker 800XP,H25B,Hawker Beechcraft,Hawker 800/850/900,FW,8,8,passenger,ns-oper.pdf,2026-08-31,2026-08-31
VT-VAD,,Indocopters,Indocopters Pvt. Ltd.,non-scheduled,#06/2006,2028-08-24,AS 350 B3 ECUREUIL,B350,Beechcraft,Beechcraft King Air 350,RW,6,6,passenger,ns-oper.pdf,2026-08-31,2026-08-31
VT-VAK,,Ventura Airconnect,Ventura Airconnect Ltd.,non-scheduled,#08/2011,2028-06-08,CESSNA CARAVAN 208B,C208,Cessna,Cessna 208 Grand Caravan,FW,9,9,passenger,ns-oper.pdf,2026-08-31,2026-08-31
VT-VAM,800676,Ventura Airconnect,Ventura Airconnect Ltd.,non-scheduled,#08/2011,2028-06-08,CESSNA CARAVAN 208B,C208,Cessna,Cessna 208 Grand Caravan,FW,9,9,passenger,ns-oper.pdf,2026-08-31,2026-08-31
VT-VAP,80061C,Sai Construction,Sai Construction Pvt. Ltd.,non-scheduled,#04/2025,2030-02-18,Hawker800XP,H25B,Hawker Beechcraft,Hawker 800/850/900,FW,8,8,passenger,ns-oper.pdf,2026-08-31,2026-08-31
VT-VBS,,Jhankar Aviation,Jhankar Aviation Pvt. Ltd.,non-scheduled,#13/2022,2027-11-10,King Air C90A,BE9L,Beechcraft,Beechcraft King Air C90,FW,6,6,passenger,ns-oper.pdf,2026-08-31,2026-08-31
VT-VEL,801494,Pinnacle Air,Pinnacle Air Pvt. Ltd.,non-scheduled,#25/2008,2028-10-02,G-200,GALX,Gulfstream,Gulfstream G200,FW,9,9,passenger,ns-oper.pdf,2026-08-31,2026-08-31
VT-VIK,80177F,Rithwik Green Power and Aviation,Rithwik Green Power and Aviation Pvt. Ltd.,non-scheduled,#12/2022,2027-10-25,EMB-135 (LEGACY 600),E35L,Embraer,Embraer Legacy 600/650,FW,13,13,passenger,ns-oper.pdf,2026-08-31,2026-08-31
VT-VIN,8014EC,Rithwik Green Power and Aviation,Rithwik Green Power and Aviation Pvt. Ltd.,non-scheduled,#12/2022,2027-10-25,King Air B200 GT,BE20,Beechcraft,Beechcraft King Air 200,FW,8,8,passenger,ns-oper.pdf,2026-08-31,2026-08-31
VT-VKK,801555,IndiaOne Air,India One Air Private Limited,scheduled,SC-09,2027-06-23,Cessna Grand Caravan 208B,C208,Cessna,Cessna 208 Grand Caravan,FW,9,9,passenger,sch-oper.pdf,2026-08-31,2024-06-10
VT-VNS,8013CA,Air India Express,Air India Express Ltd.,scheduled,S-14,2028-04-21,A320-216,A320,Airbus,Airbus A320,FW,180,180,passenger,sch-oper.pdf,2026-08-31,2024-06-10
VT-VRA,8014FC,VSR Ventures,VSR Ventures Pvt. Ltd.,non-scheduled,#07/2014,2028-04-20,LEARJET-40 XR,LJ45,Bombardier,Learjet,FW,7,7,passenger,ns-oper.pdf,2026-08-31,2026-08-31
VT-VRL,800436,NIBE AERONAUTICS,NIBE AERONAUTICS LIMITED,non-scheduled,#06/2025,2029-05-27,BEECHCRAFT PREMIER 1A,PRM1,Hawker Beechcraft,Beechcraft Premier I,FW,6,6,passenger,ns-oper.pdf,2026-08-31,2026-08-31
VT-VRR,8014E7,VSR Ventures,VSR Ventures Pvt. Ltd.,non-scheduled,#07/2014,2028-04-20,LEARJET-45XR,LJ45,Bombardier,Learjet,FW,9,9,passenger,ns-oper.pdf,2026-08-31,2026-08-31
VT-VRS,800D4E,VSR Ventures,VSR Ventures Pvt. Ltd.,non-scheduled,#07/2014,2028-04-20,LEARJET-40XR,LJ45,Bombardier,Learjet,FW,7,7,passenger,ns-oper.pdf,2026-08-31,2026-08-31
VT-VRV,8014E3,VSR Ventures,VSR Ventures Pvt. Ltd.,non-scheduled,#07/2014,2028-04-20,LEARJET-45 XR,LJ45,Bombardier,Learjet,FW,9,9,passenger,ns-oper.pdf,2026-08-31,2026-08-31
VT-VSB,,Kestrel Aviation,Kestrel Aviation Pvt. Ltd.,non-scheduled,#14/2008,2029-05-08,AS350B3E,B350,Beechcraft,Beechcraft King Air 350,RW,6,6,passenger,ns-oper.pdf,2026-08-31,2026-08-31
VT-VSG,80167A,VSR Ventures,VSR Ventures Pvt. Ltd.,non-scheduled,#07/2014,2028-04-20,EMB 135 (Legacy600),E35L,Embraer,Embraer Legacy 600/650,FW,13,13,passenger,ns-oper.pdf,2026-08-31,2026-08-31
VT-VSK,,Kestrel Aviation,Kestrel Aviation Pvt. Ltd.,non-scheduled,#14/2008,2029-05-08,AS350B3E,B350,Beechcraft,Beechcraft King Air 350,RW,6,6,passenger,ns-oper.pdf,2026-08-31,2026-08-31
VT-VSR,800610,Golden Crane Aviation,Golden Crane Aviation Pvt. Ltd.,non-scheduled,#03/2023,2028-03-08,Agusta A109E,A109,Leonardo,Leonardo AW109,RW,6,6,passenger,ns-oper.pdf,2026-08-31,2026-08-31
VT-VSS,8015FF,VSR Ventures,VSR Ventures Pvt. Ltd.,non-scheduled,#07/2014,2028-04-20,EMB 135 (Legacy600),E35L,Embraer,Embraer Legacy 600/650,FW,13,13,passenger,ns-oper.pdf,2026-08-31,2026-08-31
VT-VSV,80180A,VSR Ventures,VSR Ventures Pvt. Ltd.,non-scheduled,#07/2014,2028-04-20,EMB 135 BJ (Legacy650),E35L,Embraer,Embraer Legacy 600/650,FW,14,14,passenger,ns-oper.pdf,2026-08-31,2026-08-31
VT-VTZ,800CE4,Air India Express,Air India Express Ltd.,scheduled,S-14,2028-04-21,A320-214,A320,Airbus,Airbus A320,FW,180,180,passenger,sch-oper.pdf,2026-08-31,2024-06-10
VT-WCL,8014A8,Property Ventures (India),Property Ventures (India) Pvt. Ltd.,non-scheduled,#04/2022,2027-04-18,AW169,A169,Leonardo,Leonardo AW169,RW,7,7,passenger,ns-oper.pdf,2026-08-31,2026-08-31
VT-WOW,,E-Factor Adventure Tourism (P),E-Factor Adventure Tourism (P) Ltd.,non-scheduled,#1/2008,2029-01-01,CAMERON A-105 (HOT AIR BALLOON),BALL,Hot air balloon,Hot air balloon,B,5,5,passenger,ns-oper.pdf,2026-08-31,2026-08-31
VT-XIA,8015DE,Aviation Connectivity & Infrastructure Developers Pvt,Aviation Connectivity & Infrastructure Developers Pvt.,non-scheduled,#07/2023,2028-07-02,TECNAM P2010TDI,P06T,Tecnam,Tecnam P2006T,FW,3,3,passenger,ns-oper.pdf,2026-08-31,2026-08-31
VT-XIB,80164A,Aviation Connectivity & Infrastructure Developers Pvt,Aviation Connectivity & Infrastructure Developers Pvt.,non-scheduled,#07/2023,2028-07-02,TECNAM P2010TDI,P06T,Tecnam,Tecnam P2006T,FW,3,3,passenger,ns-oper.pdf,2026-08-31,2026-08-31
VT-YAA,8014E6,Akasa Air,SNV Aviation Pvt. Ltd.,scheduled,S-33,2027-07-06,B737-8,B38M,Boeing,Boeing 737-8,FW,189,189,passenger,sch-oper.pdf,2026-08-31,2024-06-10
VT-YAB,8014F2,Akasa Air,SNV Aviation Pvt. Ltd.,scheduled,S-33,2027-07-06,B737-8,B38M,Boeing,Boeing 737-8,FW,189,189,passenger,sch-oper.pdf,2026-08-31,2024-06-10
VT-YAC,8014F8,Akasa Air,SNV Aviation Pvt. Ltd.,scheduled,S-33,2027-07-06,B737-8,B38M,Boeing,Boeing 737-8,FW,189,189,passenger,sch-oper.pdf,2026-08-31,2024-06-10
VT-YAD,8014FD,Akasa Air,SNV Aviation Pvt. Ltd.,scheduled,S-33,2027-07-06,B737-8,B38M,Boeing,Boeing 737-8,FW,189,189,passenger,sch-oper.pdf,2026-08-31,2024-06-10
VT-YAE,8014FE,Akasa Air,SNV Aviation Pvt. Ltd.,scheduled,S-33,2027-07-06,B737-8,B38M,Boeing,Boeing 737-8,FW,189,189,passenger,sch-oper.pdf,2026-08-31,2024-06-10
VT-YAF,801509,Akasa Air,SNV Aviation Pvt. Ltd.,scheduled,S-33,2027-07-06,B737-8,B38M,Boeing,Boeing 737-8,FW,189,189,passenger,sch-oper.pdf,2026-08-31,2024-06-10
VT-YAG,801524,Akasa Air,SNV Aviation Pvt. Ltd.,scheduled,S-33,2027-07-06,B737-8,B38M,Boeing,Boeing 737-8,FW,189,189,passenger,sch-oper.pdf,2026-08-31,2024-06-10
VT-YAH,801526,Akasa Air,SNV Aviation Pvt. Ltd.,scheduled,S-33,2027-07-06,B737-8,B38M,Boeing,Boeing 737-8,FW,189,189,passenger,sch-oper.pdf,2026-08-31,2024-06-10
VT-YAI,801508,Akasa Air,SNV Aviation Pvt. Ltd.,scheduled,S-33,2027-07-06,B737-8,B38M,Boeing,Boeing 737-8,FW,189,189,passenger,sch-oper.pdf,2026-08-31,2024-06-10
VT-YAJ,801539,Akasa Air,SNV Aviation Pvt. Ltd.,scheduled,S-33,2027-07-06,B737-8,B38M,Boeing,Boeing 737-8,FW,189,189,passenger,sch-oper.pdf,2026-08-31,2024-06-10
VT-YAK,801546,Akasa Air,SNV Aviation Pvt. Ltd.,scheduled,S-33,2027-07-06,B737-8,B38M,Boeing,Boeing 737-8,FW,189,189,passenger,sch-oper.pdf,2026-08-31,2024-06-10
VT-YAL,801547,Akasa Air,SNV Aviation Pvt. Ltd.,scheduled,S-33,2027-07-06,B737-8,B38M,Boeing,Boeing 737-8,FW,189,189,passenger,sch-oper.pdf,2026-08-31,2024-06-10
VT-YAM,801548,Akasa Air,SNV Aviation Pvt. Ltd.,scheduled,S-33,2027-07-06,B737-8,B38M,Boeing,Boeing 737-8,FW,189,189,passenger,sch-oper.pdf,2026-08-31,2024-06-10
VT-YAN,8014A7,Arrow Aircrafts Sales & Charters,Arrow Aircrafts Sales & Charters,non-scheduled,#4/2014,2028-03-10,BEECH SKA B200GT,BE20,Beechcraft,Beechcraft King Air 200,FW,9,9,passenger,ns-oper.pdf,2026-08-31,2026-08-31
VT-YAO,801549,Akasa Air,SNV Aviation Pvt. Ltd.,scheduled,S-33,2027-07-06,B737-8,B38M,Boeing,Boeing 737-8,FW,189,189,passenger,sch-oper.pdf,2026-08-31,2024-06-10
VT-YAP,80154A,Akasa Air,SNV Aviation Pvt. Ltd.,scheduled,S-33,2027-07-06,B737-8,B38M,Boeing,Boeing 737-8,FW,189,189,passenger,sch-oper.pdf,2026-08-31,2024-06-10
VT-YAQ,80155D,Akasa Air,SNV Aviation Pvt. Ltd.,scheduled,S-33,2027-07-06,B737-8,B38M,Boeing,Boeing 737-8,FW,189,189,passenger,sch-oper.pdf,2026-08-31,2024-06-10
VT-YAR,80157C,Akasa Air,SNV Aviation Pvt. Ltd.,scheduled,S-33,2027-07-06,B737-8,B38M,Boeing,Boeing 737-8,FW,189,189,passenger,sch-oper.pdf,2026-08-31,2024-06-10
VT-YAS,80157A,Akasa Air,SNV Aviation Pvt. Ltd.,scheduled,S-33,2027-07-06,B737-8,B38M,Boeing,Boeing 737-8,FW,189,189,passenger,sch-oper.pdf,2026-08-31,2024-06-10
VT-YAT,801587,Akasa Air,SNV Aviation Pvt. Ltd.,scheduled,S-33,2027-07-06,B737-8,B38M,Boeing,Boeing 737-8,FW,189,189,passenger,sch-oper.pdf,2026-08-31,2024-06-10
VT-YAU,80161E,Akasa Air,SNV Aviation Pvt. Ltd.,scheduled,S-33,2027-07-06,B737-8,B38M,Boeing,Boeing 737-8,FW,189,189,passenger,sch-oper.pdf,2026-08-31,2024-06-10
VT-YAV,8015AB,Akasa Air,SNV Aviation Pvt. Ltd.,scheduled,S-33,2027-07-06,B737-8200,B38M,Boeing,Boeing 737-8-200,FW,197,197,passenger,sch-oper.pdf,2026-08-31,2024-06-10
VT-YAW,80161D,Akasa Air,SNV Aviation Pvt. Ltd.,scheduled,S-33,2027-07-06,B737-8,B38M,Boeing,Boeing 737-8,FW,189,189,passenger,sch-oper.pdf,2026-08-31,2024-06-10
VT-YAX,801633,Akasa Air,SNV Aviation Pvt. Ltd.,scheduled,S-33,2027-07-06,B737-8,B38M,Boeing,Boeing 737-8,FW,189,189,passenger,sch-oper.pdf,2026-08-31,2024-06-10
VT-YBA,801632,Akasa Air,SNV Aviation Pvt. Ltd.,scheduled,S-33,2027-07-06,B737-8,B38M,Boeing,Boeing 737-8,FW,189,189,passenger,sch-oper.pdf,2026-08-31,2024-06-10
VT-YBB,80166A,Akasa Air,SNV Aviation Pvt. Ltd.,scheduled,S-33,2027-07-06,B737-8200,B38M,Boeing,Boeing 737-8-200,FW,197,197,passenger,sch-oper.pdf,2026-08-31,2026-08-31
VT-YBC,80169E,Akasa Air,SNV Aviation Pvt. Ltd.,scheduled,S-33,2027-07-06,B737-8200,B38M,Boeing,Boeing 737-8-200,FW,197,197,passenger,sch-oper.pdf,2026-08-31,2026-08-31
VT-YBD,8016A1,Akasa Air,SNV Aviation Pvt. Ltd.,scheduled,S-33,2027-07-06,B737-8200,B38M,Boeing,Boeing 737-8-200,FW,197,197,passenger,sch-oper.pdf,2026-08-31,2026-08-31
VT-YBE,8016A2,Akasa Air,SNV Aviation Pvt. Ltd.,scheduled,S-33,2027-07-06,B737-8200,B38M,Boeing,Boeing 737-8-200,FW,197,197,passenger,sch-oper.pdf,2026-08-31,2026-08-31
VT-YBF,801786,Akasa Air,SNV Aviation Pvt. Ltd.,scheduled,S-33,2027-07-06,B737-8200,B38M,Boeing,Boeing 737-8-200,FW,197,197,passenger,sch-oper.pdf,2026-08-31,2026-08-31
VT-YBG,801785,Akasa Air,SNV Aviation Pvt. Ltd.,scheduled,S-33,2027-07-06,B737-8200,B38M,Boeing,Boeing 737-8-200,FW,197,197,passenger,sch-oper.pdf,2026-08-31,2026-08-31
VT-YBH,80179B,Akasa Air,SNV Aviation Pvt. Ltd.,scheduled,S-33,2027-07-06,B737-8200,B38M,Boeing,Boeing 737-8-200,FW,197,197,passenger,sch-oper.pdf,2026-08-31,2026-08-31
VT-YBI,8017E3,Akasa Air,SNV Aviation Pvt. Ltd.,scheduled,S-33,2027-07-06,B737-8200,B38M,Boeing,Boeing 737-8-200,FW,197,197,passenger,sch-oper.pdf,2026-08-31,2026-08-31
VT-YBJ,801811,Akasa Air,SNV Aviation Pvt. Ltd.,scheduled,S-33,2027-07-06,B737-8200,B38M,Boeing,Boeing 737-8-200,FW,197,197,passenger,sch-oper.pdf,2026-08-31,2026-08-31
VT-YBK,801810,Akasa Air,SNV Aviation Pvt. Ltd.,scheduled,S-33,2027-07-06,B737-8200,B38M,Boeing,Boeing 737-8-200,FW,197,197,passenger,sch-oper.pdf,2026-08-31,2026-08-31
VT-YBL,801831,Akasa Air,SNV Aviation Pvt. Ltd.,scheduled,S-33,2027-07-06,B737-8200,B38M,Boeing,Boeing 737-8-200,FW,197,197,passenger,sch-oper.pdf,2026-08-31,2026-08-31
VT-YBM,801832,Akasa Air,SNV Aviation Pvt. Ltd.,scheduled,S-33,2027-07-06,B737-8200,B38M,Boeing,Boeing 737-8-200,FW,197,197,passenger,sch-oper.pdf,2026-08-31,2026-08-31
VT-YBN,,Akasa Air,SNV Aviation Pvt. Ltd.,scheduled,S-33,2027-07-06,B737-8200,B38M,Boeing,Boeing 737-8-200,FW,197,197,passenger,sch-oper.pdf,2026-08-31,2026-08-31
VT-YBO,801835,Akasa Air,SNV Aviation Pvt. Ltd.,scheduled,S-33,2027-07-06,B737-8200,B38M,Boeing,Boeing 737-8-200,FW,197,197,passenger,sch-oper.pdf,2026-08-31,2026-08-31
VT-YBP,801833,Akasa Air,SNV Aviation Pvt. Ltd.,scheduled,S-33,2027-07-06,B737-8200,B38M,Boeing,Boeing 737-8-200,FW,197,197,passenger,sch-oper.pdf,2026-08-31,2026-08-31
VT-YBQ,801834,Akasa Air,SNV Aviation Pvt. Ltd.,scheduled,S-33,2027-07-06,B737-8200,B38M,Boeing,Boeing 737-8-200,FW,197,197,passenger,sch-oper.pdf,2026-08-31,2026-08-31
VT-YBR,8018C2,Akasa Air,SNV Aviation Pvt. Ltd.,scheduled,S-33,2027-07-06,B737-8200,B38M,Boeing,Boeing 737-8-200,FW,197,197,passenger,sch-oper.pdf,2026-08-31,2026-08-31
VT-YUD,,Aerokalinga Aviation,Aerokalinga Aviation Pvt. Ltd.,non-scheduled,#17/2025,2030-10-15,Beech Super King Air B200,BE20,Beechcraft,Beechcraft King Air 200,FW,8,8,passenger,ns-oper.pdf,2026-08-31,2026-08-31
VT-YVV,8018D8,Air Charters Services,Air Charters Services Pvt. Ltd.,non-scheduled,#15/2008,2029-05-14,Falcon 6X,FA6X,Dassault,Dassault Falcon,FW,14,14,passenger,ns-oper.pdf,2026-08-31,2026-08-31
VT-ZEN,,Indo Pacific Aviation,Indo Pacific Aviation Pvt. Ltd.,non-scheduled,#03/1997,2028-10-14,AW109SP,A109,Leonardo,Leonardo AW109,RW,6,6,passenger,ns-oper.pdf,2026-08-31,2026-08-31
VT-ZIN,,Dhillon Aviation,Dhillon Aviation Pvt. Ltd.,non-scheduled,#5/2005,2028-09-07,BELL206 L4,B06,Bell,Bell 206 JetRanger,RW,6,6/Aerial Work,aerial-work,ns-oper.pdf,2026-08-31,2026-08-31
VT-ZJM,,Jet Serve Aviation,Jet Serve Aviation Pvt. Ltd.,non-scheduled,#02/2017,2029-02-09,ROBINSON-44 RAVEN II,R44,Robinson,Robinson R44,RW,3,3/Aerial Work,aerial-work,ns-oper.pdf,2026-08-31,2026-08-31
VT-ZST,800709,Dunes Aviation,Dunes Aviation Private Limited,non-scheduled,#08/2024,2029-10-13,CHALLENGER CL 600-2B16-CL 604,CL60,Bombardier,Bombardier Challenger,FW,9,9,passenger,ns-oper.pdf,2026-08-31,2026-08-31
VT-ZTP,80178D,Zest Aviation,Zest Aviation Pvt. Ltd.,non-scheduled,#07/2012,2028-06-27,BD-700-1A11 (GLOBAL 5500),GL5T,Bombardier,Bombardier Global 5000/5500/6000/6500,FW,13,13,passenger,ns-oper.pdf,2026-08-31,2026-08-31
VT-ZTT,801660,Zest Aviation,Zest Aviation Pvt. Ltd.,non-scheduled,#07/2012,2028-06-27,CHALLENGER 650 CL-600-2B16,CL60,Bombardier,Bombardier Challenger 600 series,FW,10,10,passenger,ns-oper.pdf,2026-08-31,2026-08-31